formula,entry_id,user_id,submitted_at,entry_status,entry_score_cache,score_before_submission,entries_so_far_that_day,would_allow_submission,allowed_posts,unlimited,next_score_required
A_simple_7d_entry_example_1x_threshold_0_3_6,5331584a-56bb-46d0-9493-56b622c9e4bf,a57f0fd6-6977-43c3-86bb-cd34ef2a7a29,2026-03-14 18:40:57.454405+00:00,approved,1,1.0,0,True,1.0,False,2.0
A_simple_7d_entry_example_1x_threshold_0_3_6,32262f76-1a59-43d6-9a94-840a38a79439,a57f0fd6-6977-43c3-86bb-cd34ef2a7a29,2026-03-14 18:54:05.649655+00:00,approved,0,1.0,1,False,1.0,False,2.0
A_simple_7d_entry_example_1x_threshold_0_3_6,e38bbdb3-dab1-4f9c-8956-21842cdf509b,a57f0fd6-6977-43c3-86bb-cd34ef2a7a29,2026-03-14 20:07:34.507547+00:00,approved,0,1.0,2,False,1.0,False,2.0
A_simple_7d_entry_example_1x_threshold_0_3_6,c106ddb2-8db7-44a3-942d-cacf45f27430,a57f0fd6-6977-43c3-86bb-cd34ef2a7a29,2026-03-14 20:18:35.154922+00:00,approved,-1,1.0,3,False,1.0,False,2.0
A_simple_7d_entry_example_1x_threshold_0_3_6,393477f3-c9f7-49f2-a6e5-025c8ea2ca3f,60264769-e015-4dba-b2f4-6bfdffed12b3,2026-03-14 20:35:41.056139+00:00,approved,3,0.0,0,True,1.0,False,3.0
A_simple_7d_entry_example_1x_threshold_0_3_6,61866180-9717-41cc-8e26-f90cd8775298,a57f0fd6-6977-43c3-86bb-cd34ef2a7a29,2026-03-14 20:54:18.168454+00:00,approved,1,1.0,4,False,1.0,False,2.0
A_simple_7d_entry_example_1x_threshold_0_3_6,449a3467-b150-4f07-9ed7-3a3804f6f525,68094f87-01d0-4966-aae7-21eb452e918d,2026-03-14 21:15:17.675527+00:00,approved,2,0.0,0,True,1.0,False,3.0
A_simple_7d_entry_example_1x_threshold_0_3_6,d3772e60-a8c7-4ad7-ad14-4e30f67ef7ed,a57f0fd6-6977-43c3-86bb-cd34ef2a7a29,2026-03-14 21:26:35.667080+00:00,approved,0,1.0,5,False,1.0,False,2.0
A_simple_7d_entry_example_1x_threshold_0_3_6,a6e2e580-3be5-411b-8ece-7b2b12663cf7,a57f0fd6-6977-43c3-86bb-cd34ef2a7a29,2026-03-14 21:34:28.210456+00:00,approved,1,1.0,6,False,1.0,False,2.0
A_simple_7d_entry_example_1x_threshold_0_3_6,c33c69e0-9ab8-401f-8b56-d1f8a735649f,69ce191d-25f7-4ae6-b5fc-26bdc90e84aa,2026-03-14 22:45:39.748380+00:00,rejected,0,9.0,0,True,,True,0.0
A_simple_7d_entry_example_1x_threshold_0_3_6,f605b9e6-29c7-49a0-adfc-b8f4138f32a3,69ce191d-25f7-4ae6-b5fc-26bdc90e84aa,2026-03-14 22:50:32.694247+00:00,rejected,0,9.0,1,True,,True,0.0
A_simple_7d_entry_example_1x_threshold_0_3_6,6250524e-c541-4d10-bab9-ea97aabacb43,69ce191d-25f7-4ae6-b5fc-26bdc90e84aa,2026-03-15 00:41:50.652765+00:00,approved,1,10.0,0,True,,True,0.0
A_simple_7d_entry_example_1x_threshold_0_3_6,6752d281-bca4-45dc-af62-e8ffdbb6df8e,69ce191d-25f7-4ae6-b5fc-26bdc90e84aa,2026-03-15 02:47:58.927216+00:00,approved,1,10.0,1,True,,True,0.0
A_simple_7d_entry_example_1x_threshold_0_3_6,9a275745-4d67-4fac-ad72-dd5f78b54891,69ce191d-25f7-4ae6-b5fc-26bdc90e84aa,2026-03-15 12:36:10.145621+00:00,approved,0,10.0,2,True,,True,0.0
A_simple_7d_entry_example_1x_threshold_0_3_6,0f077339-92ef-453d-8e12-bf329e96840b,a57f0fd6-6977-43c3-86bb-cd34ef2a7a29,2026-03-15 13:53:41.279663+00:00,approved,2,3.0,0,True,2.0,False,3.0
A_simple_7d_entry_example_1x_threshold_0_3_6,05a7c900-212c-47d0-a604-08d140972f39,69ce191d-25f7-4ae6-b5fc-26bdc90e84aa,2026-03-15 13:54:25.369228+00:00,approved,2,10.0,3,True,,True,0.0
A_simple_7d_entry_example_1x_threshold_0_3_6,f64ac8c8-2cb4-45cf-99a0-82e63aa16cb2,a57f0fd6-6977-43c3-86bb-cd34ef2a7a29,2026-03-15 14:50:21.225860+00:00,approved,3,3.0,1,True,2.0,False,3.0
A_simple_7d_entry_example_1x_threshold_0_3_6,02ca4dcf-9767-4ca0-b57e-cfbea954d3ba,a57f0fd6-6977-43c3-86bb-cd34ef2a7a29,2026-03-15 15:00:20.072486+00:00,approved,1,3.0,2,False,2.0,False,3.0
A_simple_7d_entry_example_1x_threshold_0_3_6,595627e7-5482-4e29-8b00-817bc0024341,a57f0fd6-6977-43c3-86bb-cd34ef2a7a29,2026-03-16 10:27:01.354071+00:00,approved,1,5.0,0,True,2.0,False,1.0
A_simple_7d_entry_example_1x_threshold_0_3_6,aeef017d-33b4-4175-b9c9-b4bd065a1fcd,10293b59-6af4-4de0-9a6d-b87c2ed343a1,2026-03-16 15:28:13.382405+00:00,approved,2,0.0,0,True,1.0,False,3.0
A_simple_7d_entry_example_1x_threshold_0_3_6,690426b4-a430-4b09-b9e9-a19aa2737b42,8f2ee531-41f7-4433-a49a-712adb50c585,2026-03-16 15:39:23.355309+00:00,approved,3,0.0,0,True,1.0,False,3.0
A_simple_7d_entry_example_1x_threshold_0_3_6,1de3eb0a-a6a5-4ba3-a24c-3c87e83ee7f3,8f2ee531-41f7-4433-a49a-712adb50c585,2026-03-16 15:46:52.287348+00:00,approved,2,0.0,1,False,1.0,False,3.0
A_simple_7d_entry_example_1x_threshold_0_3_6,8e1eaeb9-6bd0-4a03-95d5-1c70ba7dd28b,8f2ee531-41f7-4433-a49a-712adb50c585,2026-03-16 15:58:53.504299+00:00,approved,1,0.0,2,False,1.0,False,3.0
A_simple_7d_entry_example_1x_threshold_0_3_6,7d41ac98-8b30-44e7-a06f-bf54f2061b0d,8f2ee531-41f7-4433-a49a-712adb50c585,2026-03-16 16:04:07.212810+00:00,pending,0,0.0,3,False,1.0,False,3.0
A_simple_7d_entry_example_1x_threshold_0_3_6,d75c2ac8-8787-41c8-b255-55f8c28bec7b,8f2ee531-41f7-4433-a49a-712adb50c585,2026-03-16 16:08:26.937596+00:00,approved,1,0.0,4,False,1.0,False,3.0
A_simple_7d_entry_example_1x_threshold_0_3_6,a41727d6-20d6-4b81-961f-915ca3bf2196,8f2ee531-41f7-4433-a49a-712adb50c585,2026-03-16 16:13:10.493301+00:00,approved,4,0.0,5,False,1.0,False,3.0
A_simple_7d_entry_example_1x_threshold_0_3_6,1e4a525f-8ed6-4ac1-9209-53b24434739b,a57f0fd6-6977-43c3-86bb-cd34ef2a7a29,2026-03-16 16:37:45.247056+00:00,approved,1,13.0,1,True,,True,0.0
A_simple_7d_entry_example_1x_threshold_0_3_6,66c9a1a9-81d1-4976-80bb-bebfae5be88e,a57f0fd6-6977-43c3-86bb-cd34ef2a7a29,2026-03-16 16:53:37.868843+00:00,approved,1,13.0,2,True,,True,0.0
A_simple_7d_entry_example_1x_threshold_0_3_6,4aaa6014-d8b3-45dd-ba59-8b49c9948665,36e75d85-db7f-499d-8d6b-ee983421a046,2026-03-16 17:41:51.212050+00:00,approved,2,0.0,0,True,1.0,False,3.0
A_simple_7d_entry_example_1x_threshold_0_3_6,4b1e0615-6f87-4a75-9a64-5fab90bd763a,36e75d85-db7f-499d-8d6b-ee983421a046,2026-03-16 17:50:35.625234+00:00,pending,0,0.0,1,False,1.0,False,3.0
A_simple_7d_entry_example_1x_threshold_0_3_6,c449a355-4fae-426f-98cb-1b5538b688d5,36e75d85-db7f-499d-8d6b-ee983421a046,2026-03-16 17:55:09.206859+00:00,approved,1,0.0,2,False,1.0,False,3.0
A_simple_7d_entry_example_1x_threshold_0_3_6,21114c30-137b-4f51-b197-eef3673caadd,36e75d85-db7f-499d-8d6b-ee983421a046,2026-03-16 17:58:34.654377+00:00,approved,2,0.0,3,False,1.0,False,3.0
A_simple_7d_entry_example_1x_threshold_0_3_6,1c66ddd2-7036-4c2f-a514-234b6fc453c5,36e75d85-db7f-499d-8d6b-ee983421a046,2026-03-16 18:04:20.908920+00:00,approved,1,0.0,4,False,1.0,False,3.0
A_simple_7d_entry_example_1x_threshold_0_3_6,8b6021d1-ac56-4778-8a6f-6ed1a30138ca,36e75d85-db7f-499d-8d6b-ee983421a046,2026-03-16 18:08:15.920953+00:00,pending,0,0.0,5,False,1.0,False,3.0
A_simple_7d_entry_example_1x_threshold_0_3_6,e267eb2b-9598-4f0f-9fba-a07fb73b5173,36e75d85-db7f-499d-8d6b-ee983421a046,2026-03-16 18:12:11.007718+00:00,pending,0,0.0,6,False,1.0,False,3.0
A_simple_7d_entry_example_1x_threshold_0_3_6,433c9453-c3ee-4ada-b85a-441711c227c5,36e75d85-db7f-499d-8d6b-ee983421a046,2026-03-16 18:26:38.197371+00:00,pending,-1,1.0,7,False,1.0,False,2.0
A_simple_7d_entry_example_1x_threshold_0_3_6,5d62e42e-fc95-403a-b265-dd56eb40b260,36e75d85-db7f-499d-8d6b-ee983421a046,2026-03-16 18:28:42.441781+00:00,approved,1,1.0,8,False,1.0,False,2.0
A_simple_7d_entry_example_1x_threshold_0_3_6,63a6fc40-0d1e-4fde-9cd6-50f41df5ffc6,36e75d85-db7f-499d-8d6b-ee983421a046,2026-03-16 19:32:00.877372+00:00,pending,1,1.0,9,False,1.0,False,2.0
A_simple_7d_entry_example_1x_threshold_0_3_6,a58b2fdd-5377-41f3-8e14-d8a793af1942,36e75d85-db7f-499d-8d6b-ee983421a046,2026-03-16 20:00:55.490116+00:00,pending,0,1.0,10,False,1.0,False,2.0
A_simple_7d_entry_example_1x_threshold_0_3_6,2f9a9db3-10e4-4ae3-bd86-bfd2041bfeb1,36e75d85-db7f-499d-8d6b-ee983421a046,2026-03-16 20:26:15.397670+00:00,approved,1,1.0,11,False,1.0,False,2.0
A_simple_7d_entry_example_1x_threshold_0_3_6,ffcc8121-91cb-40c2-ab36-4b8f94889260,36e75d85-db7f-499d-8d6b-ee983421a046,2026-03-16 20:39:57.894230+00:00,pending,1,1.0,12,False,1.0,False,2.0
A_simple_7d_entry_example_1x_threshold_0_3_6,f84f7d7c-802f-41ee-88ec-c8ea3073cbf5,36e75d85-db7f-499d-8d6b-ee983421a046,2026-03-16 22:38:02.462374+00:00,approved,1,2.0,13,False,1.0,False,1.0
A_simple_7d_entry_example_1x_threshold_0_3_6,57e222a9-1143-416b-b24f-fb170a059722,36e75d85-db7f-499d-8d6b-ee983421a046,2026-03-16 22:43:43.457705+00:00,approved,1,2.0,14,False,1.0,False,1.0
A_simple_7d_entry_example_1x_threshold_0_3_6,9faa7537-17b1-4492-8399-a67cf278e5f1,36e75d85-db7f-499d-8d6b-ee983421a046,2026-03-16 23:27:26.123294+00:00,approved,1,2.0,15,False,1.0,False,1.0
A_simple_7d_entry_example_1x_threshold_0_3_6,9c6412f6-86a4-4932-95b1-b1aa8e604735,36e75d85-db7f-499d-8d6b-ee983421a046,2026-03-16 23:46:13.726291+00:00,approved,2,2.0,16,False,1.0,False,1.0
A_simple_7d_entry_example_1x_threshold_0_3_6,48d8dcc8-692b-4156-aa4f-625f8aea1661,36e75d85-db7f-499d-8d6b-ee983421a046,2026-03-17 00:09:10.369848+00:00,approved,1,2.0,0,True,1.0,False,1.0
A_simple_7d_entry_example_1x_threshold_0_3_6,c7092743-11a3-42bb-86e5-7e8117a5757f,36e75d85-db7f-499d-8d6b-ee983421a046,2026-03-17 00:14:34.852001+00:00,pending,0,2.0,1,False,1.0,False,1.0
A_simple_7d_entry_example_1x_threshold_0_3_6,b51c9675-6b80-44f8-a229-cf44ccb88c92,36e75d85-db7f-499d-8d6b-ee983421a046,2026-03-17 00:19:54.819121+00:00,pending,0,2.0,2,False,1.0,False,1.0
A_simple_7d_entry_example_1x_threshold_0_3_6,ee9dc332-6561-477d-af1c-22cd1384e475,a57f0fd6-6977-43c3-86bb-cd34ef2a7a29,2026-03-17 18:49:43.545135+00:00,pending,0,13.0,0,True,,True,0.0
A_simple_7d_entry_example_1x_threshold_0_3_6,d5f1ee08-36df-40e6-8e6a-1c56e912594a,a57f0fd6-6977-43c3-86bb-cd34ef2a7a29,2026-03-17 18:58:47.606389+00:00,pending,2,13.0,1,True,,True,0.0
A_simple_7d_entry_example_1x_threshold_0_3_6,2ea36044-6d48-4371-8c5d-d955df6d68ea,a57f0fd6-6977-43c3-86bb-cd34ef2a7a29,2026-03-17 20:20:28.233580+00:00,pending,2,14.0,2,True,,True,0.0
A_simple_7d_entry_example_1x_threshold_0_3_6,8096ff40-3c0b-414e-a6e1-eef07aa99e7f,a57f0fd6-6977-43c3-86bb-cd34ef2a7a29,2026-03-17 20:26:15.254983+00:00,pending,2,14.0,3,True,,True,0.0
A_simple_7d_entry_example_1x_threshold_0_3_6,418e4cd0-6103-4f1b-9eaf-69931c1674c8,a3cd0e01-82b4-4a40-bbfd-448afbe493a5,2026-03-17 21:01:19.683095+00:00,pending,0,0.0,0,True,1.0,False,3.0
A_simple_7d_entry_example_1x_threshold_0_3_6,14752602-af47-46be-92b7-1006e2fd594c,cdbc2977-3feb-4b78-967e-7636db3986d5,2026-03-17 21:10:01.275748+00:00,pending,2,0.0,0,True,1.0,False,3.0
A_simple_7d_entry_example_1x_threshold_0_3_6,c311b020-b9b7-4474-be49-ecb53356f56c,cdbc2977-3feb-4b78-967e-7636db3986d5,2026-03-17 21:17:04.016034+00:00,pending,3,0.0,1,False,1.0,False,3.0
A_simple_7d_entry_example_1x_threshold_0_3_6,b397c158-17f5-4db5-aed6-af055438c82a,cdbc2977-3feb-4b78-967e-7636db3986d5,2026-03-17 21:29:05.622704+00:00,approved,2,0.0,2,False,1.0,False,3.0
A_simple_7d_entry_example_1x_threshold_0_3_6,19fe85b3-e0df-49ba-9aaa-c48ad5b6fcf4,cdbc2977-3feb-4b78-967e-7636db3986d5,2026-03-17 21:48:12.648546+00:00,pending,0,0.0,3,False,1.0,False,3.0
A_simple_7d_entry_example_1x_threshold_0_3_6,3427d60c-c677-4b79-bd9e-0c05512302bd,cdbc2977-3feb-4b78-967e-7636db3986d5,2026-03-17 21:54:05.533970+00:00,approved,1,0.0,4,False,1.0,False,3.0
A_simple_7d_entry_example_1x_threshold_0_3_6,a0b62e05-8af4-4fa3-be0d-0571bc14da76,cdbc2977-3feb-4b78-967e-7636db3986d5,2026-03-17 22:10:42.802094+00:00,approved,1,0.0,5,False,1.0,False,3.0
A_simple_7d_entry_example_1x_threshold_0_3_6,dfafca12-f628-4370-977b-59dd682e4375,cdbc2977-3feb-4b78-967e-7636db3986d5,2026-03-17 22:18:28.552148+00:00,approved,3,0.0,6,False,1.0,False,3.0
A_simple_7d_entry_example_1x_threshold_0_3_6,3ef7bfd5-624d-4768-a779-ece5c2f129a1,cdbc2977-3feb-4b78-967e-7636db3986d5,2026-03-17 22:36:31.395437+00:00,approved,1,0.0,7,False,1.0,False,3.0
A_simple_7d_entry_example_1x_threshold_0_3_6,0dddc6bb-3c37-4214-964c-77907c7601ea,36e75d85-db7f-499d-8d6b-ee983421a046,2026-03-18 00:58:51.421217+00:00,pending,0,4.0,0,True,2.0,False,2.0
A_simple_7d_entry_example_1x_threshold_0_3_6,c009a013-aeed-4725-9630-a88eaa40ebac,a57f0fd6-6977-43c3-86bb-cd34ef2a7a29,2026-03-18 02:57:16.836460+00:00,approved,1,14.0,0,True,,True,0.0
A_simple_7d_entry_example_1x_threshold_0_3_6,a3a49861-8ca9-4bd7-a8a0-7ca7c39e2ed4,a57f0fd6-6977-43c3-86bb-cd34ef2a7a29,2026-03-18 03:01:11.061988+00:00,approved,2,14.0,1,True,,True,0.0
A_simple_7d_entry_example_1x_threshold_0_3_6,0d1e4266-0db8-4823-bca4-32ed82383bc0,69ce191d-25f7-4ae6-b5fc-26bdc90e84aa,2026-03-18 15:24:05.807237+00:00,approved,1,28.0,0,True,,True,0.0
A_simple_7d_entry_example_1x_threshold_0_3_6,835de9cc-b5da-42e0-8f78-0c96ddcf42f6,a57f0fd6-6977-43c3-86bb-cd34ef2a7a29,2026-03-18 15:54:03.287158+00:00,approved,0,16.0,2,True,,True,0.0
A_simple_7d_entry_example_1x_threshold_0_3_6,dae06965-2c2a-4de2-ad93-eab99d273db4,a57f0fd6-6977-43c3-86bb-cd34ef2a7a29,2026-03-18 16:05:34.392396+00:00,approved,0,16.0,3,True,,True,0.0
A_simple_7d_entry_example_1x_threshold_0_3_6,ef677fa9-4d7e-41d4-a8d0-cdefb9b9bd52,a57f0fd6-6977-43c3-86bb-cd34ef2a7a29,2026-03-18 16:09:10.773825+00:00,approved,2,16.0,4,True,,True,0.0
A_simple_7d_entry_example_1x_threshold_0_3_6,0484e948-9f4b-4745-ab84-5b8e2e137c97,a57f0fd6-6977-43c3-86bb-cd34ef2a7a29,2026-03-18 16:28:36.712114+00:00,approved,1,16.0,5,True,,True,0.0
A_simple_7d_entry_example_1x_threshold_0_3_6,8d47ea60-8e9c-4e1e-9b90-308c1a5aa8dd,a57f0fd6-6977-43c3-86bb-cd34ef2a7a29,2026-03-18 16:31:51.909477+00:00,approved,-1,16.0,6,True,,True,0.0
A_simple_7d_entry_example_1x_threshold_0_3_6,9fb0874e-d656-4c62-bc9e-793f083c4aec,36e75d85-db7f-499d-8d6b-ee983421a046,2026-03-18 17:51:39.958836+00:00,pending,0,4.0,1,True,2.0,False,2.0
A_simple_7d_entry_example_1x_threshold_0_3_6,6111c7a3-134a-4bc6-9f9c-02d907550d59,36e75d85-db7f-499d-8d6b-ee983421a046,2026-03-18 18:06:03.180098+00:00,pending,0,4.0,2,False,2.0,False,2.0
A_simple_7d_entry_example_1x_threshold_0_3_6,2d70c0ee-49e2-40cc-8ef4-398a015b31ba,36e75d85-db7f-499d-8d6b-ee983421a046,2026-03-18 18:13:37.334836+00:00,pending,0,4.0,3,False,2.0,False,2.0
A_simple_7d_entry_example_1x_threshold_0_3_6,384fc819-2ab4-431d-8f75-5c0757e6b525,a57f0fd6-6977-43c3-86bb-cd34ef2a7a29,2026-03-18 18:19:02.925571+00:00,approved,1,16.0,7,True,,True,0.0
A_simple_7d_entry_example_1x_threshold_0_3_6,66461198-07c6-48c4-ab40-a02eb5d6bde7,36e75d85-db7f-499d-8d6b-ee983421a046,2026-03-18 18:20:18.239183+00:00,pending,0,4.0,4,False,2.0,False,2.0
A_simple_7d_entry_example_1x_threshold_0_3_6,67abe8d6-eb4b-4771-adf0-9fecffee7139,a57f0fd6-6977-43c3-86bb-cd34ef2a7a29,2026-03-19 18:29:05.346131+00:00,approved,1,16.0,0,True,,True,0.0
A_simple_7d_entry_example_1x_threshold_0_3_6,f85ed7c0-d67c-4d5a-9dfa-09eca6f5fcf7,a57f0fd6-6977-43c3-86bb-cd34ef2a7a29,2026-03-19 18:33:07.613704+00:00,approved,0,16.0,1,True,,True,0.0
A_simple_7d_entry_example_1x_threshold_0_3_6,9a8011df-915a-4a0d-9dcf-bd245536203d,a57f0fd6-6977-43c3-86bb-cd34ef2a7a29,2026-03-19 18:36:55.954681+00:00,approved,0,16.0,2,True,,True,0.0
A_simple_7d_entry_example_1x_threshold_0_3_6,e67af038-f163-4b95-8d31-8c003ca8318e,a57f0fd6-6977-43c3-86bb-cd34ef2a7a29,2026-03-19 18:39:26.892431+00:00,approved,0,16.0,3,True,,True,0.0
A_simple_7d_entry_example_1x_threshold_0_3_6,895dd77b-e931-4b45-bc3b-337dc5cab355,a57f0fd6-6977-43c3-86bb-cd34ef2a7a29,2026-03-19 18:41:22.002985+00:00,approved,0,16.0,4,True,,True,0.0
A_simple_7d_entry_example_1x_threshold_0_3_6,8ef6e1b0-dd24-4784-8aaa-51a26340a1a9,e118f03c-0bb2-4c81-903d-b02f4aa15f26,2026-03-20 12:31:25.048261+00:00,approved,1,1.0,0,True,1.0,False,2.0
A_simple_7d_entry_example_1x_threshold_0_3_6,d54d8072-5523-4404-9066-5ec556fea623,a57f0fd6-6977-43c3-86bb-cd34ef2a7a29,2026-03-20 13:18:19.806689+00:00,approved,0,29.0,0,True,,True,0.0
A_simple_7d_entry_example_1x_threshold_0_3_6,a8f8e90b-bf84-4c42-80c2-7c961cb8df24,e118f03c-0bb2-4c81-903d-b02f4aa15f26,2026-03-20 20:56:09.032185+00:00,approved,2,1.0,1,False,1.0,False,2.0
A_simple_7d_entry_example_1x_threshold_0_3_6,c3de7c3b-9136-4c78-82e3-9e478074b36e,a57f0fd6-6977-43c3-86bb-cd34ef2a7a29,2026-03-20 21:48:15.445281+00:00,approved,0,31.0,1,True,,True,0.0
A_simple_7d_entry_example_1x_threshold_0_3_6,7ccb6046-0ee7-49bd-a053-6a31624f6266,36e75d85-db7f-499d-8d6b-ee983421a046,2026-03-21 22:03:47.611550+00:00,pending,1,10.0,0,True,,True,0.0
A_simple_7d_entry_example_1x_threshold_0_3_6,8175e9d8-7fe3-4004-af4c-5e20150faf4f,fd9b7f36-2943-4ceb-b658-83c814782ac3,2026-03-23 16:01:44.463596+00:00,approved,3,0.0,0,True,1.0,False,3.0
A_simple_7d_entry_example_1x_threshold_0_3_6,7a87f3fb-fb63-49df-b252-314e9c2d979f,36e75d85-db7f-499d-8d6b-ee983421a046,2026-03-23 16:19:42.291725+00:00,pending,-2,11.0,0,True,,True,0.0
A_simple_7d_entry_example_1x_threshold_0_3_6,ccc8ddea-af31-4cf3-980e-a80c23c040bc,a57f0fd6-6977-43c3-86bb-cd34ef2a7a29,2026-03-23 20:07:13.840083+00:00,approved,1,18.0,0,True,,True,0.0
A_simple_7d_entry_example_1x_threshold_0_3_6,9abe6a8f-e1f0-40e8-a26b-e925b5da9d7f,a57f0fd6-6977-43c3-86bb-cd34ef2a7a29,2026-03-24 00:29:00.388204+00:00,approved,1,19.0,0,True,,True,0.0
A_simple_7d_entry_example_1x_threshold_0_3_6,d4b0dcb4-ad94-47f1-b879-9a849ea28078,ce6e5c8c-b2e1-4acd-89fe-b42fe49a86bc,2026-03-24 00:29:00.682685+00:00,approved,1,9.0,0,True,,True,0.0
A_simple_7d_entry_example_1x_threshold_0_3_6,2f5b98a7-ba9e-46ab-8371-93d9184220b5,a57f0fd6-6977-43c3-86bb-cd34ef2a7a29,2026-03-24 00:33:38.065395+00:00,approved,2,19.0,1,True,,True,0.0
A_simple_7d_entry_example_1x_threshold_0_3_6,46ca0aad-95f5-4fbd-960d-46f69c7e7b4b,a57f0fd6-6977-43c3-86bb-cd34ef2a7a29,2026-03-24 00:43:41.171414+00:00,approved,1,19.0,2,True,,True,0.0
A_simple_7d_entry_example_1x_threshold_0_3_6,710898ff-ce7e-4920-a828-3896c0baecbf,e118f03c-0bb2-4c81-903d-b02f4aa15f26,2026-03-24 00:43:44.593683+00:00,approved,1,0.0,0,True,1.0,False,3.0
A_simple_7d_entry_example_1x_threshold_0_3_6,f5f43cd0-bdfa-49aa-8f22-43ddfc5e4a7a,a57f0fd6-6977-43c3-86bb-cd34ef2a7a29,2026-03-24 00:50:19.133495+00:00,approved,0,19.0,3,True,,True,0.0
A_simple_7d_entry_example_1x_threshold_0_3_6,cb87c5b0-2bc5-46cf-aaba-4ee6b5f589f1,a57f0fd6-6977-43c3-86bb-cd34ef2a7a29,2026-03-24 00:55:31.737668+00:00,approved,0,21.0,4,True,,True,0.0
A_simple_7d_entry_example_1x_threshold_0_3_6,3989f0d8-2cea-4103-8c9a-27010f70bafd,a57f0fd6-6977-43c3-86bb-cd34ef2a7a29,2026-03-24 02:34:16.530377+00:00,approved,0,23.0,5,True,,True,0.0
A_simple_7d_entry_example_1x_threshold_0_3_6,98a17281-10ba-49d5-af16-cd6992c9f9bc,a57f0fd6-6977-43c3-86bb-cd34ef2a7a29,2026-03-24 13:25:46.923702+00:00,approved,0,23.0,6,True,,True,0.0
A_simple_7d_entry_example_1x_threshold_0_3_6,039e2055-8b61-4dbd-9999-0152e8d15509,69ce191d-25f7-4ae6-b5fc-26bdc90e84aa,2026-03-24 13:33:28.584503+00:00,approved,1,11.0,0,True,,True,0.0
A_simple_7d_entry_example_1x_threshold_0_3_6,50486d05-3d87-4323-91b2-41d3db524ab9,68094f87-01d0-4966-aae7-21eb452e918d,2026-03-24 13:49:35.111701+00:00,approved,1,0.0,0,True,1.0,False,3.0
A_simple_7d_entry_example_1x_threshold_0_3_6,40cb1f23-379a-4c3b-a365-9c75203aebfb,a57f0fd6-6977-43c3-86bb-cd34ef2a7a29,2026-03-24 13:58:55.232309+00:00,approved,0,23.0,7,True,,True,0.0
A_simple_7d_entry_example_1x_threshold_0_3_6,fe24a861-b46e-4c92-b031-bf2d434efca9,a57f0fd6-6977-43c3-86bb-cd34ef2a7a29,2026-03-24 14:08:26.910264+00:00,approved,1,25.0,8,True,,True,0.0
A_simple_7d_entry_example_1x_threshold_0_3_6,8bc389d6-4dbd-4646-a873-e09be9be7d42,f63c93e7-16f1-4495-8e5f-220cf1bd0587,2026-03-24 14:31:00.736632+00:00,approved,2,0.0,0,True,1.0,False,3.0
A_simple_7d_entry_example_1x_threshold_0_3_6,cf6e1226-db19-48c6-919b-e6d0afad6504,f63c93e7-16f1-4495-8e5f-220cf1bd0587,2026-03-24 14:35:55.424486+00:00,approved,2,0.0,1,False,1.0,False,3.0
A_simple_7d_entry_example_1x_threshold_0_3_6,5df003db-e875-476e-be06-c29095117b6f,ce6e5c8c-b2e1-4acd-89fe-b42fe49a86bc,2026-03-25 00:04:06.339787+00:00,approved,1,18.0,0,True,,True,0.0
A_simple_7d_entry_example_1x_threshold_0_3_6,41792c0f-bd2b-4346-9fd0-17bba1c412b6,36e75d85-db7f-499d-8d6b-ee983421a046,2026-03-25 00:15:56.900776+00:00,approved,2,7.0,0,True,,True,0.0
A_simple_7d_entry_example_1x_threshold_0_3_6,909fed24-4625-460b-81a3-95b29b105583,a57f0fd6-6977-43c3-86bb-cd34ef2a7a29,2026-03-25 02:43:59.972057+00:00,approved,0,29.0,0,True,,True,0.0
A_simple_7d_entry_example_1x_threshold_0_3_6,bd7afdaf-ebe7-4255-9e0e-9626a686a9b4,68094f87-01d0-4966-aae7-21eb452e918d,2026-03-25 03:41:26.813222+00:00,approved,1,0.0,0,True,1.0,False,3.0
A_simple_7d_entry_example_1x_threshold_0_3_6,4a15402c-a9f0-4441-846a-10155ff370b7,a57f0fd6-6977-43c3-86bb-cd34ef2a7a29,2026-03-25 03:46:24.362693+00:00,approved,1,30.0,1,True,,True,0.0
A_simple_7d_entry_example_1x_threshold_0_3_6,48a1f266-be42-4660-8520-cf8dae598de7,a57f0fd6-6977-43c3-86bb-cd34ef2a7a29,2026-03-25 03:51:50.900434+00:00,approved,3,30.0,2,True,,True,0.0
A_simple_7d_entry_example_1x_threshold_0_3_6,9acfb7dc-b0a8-4339-82bf-005dde6940ab,a57f0fd6-6977-43c3-86bb-cd34ef2a7a29,2026-03-25 03:59:26.187461+00:00,approved,0,30.0,3,True,,True,0.0
A_simple_7d_entry_example_1x_threshold_0_3_6,271e9035-005a-45dc-b5eb-d8ae8b7d4737,ce6e5c8c-b2e1-4acd-89fe-b42fe49a86bc,2026-03-25 15:06:51.088392+00:00,approved,1,19.0,1,True,,True,0.0
A_simple_7d_entry_example_1x_threshold_0_3_6,59b36345-9456-4037-bd22-7c804979f3d9,a57f0fd6-6977-43c3-86bb-cd34ef2a7a29,2026-03-25 16:04:41.051777+00:00,approved,0,28.0,4,True,,True,0.0
A_simple_7d_entry_example_1x_threshold_0_3_6,2651bdd6-a63b-4429-ba43-76dd4213ba0a,36e75d85-db7f-499d-8d6b-ee983421a046,2026-03-25 19:21:33.255784+00:00,approved,3,6.0,1,True,,True,0.0
A_simple_7d_entry_example_1x_threshold_0_3_6,a6d143d3-15cd-4596-a6bb-36a90cc9af9d,a57f0fd6-6977-43c3-86bb-cd34ef2a7a29,2026-03-25 19:58:54.898847+00:00,approved,0,31.0,5,True,,True,0.0
A_simple_7d_entry_example_1x_threshold_0_3_6,deaaf2c8-f914-4f34-bf79-21ab6c9307b9,a57f0fd6-6977-43c3-86bb-cd34ef2a7a29,2026-03-25 20:00:33.948670+00:00,approved,0,31.0,6,True,,True,0.0
A_simple_7d_entry_example_1x_threshold_0_3_6,5fa1cfb2-82dd-480e-b2f0-f1565347220f,a57f0fd6-6977-43c3-86bb-cd34ef2a7a29,2026-03-25 20:04:18.047108+00:00,approved,-1,31.0,7,True,,True,0.0
A_simple_7d_entry_example_1x_threshold_0_3_6,9b7d7d4a-86f2-4cfc-8ae5-372ac09c46e2,cdbc2977-3feb-4b78-967e-7636db3986d5,2026-03-26 00:42:44.739480+00:00,approved,1,0.0,0,True,1.0,False,3.0
A_simple_7d_entry_example_1x_threshold_0_3_6,529a54aa-ad2d-4163-836d-ceda5273336e,cdbc2977-3feb-4b78-967e-7636db3986d5,2026-03-26 00:49:52.549284+00:00,approved,1,0.0,1,False,1.0,False,3.0
A_simple_7d_entry_example_1x_threshold_0_3_6,7d6e2e33-ea84-4c57-b088-3eaf88ae72ae,cdbc2977-3feb-4b78-967e-7636db3986d5,2026-03-26 00:56:44.813002+00:00,approved,1,0.0,2,False,1.0,False,3.0
A_simple_7d_entry_example_1x_threshold_0_3_6,e58dc241-590b-4397-af24-b574f45cc38a,cdbc2977-3feb-4b78-967e-7636db3986d5,2026-03-26 01:03:28.754845+00:00,approved,2,0.0,3,False,1.0,False,3.0
A_simple_7d_entry_example_1x_threshold_0_3_6,05cca096-e76d-403e-8ff3-07ff16326292,cdbc2977-3feb-4b78-967e-7636db3986d5,2026-03-26 01:06:21.788478+00:00,approved,2,0.0,4,False,1.0,False,3.0
A_simple_7d_entry_example_1x_threshold_0_3_6,ae18153d-1566-4101-9c30-e30a9cb50c74,cdbc2977-3feb-4b78-967e-7636db3986d5,2026-03-26 01:13:21.322766+00:00,approved,1,0.0,5,False,1.0,False,3.0
A_simple_7d_entry_example_1x_threshold_0_3_6,ed72e73f-5e2b-44ab-b1b5-faadf0033305,cdbc2977-3feb-4b78-967e-7636db3986d5,2026-03-26 01:15:41.032953+00:00,approved,1,0.0,6,False,1.0,False,3.0
A_simple_7d_entry_example_1x_threshold_0_3_6,4e8d55f4-97c0-48fd-8a05-4c98e1cdd508,a57f0fd6-6977-43c3-86bb-cd34ef2a7a29,2026-03-26 13:34:58.588690+00:00,approved,0,38.0,0,True,,True,0.0
A_simple_7d_entry_example_1x_threshold_0_3_6,49a0985f-3024-46c4-83c8-397151acbd26,a57f0fd6-6977-43c3-86bb-cd34ef2a7a29,2026-03-26 14:41:41.523654+00:00,approved,-1,38.0,1,True,,True,0.0
A_simple_7d_entry_example_1x_threshold_0_3_6,8521b44b-61ba-4e85-b88d-faca23a6f2f7,e118f03c-0bb2-4c81-903d-b02f4aa15f26,2026-03-26 15:34:29.167463+00:00,approved,3,1.0,0,True,1.0,False,2.0
A_simple_7d_entry_example_1x_threshold_0_3_6,31227dae-0ba6-4134-979a-d792170b42d5,69ce191d-25f7-4ae6-b5fc-26bdc90e84aa,2026-03-27 14:18:40.852148+00:00,approved,0,3.0,0,True,2.0,False,3.0
A_simple_7d_entry_example_1x_threshold_0_3_6,0cc9b2f0-8cc7-4904-b683-bca09422145e,69ce191d-25f7-4ae6-b5fc-26bdc90e84aa,2026-03-27 20:12:01.864203+00:00,approved,1,5.0,1,True,2.0,False,1.0
A_simple_7d_entry_example_1x_threshold_0_3_6,7bc9ea61-83be-4bc4-9f8a-378e1a57ae2f,69ce191d-25f7-4ae6-b5fc-26bdc90e84aa,2026-03-27 20:17:54.998575+00:00,approved,-1,5.0,2,False,2.0,False,1.0
A_simple_7d_entry_example_1x_threshold_0_3_6,5b20b634-e8a8-42c0-940e-225e94fc563c,69ce191d-25f7-4ae6-b5fc-26bdc90e84aa,2026-03-27 20:24:44.188316+00:00,approved,3,5.0,3,False,2.0,False,1.0
A_simple_7d_entry_example_1x_threshold_0_3_6,9de4932a-7187-4fde-ab27-97531771c594,69ce191d-25f7-4ae6-b5fc-26bdc90e84aa,2026-03-27 20:30:35.860854+00:00,approved,1,5.0,4,False,2.0,False,1.0
A_simple_7d_entry_example_1x_threshold_0_3_6,a903e5ec-388f-40ce-9371-6404be81c3a5,69ce191d-25f7-4ae6-b5fc-26bdc90e84aa,2026-03-27 20:39:04.859726+00:00,approved,0,5.0,5,False,2.0,False,1.0
A_simple_7d_entry_example_1x_threshold_0_3_6,cdf5bda1-b8d1-4b10-b17e-d388781c55a1,69ce191d-25f7-4ae6-b5fc-26bdc90e84aa,2026-03-27 20:50:58.103371+00:00,approved,1,5.0,6,False,2.0,False,1.0
A_simple_7d_entry_example_1x_threshold_0_3_6,506ef1ca-696d-4f92-981c-8c5066a1b8d7,69ce191d-25f7-4ae6-b5fc-26bdc90e84aa,2026-03-27 20:54:44.405442+00:00,approved,-2,5.0,7,False,2.0,False,1.0
A_simple_7d_entry_example_1x_threshold_0_3_6,c14c6789-6aac-4c2c-90a0-0a067eaa1328,69ce191d-25f7-4ae6-b5fc-26bdc90e84aa,2026-03-27 20:58:24.793597+00:00,approved,1,5.0,8,False,2.0,False,1.0
A_simple_7d_entry_example_1x_threshold_0_3_6,b8cd81c8-3ece-4072-844d-fb159d70cc2a,a57f0fd6-6977-43c3-86bb-cd34ef2a7a29,2026-03-27 21:22:03.212497+00:00,approved,0,26.0,0,True,,True,0.0
A_simple_7d_entry_example_1x_threshold_0_3_6,662ac2e6-e1d5-4cb1-81d5-60f3eeb9a86b,cdbc2977-3feb-4b78-967e-7636db3986d5,2026-03-28 00:53:31.175200+00:00,pending,0,0.0,0,True,1.0,False,3.0
A_simple_7d_entry_example_1x_threshold_0_3_6,9cf7d488-6117-488c-be04-b933971c02df,cdbc2977-3feb-4b78-967e-7636db3986d5,2026-03-28 00:57:48.234085+00:00,pending,0,0.0,1,False,1.0,False,3.0
A_simple_7d_entry_example_1x_threshold_0_3_6,d1afceeb-221f-484e-9e6b-985611fc16ef,cdbc2977-3feb-4b78-967e-7636db3986d5,2026-03-28 01:03:14.354676+00:00,pending,0,0.0,2,False,1.0,False,3.0
A_simple_7d_entry_example_1x_threshold_0_3_6,6ba03b31-d756-4c27-917c-4192b8f1eef7,cdbc2977-3feb-4b78-967e-7636db3986d5,2026-03-28 01:18:55.400944+00:00,approved,1,0.0,3,False,1.0,False,3.0
A_simple_7d_entry_example_1x_threshold_0_3_6,920bc032-10d8-42b3-8a40-3b55dc88e9c2,cdbc2977-3feb-4b78-967e-7636db3986d5,2026-03-28 01:54:57.515224+00:00,approved,2,3.0,4,False,2.0,False,3.0
A_simple_7d_entry_example_1x_threshold_0_3_6,be2c5375-9a79-42e1-97a1-4ef707aefb47,a57f0fd6-6977-43c3-86bb-cd34ef2a7a29,2026-03-29 01:51:24.313175+00:00,approved,1,27.0,0,True,,True,0.0
A_simple_7d_entry_example_1x_threshold_0_3_6,788fac9b-e757-42b3-b2a0-ce6d0d84386b,69ce191d-25f7-4ae6-b5fc-26bdc90e84aa,2026-03-29 13:19:23.617782+00:00,approved,2,6.0,0,True,,True,0.0
A_simple_7d_entry_example_1x_threshold_0_3_6,4de68fbf-3d0a-4a54-b6de-421f089f46ea,69ce191d-25f7-4ae6-b5fc-26bdc90e84aa,2026-03-29 13:40:53.308702+00:00,approved,0,6.0,1,True,,True,0.0
A_simple_7d_entry_example_1x_threshold_0_3_6,00432174-df04-44d2-a021-bcb142791fba,4ce403f9-c662-4caa-8576-c10e71f01c4b,2026-03-30 06:59:43.514591+00:00,pending,2,0.0,0,True,1.0,False,3.0
A_simple_7d_entry_example_1x_threshold_0_3_6,ee61cd00-dfca-427c-90a7-72e336c2804b,a57f0fd6-6977-43c3-86bb-cd34ef2a7a29,2026-03-30 11:28:28.135600+00:00,approved,0,27.0,0,True,,True,0.0
A_simple_7d_entry_example_1x_threshold_0_3_6,4e7f8ea7-2678-4290-837e-129a5d805d2a,a57f0fd6-6977-43c3-86bb-cd34ef2a7a29,2026-03-30 18:03:39.990127+00:00,approved,0,27.0,1,True,,True,0.0
A_simple_7d_entry_example_1x_threshold_0_3_6,67d2925e-aacc-408b-81d5-f0bbdbcd8f25,cdbc2977-3feb-4b78-967e-7636db3986d5,2026-03-30 20:28:39.035599+00:00,approved,1,3.0,0,True,2.0,False,3.0
A_simple_7d_entry_example_1x_threshold_0_3_6,0b89993c-fca3-4e23-a4c0-857864547c61,a57f0fd6-6977-43c3-86bb-cd34ef2a7a29,2026-03-30 20:38:49.810654+00:00,approved,1,30.0,2,True,,True,0.0
A_simple_7d_entry_example_1x_threshold_0_3_6,f72598fd-701b-4eff-a500-06007ceae2ba,a57f0fd6-6977-43c3-86bb-cd34ef2a7a29,2026-03-30 20:42:16.291398+00:00,approved,0,30.0,3,True,,True,0.0
A_simple_7d_entry_example_1x_threshold_0_3_6,aff32161-e65b-4248-9059-f9f9587167e6,cdbc2977-3feb-4b78-967e-7636db3986d5,2026-03-30 20:42:26.732732+00:00,pending,0,4.0,1,True,2.0,False,2.0
A_simple_7d_entry_example_1x_threshold_0_3_6,a346ccdb-19c6-4772-a1f9-365d904f4954,cdbc2977-3feb-4b78-967e-7636db3986d5,2026-03-30 20:44:42.548265+00:00,approved,1,4.0,2,False,2.0,False,2.0
A_simple_7d_entry_example_1x_threshold_0_3_6,7df1ceec-a971-4f2e-b0d1-0338efd5d658,a57f0fd6-6977-43c3-86bb-cd34ef2a7a29,2026-03-30 20:46:59.231372+00:00,approved,0,30.0,4,True,,True,0.0
A_simple_7d_entry_example_1x_threshold_0_3_6,34eaef5b-6a03-410e-9b2d-4021a9a9c1e5,a57f0fd6-6977-43c3-86bb-cd34ef2a7a29,2026-03-30 20:51:50.854584+00:00,approved,0,30.0,5,True,,True,0.0
A_simple_7d_entry_example_1x_threshold_0_3_6,d55180e3-8b1b-4878-a4a0-e3119a620cb2,cdbc2977-3feb-4b78-967e-7636db3986d5,2026-03-30 21:14:53.192653+00:00,pending,0,4.0,3,False,2.0,False,2.0
A_simple_7d_entry_example_1x_threshold_0_3_6,be4d9360-5665-4b0a-948f-791b10119259,cdbc2977-3feb-4b78-967e-7636db3986d5,2026-03-30 21:26:32.273001+00:00,pending,0,4.0,4,False,2.0,False,2.0
A_simple_7d_entry_example_1x_threshold_0_3_6,d70195a4-3836-414a-81bf-469f43272d92,cdbc2977-3feb-4b78-967e-7636db3986d5,2026-03-30 21:49:45.058277+00:00,pending,0,4.0,5,False,2.0,False,2.0
A_simple_7d_entry_example_1x_threshold_0_3_6,5b12d1fe-efd8-46f4-9560-34aaa6407c43,4ce403f9-c662-4caa-8576-c10e71f01c4b,2026-03-31 01:59:08.014041+00:00,approved,1,0.0,0,True,1.0,False,3.0
A_simple_7d_entry_example_1x_threshold_0_3_6,7934dd1d-047f-4c64-9dcf-3f652c2d1b15,4ce403f9-c662-4caa-8576-c10e71f01c4b,2026-03-31 03:34:41.729245+00:00,pending,-1,0.0,1,False,1.0,False,3.0
A_simple_7d_entry_example_1x_threshold_0_3_6,8cd940e6-6fb4-4d8f-a62d-d6a21905765f,4ce403f9-c662-4caa-8576-c10e71f01c4b,2026-03-31 05:46:54.929329+00:00,pending,1,0.0,2,False,1.0,False,3.0
A_simple_7d_entry_example_1x_threshold_0_3_6,5725c07e-90ce-4d79-aac3-6735127d1b7a,4ce403f9-c662-4caa-8576-c10e71f01c4b,2026-03-31 06:02:36.104439+00:00,pending,-1,0.0,3,False,1.0,False,3.0
A_simple_7d_entry_example_1x_threshold_0_3_6,7dd1333c-965d-46fa-8cd1-ed9b72007ce5,4ce403f9-c662-4caa-8576-c10e71f01c4b,2026-03-31 06:35:11.901306+00:00,approved,2,0.0,4,False,1.0,False,3.0
A_simple_7d_entry_example_1x_threshold_0_3_6,7f7d6da9-f3a4-4237-be63-d847b5f3b455,a57f0fd6-6977-43c3-86bb-cd34ef2a7a29,2026-03-31 18:10:49.250948+00:00,approved,1,21.0,0,True,,True,0.0
A_simple_7d_entry_example_1x_threshold_0_3_6,e3cf0aa2-3b6e-45a9-935b-7c56fb19885f,a57f0fd6-6977-43c3-86bb-cd34ef2a7a29,2026-03-31 20:20:24.125026+00:00,approved,1,21.0,1,True,,True,0.0
A_simple_7d_entry_example_1x_threshold_0_3_6,5600785f-3893-4234-880e-ab0f18e03b3c,cdbc2977-3feb-4b78-967e-7636db3986d5,2026-03-31 20:24:02.325551+00:00,approved,3,8.0,0,True,,True,0.0
A_simple_7d_entry_example_1x_threshold_0_3_6,d6b96bdb-f8f0-4c0f-a3a1-3f7006fcf69f,cdbc2977-3feb-4b78-967e-7636db3986d5,2026-03-31 20:26:49.392983+00:00,approved,2,8.0,1,True,,True,0.0
A_simple_7d_entry_example_1x_threshold_0_3_6,f7592fa2-4687-422a-8ae9-ca3a26b929cd,cdbc2977-3feb-4b78-967e-7636db3986d5,2026-03-31 20:29:02.854148+00:00,approved,1,8.0,2,True,,True,0.0
A_simple_7d_entry_example_1x_threshold_0_3_6,150f31af-7b42-4c71-9226-0721d60164ba,cdbc2977-3feb-4b78-967e-7636db3986d5,2026-03-31 20:33:13.261973+00:00,pending,0,8.0,3,True,,True,0.0
A_simple_7d_entry_example_1x_threshold_0_3_6,bf1336e3-b10d-4adb-8fae-0b5406d30bbf,cdbc2977-3feb-4b78-967e-7636db3986d5,2026-03-31 20:36:56.056225+00:00,pending,0,8.0,4,True,,True,0.0
A_simple_7d_entry_example_1x_threshold_0_3_6,078f8190-dbf5-44a0-8b08-9ceab0722247,cdbc2977-3feb-4b78-967e-7636db3986d5,2026-03-31 20:43:05.151991+00:00,pending,1,8.0,5,True,,True,0.0
A_simple_7d_entry_example_1x_threshold_0_3_6,b365fdd7-00e7-46cd-8fe4-876074e933fa,a57f0fd6-6977-43c3-86bb-cd34ef2a7a29,2026-03-31 20:57:53.782893+00:00,approved,0,21.0,2,True,,True,0.0
A_simple_7d_entry_example_1x_threshold_0_3_6,8a6a0f4a-875f-4cac-bce3-5c8f12d6d28e,cdbc2977-3feb-4b78-967e-7636db3986d5,2026-03-31 21:03:18.343126+00:00,pending,0,8.0,6,True,,True,0.0
A_simple_7d_entry_example_1x_threshold_0_3_6,c4fe4383-3f4f-4d8f-8baf-e9b7eb3758cc,cdbc2977-3feb-4b78-967e-7636db3986d5,2026-03-31 21:43:37.923715+00:00,pending,2,8.0,7,True,,True,0.0
A_simple_7d_entry_example_1x_threshold_0_3_6,f3a3cb58-e119-402e-8059-455ca8627991,4ce403f9-c662-4caa-8576-c10e71f01c4b,2026-03-31 22:01:00.940832+00:00,pending,0,0.0,5,False,1.0,False,3.0
A_simple_7d_entry_example_1x_threshold_0_3_6,f04de763-9d17-452d-a25b-e13b6b9e35d4,4ce403f9-c662-4caa-8576-c10e71f01c4b,2026-03-31 22:50:43.428415+00:00,approved,2,0.0,6,False,1.0,False,3.0
A_simple_7d_entry_example_1x_threshold_0_3_6,1c4a7f68-52a7-479f-ac16-a920506233cf,4ce403f9-c662-4caa-8576-c10e71f01c4b,2026-03-31 23:42:13.396359+00:00,approved,1,0.0,7,False,1.0,False,3.0
A_simple_7d_entry_example_1x_threshold_0_3_6,e4f24900-3c94-4666-b8fa-337950d85dd6,cdbc2977-3feb-4b78-967e-7636db3986d5,2026-04-01 01:29:18.546288+00:00,approved,1,9.0,0,True,,True,0.0
A_simple_7d_entry_example_1x_threshold_0_3_6,c03bdfeb-d916-4174-a088-ebc57cb5710c,4ce403f9-c662-4caa-8576-c10e71f01c4b,2026-04-01 01:30:57.337845+00:00,pending,0,0.0,0,True,1.0,False,3.0
A_simple_7d_entry_example_1x_threshold_0_3_6,26f301c6-1032-4830-8a1d-8974adb5a46f,cdbc2977-3feb-4b78-967e-7636db3986d5,2026-04-01 01:34:23.308011+00:00,pending,0,9.0,1,True,,True,0.0
A_simple_7d_entry_example_1x_threshold_0_3_6,c9160c2a-0f82-463e-ac55-531a292eaba3,cdbc2977-3feb-4b78-967e-7636db3986d5,2026-04-01 01:39:24.751857+00:00,pending,-1,9.0,2,True,,True,0.0
A_simple_7d_entry_example_1x_threshold_0_3_6,6a5c2714-d2c1-4207-980f-683c9d2c6562,cdbc2977-3feb-4b78-967e-7636db3986d5,2026-04-01 01:46:23.481365+00:00,pending,1,9.0,3,True,,True,0.0
A_simple_7d_entry_example_1x_threshold_0_3_6,cd5dcf31-f9c6-4480-8e0b-f65909e48a84,4ce403f9-c662-4caa-8576-c10e71f01c4b,2026-04-01 02:10:21.943587+00:00,pending,-1,0.0,1,False,1.0,False,3.0
A_simple_7d_entry_example_1x_threshold_0_3_6,4da72f27-6d6f-4f46-94d6-42c721fe300e,4ce403f9-c662-4caa-8576-c10e71f01c4b,2026-04-01 06:13:41.760700+00:00,approved,1,1.0,2,False,1.0,False,2.0
A_simple_7d_entry_example_1x_threshold_0_3_6,e7746b1d-9c7f-4f55-9df8-b291b48fbb2e,4ce403f9-c662-4caa-8576-c10e71f01c4b,2026-04-01 06:47:56.528688+00:00,pending,-1,1.0,3,False,1.0,False,2.0
A_simple_7d_entry_example_1x_threshold_0_3_6,42c2175a-b8d5-42e3-b618-79dbeca4fe70,4ce403f9-c662-4caa-8576-c10e71f01c4b,2026-04-01 06:51:20.418037+00:00,approved,1,1.0,4,False,1.0,False,2.0
A_simple_7d_entry_example_1x_threshold_0_3_6,cd5f315d-bfc8-4891-8418-68dd04735f3f,69ce191d-25f7-4ae6-b5fc-26bdc90e84aa,2026-04-01 12:11:36.117507+00:00,approved,1,8.0,0,True,,True,0.0
A_simple_7d_entry_example_1x_threshold_0_3_6,8807163f-7635-493b-b640-2ea25f5acf07,a57f0fd6-6977-43c3-86bb-cd34ef2a7a29,2026-04-01 12:25:20.119410+00:00,approved,0,20.0,0,True,,True,0.0
A_simple_7d_entry_example_1x_threshold_0_3_6,c8538cd4-e086-446b-99f0-6f6746eb603b,a57f0fd6-6977-43c3-86bb-cd34ef2a7a29,2026-04-01 12:30:52.667839+00:00,approved,0,20.0,1,True,,True,0.0
A_simple_7d_entry_example_1x_threshold_0_3_6,399bdc23-c4c3-4b92-b560-baba6bf2963e,a57f0fd6-6977-43c3-86bb-cd34ef2a7a29,2026-04-01 12:49:13.751538+00:00,approved,2,21.0,2,True,,True,0.0
A_simple_7d_entry_example_1x_threshold_0_3_6,606b1d84-efaa-43b8-95ef-24c757184970,a57f0fd6-6977-43c3-86bb-cd34ef2a7a29,2026-04-01 13:15:40.341626+00:00,approved,2,21.0,3,True,,True,0.0
A_simple_7d_entry_example_1x_threshold_0_3_6,08b228dc-97fc-4395-bbb5-c87a382fd72a,a57f0fd6-6977-43c3-86bb-cd34ef2a7a29,2026-04-01 13:18:44.552678+00:00,approved,3,21.0,4,True,,True,0.0
A_simple_7d_entry_example_1x_threshold_0_3_6,0d593837-5e52-49d1-814e-abf4cadfe479,e118f03c-0bb2-4c81-903d-b02f4aa15f26,2026-04-01 13:44:45.611408+00:00,approved,1,2.0,0,True,1.0,False,1.0
A_simple_7d_entry_example_1x_threshold_0_3_6,e57dbd18-64f0-48dd-9554-b8ba9d3fed87,fd9b7f36-2943-4ceb-b658-83c814782ac3,2026-04-01 14:00:53.691342+00:00,approved,2,0.0,0,True,1.0,False,3.0
A_simple_7d_entry_example_1x_threshold_0_3_6,0596b538-e408-4864-9f50-202e356eb492,a57f0fd6-6977-43c3-86bb-cd34ef2a7a29,2026-04-01 14:04:55.895077+00:00,approved,1,23.0,5,True,,True,0.0
A_simple_7d_entry_example_1x_threshold_0_3_6,957b99dc-a63f-4a41-a36c-aab8491473dd,fd9b7f36-2943-4ceb-b658-83c814782ac3,2026-04-01 14:32:23.911170+00:00,approved,1,0.0,1,False,1.0,False,3.0
A_simple_7d_entry_example_1x_threshold_0_3_6,b66e8a20-ccdd-4d2a-8b10-38e16a7835ae,fd9b7f36-2943-4ceb-b658-83c814782ac3,2026-04-01 14:41:54.514284+00:00,approved,1,0.0,2,False,1.0,False,3.0
A_simple_7d_entry_example_1x_threshold_0_3_6,3044c66d-4008-415b-af59-dee03a16df46,fd9b7f36-2943-4ceb-b658-83c814782ac3,2026-04-01 14:49:19.735910+00:00,approved,2,0.0,3,False,1.0,False,3.0
A_simple_7d_entry_example_1x_threshold_0_3_6,047cb2c4-d749-4d46-9032-14b47b06b4cb,fd9b7f36-2943-4ceb-b658-83c814782ac3,2026-04-01 20:41:19.248054+00:00,approved,2,3.0,4,False,2.0,False,3.0
A_simple_7d_entry_example_1x_threshold_0_3_6,018ae8b7-87b0-45ba-83a4-a6e04db42692,fd9b7f36-2943-4ceb-b658-83c814782ac3,2026-04-01 22:57:51.666273+00:00,approved,2,6.0,5,True,,True,0.0
A_simple_7d_entry_example_1x_threshold_0_3_6,47d010f4-997f-48bc-a3e9-323050ebdb4d,a57f0fd6-6977-43c3-86bb-cd34ef2a7a29,2026-04-02 00:22:15.509691+00:00,pending,2,27.0,0,True,,True,0.0
A_simple_7d_entry_example_1x_threshold_0_3_6,c4154a9f-2da6-40cf-a198-a48326bb73f4,fd9b7f36-2943-4ceb-b658-83c814782ac3,2026-04-02 01:11:32.041307+00:00,approved,2,9.0,0,True,,True,0.0
A_simple_7d_entry_example_1x_threshold_0_3_6,12300b25-b197-415c-a274-cec66e904e00,fd9b7f36-2943-4ceb-b658-83c814782ac3,2026-04-02 02:16:41.962346+00:00,approved,3,12.0,1,True,,True,0.0
A_simple_7d_entry_example_1x_threshold_0_3_6,9244688f-635d-41c3-b510-99e06c485b98,fd9b7f36-2943-4ceb-b658-83c814782ac3,2026-04-02 03:20:08.389727+00:00,pending,-1,15.0,2,True,,True,0.0
A_simple_7d_entry_example_1x_threshold_0_3_6,7b423646-314f-4b5d-b7d8-7594dd2e866e,a57f0fd6-6977-43c3-86bb-cd34ef2a7a29,2026-04-02 03:26:08.458871+00:00,pending,0,28.0,1,True,,True,0.0
A_simple_7d_entry_example_1x_threshold_0_3_6,aedbe598-910f-42c5-88a7-14659d933b8f,fd9b7f36-2943-4ceb-b658-83c814782ac3,2026-04-02 03:46:58.986955+00:00,approved,2,18.0,3,True,,True,0.0
A_simple_7d_entry_example_1x_threshold_0_3_6,594148de-e785-473d-a6b0-cd51dbd1e652,a57f0fd6-6977-43c3-86bb-cd34ef2a7a29,2026-04-02 03:53:24.392373+00:00,approved,2,30.0,2,True,,True,0.0
A_simple_7d_entry_example_1x_threshold_0_3_6,6ea78b7c-bd8a-4a77-a7ca-3a4f0708d8a4,fd9b7f36-2943-4ceb-b658-83c814782ac3,2026-04-02 04:17:41.448007+00:00,approved,4,21.0,4,True,,True,0.0
A_simple_7d_entry_example_1x_threshold_0_3_6,8435f474-6db5-432c-bcf2-b6136365bb39,4ce403f9-c662-4caa-8576-c10e71f01c4b,2026-04-02 06:05:33.982550+00:00,approved,2,4.0,0,True,2.0,False,2.0
A_simple_7d_entry_example_1x_threshold_0_3_6,aed25b1e-60fd-49f2-b039-86ff426c2586,60264769-e015-4dba-b2f4-6bfdffed12b3,2026-04-02 11:58:32.266106+00:00,approved,3,5.0,0,True,2.0,False,1.0
A_simple_7d_entry_example_1x_threshold_0_3_6,69d90c73-d0cc-45fe-836b-9c58cfadb029,a57f0fd6-6977-43c3-86bb-cd34ef2a7a29,2026-04-02 12:27:19.740605+00:00,pending,0,29.0,3,True,,True,0.0
A_simple_7d_entry_example_1x_threshold_0_3_6,f809db60-c27d-41f2-afd8-d346412f6734,a57f0fd6-6977-43c3-86bb-cd34ef2a7a29,2026-04-02 13:41:30.321714+00:00,pending,3,29.0,4,True,,True,0.0
A_simple_7d_entry_example_1x_threshold_0_3_6,754557ee-3ddb-440c-a47d-b1e0815e0066,a57f0fd6-6977-43c3-86bb-cd34ef2a7a29,2026-04-02 14:03:37.718179+00:00,pending,0,29.0,5,True,,True,0.0
A_simple_7d_entry_example_1x_threshold_0_3_6,61de7a3e-4e36-444c-965e-031d55bddde0,a57f0fd6-6977-43c3-86bb-cd34ef2a7a29,2026-04-02 14:14:13.354762+00:00,pending,0,29.0,6,True,,True,0.0
A_simple_7d_entry_example_1x_threshold_0_3_6,b5014bfa-2df8-45fe-bb96-4ea7f84c4753,fd9b7f36-2943-4ceb-b658-83c814782ac3,2026-04-02 14:29:51.438084+00:00,approved,2,22.0,5,True,,True,0.0
A_simple_7d_entry_example_1x_threshold_0_3_6,2537b9f3-bc4d-4093-9156-ec03a414b729,fd9b7f36-2943-4ceb-b658-83c814782ac3,2026-04-02 14:35:46.954194+00:00,approved,3,22.0,6,True,,True,0.0
A_simple_7d_entry_example_1x_threshold_0_3_6,68a4975d-f7e0-4380-9021-5fa359464f37,fd9b7f36-2943-4ceb-b658-83c814782ac3,2026-04-02 15:03:22.036503+00:00,pending,1,22.0,7,True,,True,0.0
A_simple_7d_entry_example_1x_threshold_0_3_6,7d38c07a-ef26-4d6f-813d-a47a1c405e48,fd9b7f36-2943-4ceb-b658-83c814782ac3,2026-04-02 15:08:37.601899+00:00,pending,1,22.0,8,True,,True,0.0
A_simple_7d_entry_example_1x_threshold_0_3_6,e0b80bb7-71c4-4f6a-8618-386b524c5da0,a57f0fd6-6977-43c3-86bb-cd34ef2a7a29,2026-04-02 15:10:27.817668+00:00,pending,0,33.0,7,True,,True,0.0
A_simple_7d_entry_example_1x_threshold_0_3_6,e687d8fb-d481-4f2f-b514-22e30ad3daea,a57f0fd6-6977-43c3-86bb-cd34ef2a7a29,2026-04-02 15:20:33.768218+00:00,pending,1,33.0,8,True,,True,0.0
A_simple_7d_entry_example_1x_threshold_0_3_6,60457793-86a9-4b09-aaac-6af1d4e12add,a57f0fd6-6977-43c3-86bb-cd34ef2a7a29,2026-04-02 15:26:05.608653+00:00,pending,1,33.0,9,True,,True,0.0
A_simple_7d_entry_example_1x_threshold_0_3_6,28624342-9eed-4cf6-a81f-b560acc8ed8c,fd9b7f36-2943-4ceb-b658-83c814782ac3,2026-04-02 15:27:39.085063+00:00,approved,1,22.0,9,True,,True,0.0
A_simple_7d_entry_example_1x_threshold_0_3_6,07fbb638-210d-484e-aad7-2677d744c76f,a57f0fd6-6977-43c3-86bb-cd34ef2a7a29,2026-04-02 15:32:51.390694+00:00,rejected,0,33.0,10,True,,True,0.0
A_simple_7d_entry_example_1x_threshold_0_3_6,dd5efadf-e3b7-4e46-bff1-ccd718456500,fd9b7f36-2943-4ceb-b658-83c814782ac3,2026-04-02 15:35:30.473144+00:00,approved,2,22.0,10,True,,True,0.0
A_simple_7d_entry_example_1x_threshold_0_3_6,48adc6a9-4e27-4a67-adef-85df32250213,fd9b7f36-2943-4ceb-b658-83c814782ac3,2026-04-02 15:42:48.130369+00:00,pending,0,22.0,11,True,,True,0.0
A_simple_7d_entry_example_1x_threshold_0_3_6,05e82829-9f6d-4200-9c30-570df20636ef,fd9b7f36-2943-4ceb-b658-83c814782ac3,2026-04-02 15:47:33.074740+00:00,pending,1,22.0,12,True,,True,0.0
A_simple_7d_entry_example_1x_threshold_0_3_6,c3da5793-18c1-4758-b50e-4ea08b468bb2,fd9b7f36-2943-4ceb-b658-83c814782ac3,2026-04-02 16:06:51.093054+00:00,pending,1,22.0,13,True,,True,0.0
A_simple_7d_entry_example_1x_threshold_0_3_6,94e3f04c-b673-46e5-aea5-4f14d1c1fe84,fd9b7f36-2943-4ceb-b658-83c814782ac3,2026-04-02 16:12:29.834661+00:00,pending,1,22.0,14,True,,True,0.0
A_simple_7d_entry_example_1x_threshold_0_3_6,6fbaac12-47f9-4d3d-8a02-d63316e1fa6e,fd9b7f36-2943-4ceb-b658-83c814782ac3,2026-04-02 19:03:34.671735+00:00,pending,1,22.0,15,True,,True,0.0
A_simple_7d_entry_example_1x_threshold_0_3_6,7538e10c-eca9-48d6-8bcf-329f7b9a4995,fd9b7f36-2943-4ceb-b658-83c814782ac3,2026-04-02 19:12:49.866848+00:00,pending,1,22.0,16,True,,True,0.0
A_simple_7d_entry_example_1x_threshold_0_3_6,ed7478e8-54dc-420e-a8f3-d00f0aae55b1,fd9b7f36-2943-4ceb-b658-83c814782ac3,2026-04-02 20:12:14.272226+00:00,pending,1,22.0,17,True,,True,0.0
A_simple_7d_entry_example_1x_threshold_0_3_6,fb386339-7c81-4b1f-87fa-9f0a91b4b54a,fd9b7f36-2943-4ceb-b658-83c814782ac3,2026-04-02 20:20:42.756171+00:00,approved,1,22.0,18,True,,True,0.0
A_simple_7d_entry_example_1x_threshold_0_3_6,ddf53381-f643-4aa7-9c18-eee143162a2c,fd9b7f36-2943-4ceb-b658-83c814782ac3,2026-04-02 20:48:51.345377+00:00,pending,1,22.0,19,True,,True,0.0
A_simple_7d_entry_example_1x_threshold_0_3_6,f015b413-a37d-495a-ac9c-e93dc4918523,fd9b7f36-2943-4ceb-b658-83c814782ac3,2026-04-02 21:00:21.434388+00:00,approved,3,22.0,20,True,,True,0.0
A_simple_7d_entry_example_1x_threshold_0_3_6,1fb4fab8-cafc-4b64-8054-a70ff66a090f,fd9b7f36-2943-4ceb-b658-83c814782ac3,2026-04-02 21:03:36.178992+00:00,approved,3,22.0,21,True,,True,0.0
A_simple_7d_entry_example_1x_threshold_0_3_6,96f6ff4b-d250-47c5-a608-ddd1506c6bd2,a57f0fd6-6977-43c3-86bb-cd34ef2a7a29,2026-04-02 21:04:34.221672+00:00,pending,1,32.0,11,True,,True,0.0
A_simple_7d_entry_example_1x_threshold_0_3_6,c66bd2a2-e61c-4abf-9cad-36ce19f2ba85,4ce403f9-c662-4caa-8576-c10e71f01c4b,2026-04-02 22:00:24.019440+00:00,approved,1,15.0,1,True,,True,0.0
A_simple_7d_entry_example_1x_threshold_0_3_6,bbe47b48-71fe-4f88-bfe3-e1f48818ad37,4ce403f9-c662-4caa-8576-c10e71f01c4b,2026-04-02 22:55:28.659376+00:00,pending,0,15.0,2,True,,True,0.0
A_simple_7d_entry_example_1x_threshold_0_3_6,0267ae46-c20c-4071-95e9-0ff88a9ece8f,4ce403f9-c662-4caa-8576-c10e71f01c4b,2026-04-02 23:01:18.725122+00:00,approved,1,15.0,3,True,,True,0.0
A_simple_7d_entry_example_1x_threshold_0_3_6,cc8bfadb-f186-400a-8681-7b408be370e3,4ce403f9-c662-4caa-8576-c10e71f01c4b,2026-04-02 23:38:46.870947+00:00,pending,0,15.0,4,True,,True,0.0
A_simple_7d_entry_example_1x_threshold_0_3_6,6e7ef973-6252-427c-9513-fe0955adce5b,4ce403f9-c662-4caa-8576-c10e71f01c4b,2026-04-02 23:49:18.605339+00:00,pending,0,15.0,5,True,,True,0.0
A_simple_7d_entry_example_1x_threshold_0_3_6,0f4a173d-2e06-4b22-905b-43fbb8d74d4b,4ce403f9-c662-4caa-8576-c10e71f01c4b,2026-04-02 23:52:04.661510+00:00,pending,0,15.0,6,True,,True,0.0
A_simple_7d_entry_example_1x_threshold_0_3_6,5596201d-6a5b-4a5e-80de-8910f05b5a10,4ce403f9-c662-4caa-8576-c10e71f01c4b,2026-04-02 23:55:06.653973+00:00,pending,0,15.0,7,True,,True,0.0
A_simple_7d_entry_example_1x_threshold_0_3_6,4af01bf0-135e-48e0-94d9-fe0a270a9404,4ce403f9-c662-4caa-8576-c10e71f01c4b,2026-04-02 23:57:36.854359+00:00,pending,0,15.0,8,True,,True,0.0
A_simple_7d_entry_example_1x_threshold_0_3_6,66b09d28-15a6-4b66-8a4b-28a7773b7953,4ce403f9-c662-4caa-8576-c10e71f01c4b,2026-04-03 00:17:21.893646+00:00,pending,2,18.0,0,True,,True,0.0
A_simple_7d_entry_example_1x_threshold_0_3_6,e3eea416-e0a2-4953-8977-869eafb6c355,4ce403f9-c662-4caa-8576-c10e71f01c4b,2026-04-03 06:35:04.424526+00:00,pending,0,21.0,1,True,,True,0.0
A_simple_7d_entry_example_1x_threshold_0_3_6,996c89f0-177b-43b1-8252-60b346c78bd6,4ce403f9-c662-4caa-8576-c10e71f01c4b,2026-04-03 06:42:21.047785+00:00,pending,0,21.0,2,True,,True,0.0
A_simple_7d_entry_example_1x_threshold_0_3_6,ef462d91-2d83-4acf-a6f7-8abad2744856,4ce403f9-c662-4caa-8576-c10e71f01c4b,2026-04-03 06:52:20.285591+00:00,pending,1,21.0,3,True,,True,0.0
A_simple_7d_entry_example_1x_threshold_0_3_6,641522c1-8f0b-4b68-a4b0-2a883cf07321,4ce403f9-c662-4caa-8576-c10e71f01c4b,2026-04-03 07:11:19.151774+00:00,approved,1,21.0,4,True,,True,0.0
A_simple_7d_entry_example_1x_threshold_0_3_6,d5ec5e8a-80bb-4f6d-8b69-ae3e0db13986,4ce403f9-c662-4caa-8576-c10e71f01c4b,2026-04-03 07:21:11.190958+00:00,approved,1,21.0,5,True,,True,0.0
A_simple_7d_entry_example_1x_threshold_0_3_6,b938d7f0-383a-4aec-8cc3-f6889cb94d2a,4ce403f9-c662-4caa-8576-c10e71f01c4b,2026-04-03 07:29:34.429285+00:00,approved,1,21.0,6,True,,True,0.0
A_simple_7d_entry_example_1x_threshold_0_3_6,c7c4a630-2143-467e-a791-39c5f22d4944,4ce403f9-c662-4caa-8576-c10e71f01c4b,2026-04-03 07:42:42.221449+00:00,approved,1,21.0,7,True,,True,0.0
A_simple_7d_entry_example_1x_threshold_0_3_6,2a76ef0b-eac8-41c7-905d-1d00ddcc76ad,4ce403f9-c662-4caa-8576-c10e71f01c4b,2026-04-03 07:50:07.155085+00:00,pending,1,21.0,8,True,,True,0.0
A_simple_7d_entry_example_1x_threshold_0_3_6,a4915154-ebf7-493a-98fc-98642b777d58,cdbc2977-3feb-4b78-967e-7636db3986d5,2026-04-03 12:49:56.084612+00:00,approved,1,18.0,0,True,,True,0.0
A_simple_7d_entry_example_1x_threshold_0_3_6,ee7c8d2f-cacb-4888-800d-3d7ad12616cc,cdbc2977-3feb-4b78-967e-7636db3986d5,2026-04-03 12:58:12.626244+00:00,approved,1,18.0,1,True,,True,0.0
A_simple_7d_entry_example_1x_threshold_0_3_6,d804e43e-f767-40c9-97b5-18926c81a87a,cdbc2977-3feb-4b78-967e-7636db3986d5,2026-04-03 13:13:52.696361+00:00,pending,0,18.0,2,True,,True,0.0
A_simple_7d_entry_example_1x_threshold_0_3_6,1500e9df-7a3b-4aa5-826a-9b84a46d112b,cdbc2977-3feb-4b78-967e-7636db3986d5,2026-04-03 13:22:13.207429+00:00,pending,0,18.0,3,True,,True,0.0
A_simple_7d_entry_example_1x_threshold_0_3_6,a35dba67-2364-4128-bfe9-d604fc968fd9,a57f0fd6-6977-43c3-86bb-cd34ef2a7a29,2026-04-03 13:31:09.411243+00:00,pending,1,41.0,0,True,,True,0.0
A_simple_7d_entry_example_1x_threshold_0_3_6,2bf0597e-eb3a-44ee-b501-ff1e007f43d5,cdbc2977-3feb-4b78-967e-7636db3986d5,2026-04-03 21:02:12.691450+00:00,pending,2,18.0,4,True,,True,0.0
A_simple_7d_entry_example_1x_threshold_0_3_6,d048b407-a504-4fe8-a492-2eece7147796,68094f87-01d0-4966-aae7-21eb452e918d,2026-04-03 22:34:17.329054+00:00,approved,1,7.0,0,True,,True,0.0
A_simple_7d_entry_example_1x_threshold_0_3_6,595e9508-6dec-41f3-81c9-16025ad09dd0,4ce403f9-c662-4caa-8576-c10e71f01c4b,2026-04-03 23:31:50.582049+00:00,approved,1,23.0,9,True,,True,0.0
A_simple_7d_entry_example_1x_threshold_0_3_6,6e411a74-d4bb-4d46-87a1-884a60808f5d,4ce403f9-c662-4caa-8576-c10e71f01c4b,2026-04-03 23:49:35.761407+00:00,approved,1,23.0,10,True,,True,0.0
A_simple_7d_entry_example_1x_threshold_0_3_6,6155bd7f-1849-4d19-9ae0-73370015b6b8,4ce403f9-c662-4caa-8576-c10e71f01c4b,2026-04-04 00:20:45.324255+00:00,pending,0,26.0,0,True,,True,0.0
A_simple_7d_entry_example_1x_threshold_0_3_6,80b0123a-2fb9-4483-9116-a3cdc7ec6dc4,4ce403f9-c662-4caa-8576-c10e71f01c4b,2026-04-04 00:29:04.106321+00:00,pending,0,29.0,1,True,,True,0.0
A_simple_7d_entry_example_1x_threshold_0_3_6,07e2310f-c1d8-4d9e-851f-6900d29df881,4ce403f9-c662-4caa-8576-c10e71f01c4b,2026-04-04 00:45:06.007223+00:00,approved,1,29.0,2,True,,True,0.0
A_simple_7d_entry_example_1x_threshold_0_3_6,f6d230fd-898e-41a9-9746-b3043d5deccb,4ce403f9-c662-4caa-8576-c10e71f01c4b,2026-04-04 00:57:10.913673+00:00,pending,-1,29.0,3,True,,True,0.0
A_simple_7d_entry_example_1x_threshold_0_3_6,54d84fa7-62f9-418b-bf56-7b00c31baa24,4ce403f9-c662-4caa-8576-c10e71f01c4b,2026-04-04 01:12:40.420062+00:00,approved,1,29.0,4,True,,True,0.0
A_simple_7d_entry_example_1x_threshold_0_3_6,b77390c8-efa9-4c7a-afe1-2c276252e22b,4ce403f9-c662-4caa-8576-c10e71f01c4b,2026-04-04 01:20:27.147637+00:00,pending,1,29.0,5,True,,True,0.0
A_simple_7d_entry_example_1x_threshold_0_3_6,f5c9980f-5ddf-4029-a3f7-1cd0493bf794,4ce403f9-c662-4caa-8576-c10e71f01c4b,2026-04-04 02:56:42.333439+00:00,approved,1,30.0,6,True,,True,0.0
A_simple_7d_entry_example_1x_threshold_0_3_6,8209cd5b-28e0-43d0-af19-410fadcca6db,4ce403f9-c662-4caa-8576-c10e71f01c4b,2026-04-04 03:08:35.068382+00:00,approved,1,30.0,7,True,,True,0.0
A_simple_7d_entry_example_1x_threshold_0_3_6,9953d1ec-7be6-425d-8b9c-57e19551a704,4ce403f9-c662-4caa-8576-c10e71f01c4b,2026-04-04 03:40:55.787998+00:00,approved,1,30.0,8,True,,True,0.0
A_simple_7d_entry_example_1x_threshold_0_3_6,af979dfd-1137-49f0-96a4-898c512e789f,fd9b7f36-2943-4ceb-b658-83c814782ac3,2026-04-04 05:00:15.738432+00:00,pending,1,30.0,0,True,,True,0.0
A_simple_7d_entry_example_1x_threshold_0_3_6,e8999221-7cf3-43bb-8d26-6c1fd19e9aed,fd9b7f36-2943-4ceb-b658-83c814782ac3,2026-04-04 05:06:45.538998+00:00,pending,1,30.0,1,True,,True,0.0
A_simple_7d_entry_example_1x_threshold_0_3_6,cd74add1-1863-4364-86dc-2567c80cd3d7,fd9b7f36-2943-4ceb-b658-83c814782ac3,2026-04-04 05:15:56.234550+00:00,approved,2,30.0,2,True,,True,0.0
A_simple_7d_entry_example_1x_threshold_0_3_6,9cb4c561-2fda-44af-9e30-1cc83ef9a9e4,fd9b7f36-2943-4ceb-b658-83c814782ac3,2026-04-04 05:24:24.333155+00:00,pending,1,30.0,3,True,,True,0.0
A_simple_7d_entry_example_1x_threshold_0_3_6,0cf88b99-2427-42c9-9b29-bef337f8be9d,fd9b7f36-2943-4ceb-b658-83c814782ac3,2026-04-04 05:33:02.696552+00:00,approved,2,30.0,4,True,,True,0.0
A_simple_7d_entry_example_1x_threshold_0_3_6,28d0f223-498b-4aeb-a392-a63b8b24dab2,fd9b7f36-2943-4ceb-b658-83c814782ac3,2026-04-04 05:39:54.861459+00:00,approved,1,30.0,5,True,,True,0.0
A_simple_7d_entry_example_1x_threshold_0_3_6,79f0b272-93e9-4f14-bdfc-511045f14ea7,fd9b7f36-2943-4ceb-b658-83c814782ac3,2026-04-04 05:55:45.983612+00:00,pending,1,30.0,6,True,,True,0.0
A_simple_7d_entry_example_1x_threshold_0_3_6,02b5e106-b701-4655-b445-3d43f7da7876,fd9b7f36-2943-4ceb-b658-83c814782ac3,2026-04-04 06:15:27.955761+00:00,approved,2,30.0,7,True,,True,0.0
A_simple_7d_entry_example_1x_threshold_0_3_6,1a223481-c4a6-4217-855c-6741dd0744a1,4ce403f9-c662-4caa-8576-c10e71f01c4b,2026-04-04 06:27:26.216422+00:00,approved,2,31.0,9,True,,True,0.0
A_simple_7d_entry_example_1x_threshold_0_3_6,d5664a8a-8b9b-4661-a5fe-5393d6b50cf4,4ce403f9-c662-4caa-8576-c10e71f01c4b,2026-04-04 06:59:51.709528+00:00,approved,3,32.0,10,True,,True,0.0
A_simple_7d_entry_example_1x_threshold_0_3_6,888eb6df-d596-42ab-83bb-b5d188312d3e,4ce403f9-c662-4caa-8576-c10e71f01c4b,2026-04-04 07:09:15.937044+00:00,pending,1,32.0,11,True,,True,0.0
A_simple_7d_entry_example_1x_threshold_0_3_6,72a5ad2a-1cd3-454e-812b-2537998c12cd,4ce403f9-c662-4caa-8576-c10e71f01c4b,2026-04-04 07:36:21.827961+00:00,approved,2,32.0,12,True,,True,0.0
A_simple_7d_entry_example_1x_threshold_0_3_6,1c54a2cf-d893-426e-870d-e0e5c3035b30,cdbc2977-3feb-4b78-967e-7636db3986d5,2026-04-04 13:51:29.205949+00:00,pending,0,21.0,0,True,,True,0.0
A_simple_7d_entry_example_1x_threshold_0_3_6,f0349c75-43c2-4673-b279-55079c79e162,cdbc2977-3feb-4b78-967e-7636db3986d5,2026-04-04 13:56:14.488072+00:00,pending,0,21.0,1,True,,True,0.0
A_simple_7d_entry_example_1x_threshold_0_3_6,1889f111-4475-4e41-807c-024110eec4f3,cdbc2977-3feb-4b78-967e-7636db3986d5,2026-04-04 16:19:26.735483+00:00,pending,1,21.0,2,True,,True,0.0
A_simple_7d_entry_example_1x_threshold_0_3_6,d0d298bf-95d8-4093-b991-f51c9f5cadb0,a57f0fd6-6977-43c3-86bb-cd34ef2a7a29,2026-04-04 16:42:27.283839+00:00,pending,0,49.0,0,True,,True,0.0
A_simple_7d_entry_example_1x_threshold_0_3_6,ffcdcdbf-f956-402c-888a-526d0a56bcbf,a57f0fd6-6977-43c3-86bb-cd34ef2a7a29,2026-04-04 16:47:13.564959+00:00,pending,0,49.0,1,True,,True,0.0
A_simple_7d_entry_example_1x_threshold_0_3_6,a6000878-affc-49e7-a29d-ec47ff8d9727,fd9b7f36-2943-4ceb-b658-83c814782ac3,2026-04-04 16:48:26.184012+00:00,pending,1,30.0,8,True,,True,0.0
A_simple_7d_entry_example_1x_threshold_0_3_6,aa38dbdb-517f-4a6c-8fa3-a314e1d262bf,a57f0fd6-6977-43c3-86bb-cd34ef2a7a29,2026-04-04 16:51:07.557220+00:00,pending,0,49.0,2,True,,True,0.0
A_simple_7d_entry_example_1x_threshold_0_3_6,ee877acd-baaf-4342-b34a-a8d5cfd19840,a57f0fd6-6977-43c3-86bb-cd34ef2a7a29,2026-04-04 16:54:55.300756+00:00,pending,0,49.0,3,True,,True,0.0
A_simple_7d_entry_example_1x_threshold_0_3_6,2e78c097-7b41-4c6d-85ee-087bb3b1bcb1,fd9b7f36-2943-4ceb-b658-83c814782ac3,2026-04-04 17:01:29.948654+00:00,pending,1,30.0,9,True,,True,0.0
A_simple_7d_entry_example_1x_threshold_0_3_6,373912d9-ffb4-4760-8853-7512c64ce1f0,fd9b7f36-2943-4ceb-b658-83c814782ac3,2026-04-04 17:39:33.018229+00:00,pending,0,30.0,10,True,,True,0.0
A_simple_7d_entry_example_1x_threshold_0_3_6,dffd1b1f-84bd-4285-b0a3-2a7c0e5f36ef,fd9b7f36-2943-4ceb-b658-83c814782ac3,2026-04-04 17:47:02.449508+00:00,approved,2,30.0,11,True,,True,0.0
A_simple_7d_entry_example_1x_threshold_0_3_6,f97ced0b-3518-4a8c-b151-8608a14a2a39,fd9b7f36-2943-4ceb-b658-83c814782ac3,2026-04-04 17:51:36.948182+00:00,approved,1,30.0,12,True,,True,0.0
A_simple_7d_entry_example_1x_threshold_0_3_6,ff8bc529-880a-4a01-81cf-691330b75f0b,fd9b7f36-2943-4ceb-b658-83c814782ac3,2026-04-04 18:14:04.658018+00:00,pending,1,30.0,13,True,,True,0.0
A_simple_7d_entry_example_1x_threshold_0_3_6,f85fdb8e-2ea5-42d1-8e73-2b1ddb8c66bf,fd9b7f36-2943-4ceb-b658-83c814782ac3,2026-04-04 18:19:21.570919+00:00,approved,1,30.0,14,True,,True,0.0
A_simple_7d_entry_example_1x_threshold_0_3_6,e09c5f4b-7115-4c12-a36f-92d32c498044,cdbc2977-3feb-4b78-967e-7636db3986d5,2026-04-04 19:31:59.949779+00:00,approved,1,21.0,3,True,,True,0.0
A_simple_7d_entry_example_1x_threshold_0_3_6,e1cdc422-3c9f-4b2e-ac9d-0200440611f1,fd9b7f36-2943-4ceb-b658-83c814782ac3,2026-04-04 22:00:53.826937+00:00,approved,1,30.0,15,True,,True,0.0
A_simple_7d_entry_example_1x_threshold_0_3_6,ddd5e090-5f3f-4bd3-a0a3-73b598164a51,4ce403f9-c662-4caa-8576-c10e71f01c4b,2026-04-04 23:43:56.173386+00:00,pending,0,34.0,13,True,,True,0.0
A_simple_7d_entry_example_1x_threshold_0_3_6,cc1649b3-8abd-46e9-858f-52aab762c79a,4ce403f9-c662-4caa-8576-c10e71f01c4b,2026-04-04 23:55:36.438001+00:00,pending,1,34.0,14,True,,True,0.0
A_simple_7d_entry_example_1x_threshold_0_3_6,4d3b3d1c-100f-4363-9428-3a3e6aafa430,4ce403f9-c662-4caa-8576-c10e71f01c4b,2026-04-05 01:12:10.384931+00:00,approved,3,40.0,0,True,,True,0.0
A_simple_7d_entry_example_1x_threshold_0_3_6,23c3000a-bcc1-43f7-b986-8307f23e765d,4ce403f9-c662-4caa-8576-c10e71f01c4b,2026-04-05 01:31:06.040245+00:00,approved,2,40.0,1,True,,True,0.0
A_simple_7d_entry_example_1x_threshold_0_3_6,4dc689aa-9b31-4538-bbaa-4e0a4eb698b3,4ce403f9-c662-4caa-8576-c10e71f01c4b,2026-04-05 02:19:42.240499+00:00,approved,3,40.0,2,True,,True,0.0
A_simple_7d_entry_example_1x_threshold_0_3_6,29d2c3b9-a751-4734-9d9b-e8edd5dd7d9e,4ce403f9-c662-4caa-8576-c10e71f01c4b,2026-04-05 02:51:26.065753+00:00,approved,2,40.0,3,True,,True,0.0
A_simple_7d_entry_example_1x_threshold_0_3_6,fedffe3c-5938-4ac4-9d66-4e9967beb2ad,4ce403f9-c662-4caa-8576-c10e71f01c4b,2026-04-05 03:07:45.075419+00:00,approved,1,40.0,4,True,,True,0.0
A_simple_7d_entry_example_1x_threshold_0_3_6,bacd3a57-72ce-4ce9-8339-27b25ed3c349,fd9b7f36-2943-4ceb-b658-83c814782ac3,2026-04-05 03:09:45.200744+00:00,approved,2,36.0,0,True,,True,0.0
A_simple_7d_entry_example_1x_threshold_0_3_6,34390624-f5ee-48d5-9b38-d8608aab6140,fd9b7f36-2943-4ceb-b658-83c814782ac3,2026-04-05 03:19:50.172222+00:00,approved,1,36.0,1,True,,True,0.0
A_simple_7d_entry_example_1x_threshold_0_3_6,155ddb56-d201-4a31-9968-faae4a2d4d7c,fd9b7f36-2943-4ceb-b658-83c814782ac3,2026-04-05 03:31:51.829993+00:00,approved,1,36.0,2,True,,True,0.0
A_simple_7d_entry_example_1x_threshold_0_3_6,48748549-9315-49a8-bca9-b315c6117fa0,fd9b7f36-2943-4ceb-b658-83c814782ac3,2026-04-05 03:37:34.537199+00:00,pending,-1,36.0,3,True,,True,0.0
A_simple_7d_entry_example_1x_threshold_0_3_6,76071fe0-82f5-44dd-b7b6-ea94fbb72928,fd9b7f36-2943-4ceb-b658-83c814782ac3,2026-04-05 03:43:53.012512+00:00,approved,2,36.0,4,True,,True,0.0
A_simple_7d_entry_example_1x_threshold_0_3_6,3e558a01-2a47-42bc-ab73-b75a623e6cd7,fd9b7f36-2943-4ceb-b658-83c814782ac3,2026-04-05 03:51:35.234202+00:00,approved,3,36.0,5,True,,True,0.0
A_simple_7d_entry_example_1x_threshold_0_3_6,5c5232c8-f4e7-41b4-96b5-5af27df07b3e,fd9b7f36-2943-4ceb-b658-83c814782ac3,2026-04-05 03:54:25.215398+00:00,approved,1,36.0,6,True,,True,0.0
A_simple_7d_entry_example_1x_threshold_0_3_6,6b289a9d-a9a0-4812-a2ba-e2aaeebb27fe,4ce403f9-c662-4caa-8576-c10e71f01c4b,2026-04-05 07:44:09.224050+00:00,approved,1,41.0,5,True,,True,0.0
A_simple_7d_entry_example_1x_threshold_0_3_6,016a545f-fea5-4d60-9324-c5db4b2891b7,4ce403f9-c662-4caa-8576-c10e71f01c4b,2026-04-05 08:01:58.515433+00:00,approved,1,41.0,6,True,,True,0.0
A_simple_7d_entry_example_1x_threshold_0_3_6,72a7dbe6-5890-4ffd-944a-cbfb084d4a98,4ce403f9-c662-4caa-8576-c10e71f01c4b,2026-04-05 21:09:39.687849+00:00,pending,0,41.0,7,True,,True,0.0
A_simple_7d_entry_example_1x_threshold_0_3_6,8579f12a-1e70-4be7-92e4-8922e5c028ab,4ce403f9-c662-4caa-8576-c10e71f01c4b,2026-04-05 21:48:44.007998+00:00,pending,1,41.0,8,True,,True,0.0
A_simple_7d_entry_example_1x_threshold_0_3_6,eefcaf09-f970-4b73-8542-351060a7638e,4ce403f9-c662-4caa-8576-c10e71f01c4b,2026-04-05 23:02:52.094262+00:00,approved,2,41.0,9,True,,True,0.0
A_simple_7d_entry_example_1x_threshold_0_3_6,858dea0b-a382-4f19-bc11-05cfae313027,69ce191d-25f7-4ae6-b5fc-26bdc90e84aa,2026-04-06 00:36:15.982864+00:00,pending,0,21.0,0,True,,True,0.0
A_simple_7d_entry_example_1x_threshold_0_3_6,954da555-0f8c-4414-8d61-729084046daf,fd9b7f36-2943-4ceb-b658-83c814782ac3,2026-04-06 01:57:16.735908+00:00,pending,1,42.0,0,True,,True,0.0
A_simple_7d_entry_example_1x_threshold_0_3_6,87d7f119-8230-463b-a400-fa3784dd8514,fd9b7f36-2943-4ceb-b658-83c814782ac3,2026-04-06 02:06:30.536738+00:00,approved,-1,42.0,1,True,,True,0.0
A_simple_7d_entry_example_1x_threshold_0_3_6,5c0d3d21-afa7-4fb0-b3a8-fff4c95b23ed,fd9b7f36-2943-4ceb-b658-83c814782ac3,2026-04-06 02:11:33.826601+00:00,approved,1,42.0,2,True,,True,0.0
A_simple_7d_entry_example_1x_threshold_0_3_6,f9ec9e33-6c22-4617-9abb-d12bd455c1bf,fd9b7f36-2943-4ceb-b658-83c814782ac3,2026-04-06 02:15:30.481751+00:00,approved,0,42.0,3,True,,True,0.0
A_simple_7d_entry_example_1x_threshold_0_3_6,699d29b3-84e4-4152-b569-14b7b128a820,fd9b7f36-2943-4ceb-b658-83c814782ac3,2026-04-06 02:48:24.458943+00:00,approved,1,42.0,4,True,,True,0.0
A_simple_7d_entry_example_1x_threshold_0_3_6,b0161d26-176e-4327-813c-6b47794da10a,fd9b7f36-2943-4ceb-b658-83c814782ac3,2026-04-06 02:51:33.230316+00:00,approved,0,42.0,5,True,,True,0.0
A_simple_7d_entry_example_1x_threshold_0_3_6,9e150024-14a9-4f20-a24c-4351c021100d,a57f0fd6-6977-43c3-86bb-cd34ef2a7a29,2026-04-06 03:55:16.590886+00:00,pending,0,68.0,0,True,,True,0.0
A_simple_7d_entry_example_1x_threshold_0_3_6,601b7e4f-aaed-454a-88a3-0a910e2e19c0,4ce403f9-c662-4caa-8576-c10e71f01c4b,2026-04-06 04:02:44.937401+00:00,approved,2,47.0,0,True,,True,0.0
A_simple_7d_entry_example_1x_threshold_0_3_6,cea27375-c0f5-443f-9b08-15cf622a3585,a57f0fd6-6977-43c3-86bb-cd34ef2a7a29,2026-04-06 04:09:43.778004+00:00,pending,1,72.0,1,True,,True,0.0
A_simple_7d_entry_example_1x_threshold_0_3_6,a47b70b5-6919-4204-8a4a-4da3071bb253,a57f0fd6-6977-43c3-86bb-cd34ef2a7a29,2026-04-06 04:22:09.972342+00:00,pending,1,72.0,2,True,,True,0.0
A_simple_7d_entry_example_1x_threshold_0_3_6,be645576-35df-4a80-bf66-a88b59f827d2,a57f0fd6-6977-43c3-86bb-cd34ef2a7a29,2026-04-06 04:36:35.970545+00:00,pending,0,72.0,3,True,,True,0.0
A_simple_7d_entry_example_1x_threshold_0_3_6,113018f5-0a2f-43c2-96ad-0d175d91e7a3,a57f0fd6-6977-43c3-86bb-cd34ef2a7a29,2026-04-06 04:47:29.576068+00:00,pending,1,72.0,4,True,,True,0.0
A_simple_7d_entry_example_1x_threshold_0_3_6,40b82d8e-7d2c-4e68-bebe-6d03c1b3356d,4ce403f9-c662-4caa-8576-c10e71f01c4b,2026-04-06 06:12:41.382321+00:00,pending,0,54.0,1,True,,True,0.0
A_simple_7d_entry_example_1x_threshold_0_3_6,6e9d11a7-8c54-46f9-9b6d-4648faf54ffc,4ce403f9-c662-4caa-8576-c10e71f01c4b,2026-04-06 06:21:17.063849+00:00,approved,2,54.0,2,True,,True,0.0
A_simple_7d_entry_example_1x_threshold_0_3_6,a86b8cc8-4a40-47de-9a3a-6b35a757e0bc,a57f0fd6-6977-43c3-86bb-cd34ef2a7a29,2026-04-06 11:10:00.489120+00:00,pending,0,72.0,5,True,,True,0.0
A_simple_7d_entry_example_1x_threshold_0_3_6,d2f9bc1a-322c-416f-8390-901f4414a2d0,a57f0fd6-6977-43c3-86bb-cd34ef2a7a29,2026-04-06 11:18:49.013117+00:00,pending,0,72.0,6,True,,True,0.0
A_simple_7d_entry_example_1x_threshold_0_3_6,543c8110-5c01-4de6-adce-17ab51b5e722,a57f0fd6-6977-43c3-86bb-cd34ef2a7a29,2026-04-06 11:25:01.235512+00:00,pending,0,72.0,7,True,,True,0.0
A_simple_7d_entry_example_1x_threshold_0_3_6,9b684f4b-85f0-4ca6-a5f1-c6d5664c7967,a57f0fd6-6977-43c3-86bb-cd34ef2a7a29,2026-04-06 12:51:59.061007+00:00,pending,1,72.0,8,True,,True,0.0
A_simple_7d_entry_example_1x_threshold_0_3_6,8676c547-0dc4-4415-9f2b-c673ee67d98d,fd9b7f36-2943-4ceb-b658-83c814782ac3,2026-04-06 15:14:23.379857+00:00,approved,2,42.0,6,True,,True,0.0
A_simple_7d_entry_example_1x_threshold_0_3_6,63c85812-22b0-47f3-ab3a-8387dc34eb14,fd9b7f36-2943-4ceb-b658-83c814782ac3,2026-04-06 15:24:30.390242+00:00,approved,4,42.0,7,True,,True,0.0
A_simple_7d_entry_example_1x_threshold_0_3_6,1befaada-68f1-45b2-910a-82f7194d7280,fd9b7f36-2943-4ceb-b658-83c814782ac3,2026-04-06 15:33:54.316758+00:00,approved,2,42.0,8,True,,True,0.0
A_simple_7d_entry_example_1x_threshold_0_3_6,785706a6-eacd-453c-9d85-723db483f64e,fd9b7f36-2943-4ceb-b658-83c814782ac3,2026-04-06 15:43:20.136528+00:00,approved,3,42.0,9,True,,True,0.0
A_simple_7d_entry_example_1x_threshold_0_3_6,3d580b12-f012-4fd4-a811-b9c3661b7106,60264769-e015-4dba-b2f4-6bfdffed12b3,2026-04-06 15:58:48.116866+00:00,pending,1,10.0,0,True,,True,0.0
A_simple_7d_entry_example_1x_threshold_0_3_6,acf06857-4004-416b-bc06-5697fe5d2d89,fd9b7f36-2943-4ceb-b658-83c814782ac3,2026-04-06 18:14:25.083161+00:00,approved,4,42.0,10,True,,True,0.0
A_simple_7d_entry_example_1x_threshold_0_3_6,5103ad95-4d0e-4712-bd85-cc0298497305,fd9b7f36-2943-4ceb-b658-83c814782ac3,2026-04-06 18:35:12.575385+00:00,approved,3,42.0,11,True,,True,0.0
A_simple_7d_entry_example_1x_threshold_0_3_6,d513157c-2d57-41ce-a9a1-4281b5b5b5d8,fd9b7f36-2943-4ceb-b658-83c814782ac3,2026-04-06 18:39:09.364658+00:00,approved,4,42.0,12,True,,True,0.0
A_simple_7d_entry_example_1x_threshold_0_3_6,dd2f4e62-5d07-48a9-9ae3-899a1ac4d4bb,fd9b7f36-2943-4ceb-b658-83c814782ac3,2026-04-06 18:41:34.724245+00:00,approved,3,42.0,13,True,,True,0.0
A_simple_7d_entry_example_1x_threshold_0_3_6,82430952-49af-4214-8aae-b6bb6d23be04,fd9b7f36-2943-4ceb-b658-83c814782ac3,2026-04-06 20:25:15.203249+00:00,approved,3,42.0,14,True,,True,0.0
A_simple_7d_entry_example_1x_threshold_0_3_6,ae402ff9-4610-43da-94bc-c6b1100bfb66,fd9b7f36-2943-4ceb-b658-83c814782ac3,2026-04-06 20:33:01.691251+00:00,approved,3,42.0,15,True,,True,0.0
A_simple_7d_entry_example_1x_threshold_0_3_6,3056fba3-8a67-4e48-b7da-67e3bd953310,fd9b7f36-2943-4ceb-b658-83c814782ac3,2026-04-06 20:44:26.502166+00:00,approved,3,42.0,16,True,,True,0.0
A_simple_7d_entry_example_1x_threshold_0_3_6,8cadd9ac-7f22-4a46-9d61-600c245038d7,a57f0fd6-6977-43c3-86bb-cd34ef2a7a29,2026-04-06 23:06:44.891040+00:00,pending,1,75.0,9,True,,True,0.0
A_simple_7d_entry_example_1x_threshold_0_3_6,57c8bba6-0f23-452f-85aa-5650e286d3cf,4ce403f9-c662-4caa-8576-c10e71f01c4b,2026-04-07 01:11:20.558374+00:00,approved,1,61.0,0,True,,True,0.0
A_simple_7d_entry_example_1x_threshold_0_3_6,2d84081c-6a0a-49de-8cce-59c1fa69b879,a57f0fd6-6977-43c3-86bb-cd34ef2a7a29,2026-04-07 01:35:37.067292+00:00,pending,0,80.0,0,True,,True,0.0
A_simple_7d_entry_example_1x_threshold_0_3_6,d9c2fc3d-5406-49a4-a12a-9572d9454856,a57f0fd6-6977-43c3-86bb-cd34ef2a7a29,2026-04-07 01:48:52.989226+00:00,pending,0,80.0,1,True,,True,0.0
A_simple_7d_entry_example_1x_threshold_0_3_6,457a89ac-7b3d-43c1-9323-fe1835bbb58a,4ce403f9-c662-4caa-8576-c10e71f01c4b,2026-04-07 01:55:26.805566+00:00,pending,1,61.0,1,True,,True,0.0
A_simple_7d_entry_example_1x_threshold_0_3_6,525c0f6b-5643-4898-badf-a01bac16c759,4ce403f9-c662-4caa-8576-c10e71f01c4b,2026-04-07 02:09:32.542401+00:00,approved,1,61.0,2,True,,True,0.0
A_simple_7d_entry_example_1x_threshold_0_3_6,0651c7b1-69d2-4cba-b7e2-87561cae26dc,fd9b7f36-2943-4ceb-b658-83c814782ac3,2026-04-07 02:23:24.597168+00:00,approved,3,48.0,0,True,,True,0.0
A_simple_7d_entry_example_1x_threshold_0_3_6,6d3d999d-b5b1-483f-ac7e-92cc41e3f5e1,fd9b7f36-2943-4ceb-b658-83c814782ac3,2026-04-07 02:28:26.231593+00:00,approved,3,48.0,1,True,,True,0.0
A_simple_7d_entry_example_1x_threshold_0_3_6,eefda393-00ef-4da7-b31d-9baa47742560,fd9b7f36-2943-4ceb-b658-83c814782ac3,2026-04-07 03:06:51.933913+00:00,approved,2,48.0,2,True,,True,0.0
A_simple_7d_entry_example_1x_threshold_0_3_6,864bdb9c-b795-452f-97c1-3420675b0324,fd9b7f36-2943-4ceb-b658-83c814782ac3,2026-04-07 03:15:33.904961+00:00,pending,2,48.0,3,True,,True,0.0
A_simple_7d_entry_example_1x_threshold_0_3_6,eb30ddd1-8650-4782-9694-cafed510cbc8,4ce403f9-c662-4caa-8576-c10e71f01c4b,2026-04-07 03:44:32.843208+00:00,approved,2,61.0,3,True,,True,0.0
A_simple_7d_entry_example_1x_threshold_0_3_6,7ada756d-274c-4da0-9347-e6ac9e89f8fd,4ce403f9-c662-4caa-8576-c10e71f01c4b,2026-04-07 06:29:32.735248+00:00,approved,1,61.0,4,True,,True,0.0
A_simple_7d_entry_example_1x_threshold_0_3_6,86010be0-64f0-4747-a84d-60368e7f0545,4ce403f9-c662-4caa-8576-c10e71f01c4b,2026-04-07 08:10:17.635781+00:00,approved,1,61.0,5,True,,True,0.0
A_simple_7d_entry_example_1x_threshold_0_3_6,56784da5-bfe8-42a6-9701-076ab932c04a,4ce403f9-c662-4caa-8576-c10e71f01c4b,2026-04-07 08:13:43.864689+00:00,approved,2,61.0,6,True,,True,0.0
A_simple_7d_entry_example_1x_threshold_0_3_6,ca7d29c7-9d55-4e39-8beb-3a9e5b36a06b,a57f0fd6-6977-43c3-86bb-cd34ef2a7a29,2026-04-07 13:35:44.155143+00:00,pending,0,85.0,2,True,,True,0.0
A_simple_7d_entry_example_1x_threshold_0_3_6,a05645ac-a209-41c0-b765-37829acbb666,a57f0fd6-6977-43c3-86bb-cd34ef2a7a29,2026-04-07 13:44:09.240293+00:00,pending,1,85.0,3,True,,True,0.0
A_simple_7d_entry_example_1x_threshold_0_3_6,19c7c4fb-1713-4fb1-b5e5-780378d45187,a57f0fd6-6977-43c3-86bb-cd34ef2a7a29,2026-04-07 13:54:52.583140+00:00,approved,1,85.0,4,True,,True,0.0
A_simple_7d_entry_example_1x_threshold_0_3_6,3dbdfdbb-b6d0-4353-b506-c5aa6d334ac3,a57f0fd6-6977-43c3-86bb-cd34ef2a7a29,2026-04-07 14:06:43.440222+00:00,pending,0,85.0,5,True,,True,0.0
A_simple_7d_entry_example_1x_threshold_0_3_6,d0f40557-2451-47b2-a5d3-a7af3c5fd024,4ce403f9-c662-4caa-8576-c10e71f01c4b,2026-04-07 23:00:26.902358+00:00,approved,2,61.0,7,True,,True,0.0
A_simple_7d_entry_example_1x_threshold_0_3_6,ffaaefa2-7d20-498d-9bec-164be6898c7c,69ce191d-25f7-4ae6-b5fc-26bdc90e84aa,2026-04-08 00:51:20.814017+00:00,approved,2,29.0,0,True,,True,0.0
A_simple_7d_entry_example_1x_threshold_0_3_6,3c8a5ee7-6210-474a-816d-048744f2c2a6,a57f0fd6-6977-43c3-86bb-cd34ef2a7a29,2026-04-08 02:37:05.051160+00:00,pending,1,88.0,0,True,,True,0.0
A_simple_7d_entry_example_1x_threshold_0_3_6,e4594fbd-16fc-4852-94c1-732a0d804a79,4ce403f9-c662-4caa-8576-c10e71f01c4b,2026-04-08 03:26:45.844376+00:00,approved,1,66.0,0,True,,True,0.0
A_simple_7d_entry_example_1x_threshold_0_3_6,07c810cf-302f-4a99-afb5-29f4ea344953,4ce403f9-c662-4caa-8576-c10e71f01c4b,2026-04-08 03:49:43.557289+00:00,approved,1,66.0,1,True,,True,0.0
A_simple_7d_entry_example_1x_threshold_0_3_6,c776d0de-f669-4c42-9204-855fb2469741,4ce403f9-c662-4caa-8576-c10e71f01c4b,2026-04-08 04:12:11.076157+00:00,approved,1,66.0,2,True,,True,0.0
A_simple_7d_entry_example_1x_threshold_0_3_6,14421584-a284-48e7-9bf1-e04d0f632f32,4ce403f9-c662-4caa-8576-c10e71f01c4b,2026-04-08 04:16:46.387185+00:00,approved,1,66.0,3,True,,True,0.0
A_simple_7d_entry_example_1x_threshold_0_3_6,8a3bf9bf-0f54-4228-8892-be752bc69470,a57f0fd6-6977-43c3-86bb-cd34ef2a7a29,2026-04-08 13:24:15.156539+00:00,pending,1,88.0,1,True,,True,0.0
A_simple_7d_entry_example_1x_threshold_0_3_6,2b2a5b01-96a1-4c3d-888e-0b111bf565b1,a57f0fd6-6977-43c3-86bb-cd34ef2a7a29,2026-04-09 00:24:39.198827+00:00,pending,1,83.0,0,True,,True,0.0
A_simple_7d_entry_example_1x_threshold_0_3_6,21ca61c7-3b6d-4ac0-b147-3e1c233777b2,4ce403f9-c662-4caa-8576-c10e71f01c4b,2026-04-09 04:16:06.034144+00:00,approved,1,72.0,0,True,,True,0.0
A_simple_7d_entry_example_1x_threshold_0_3_6,24a1588c-3faa-4042-aee6-5361d1c4d051,4ce403f9-c662-4caa-8576-c10e71f01c4b,2026-04-09 04:36:56.091163+00:00,approved,1,72.0,1,True,,True,0.0
A_simple_7d_entry_example_1x_threshold_0_3_6,5db56046-47ed-4258-862a-b6f7375eb681,4ce403f9-c662-4caa-8576-c10e71f01c4b,2026-04-09 04:39:55.540133+00:00,approved,1,72.0,2,True,,True,0.0
A_simple_7d_entry_example_1x_threshold_0_3_6,0af4f2a6-cf75-4961-83e1-fbc45e3a25c8,4ce403f9-c662-4caa-8576-c10e71f01c4b,2026-04-09 05:02:04.721044+00:00,approved,2,71.0,3,True,,True,0.0
A_simple_7d_entry_example_1x_threshold_0_3_6,ff8fdede-a5a9-401d-afdb-2145759eb240,4ce403f9-c662-4caa-8576-c10e71f01c4b,2026-04-09 05:05:39.722765+00:00,approved,1,71.0,4,True,,True,0.0
A_simple_7d_entry_example_1x_threshold_0_3_6,7e64475b-24e8-48af-aa17-5eeea7e66b47,4ce403f9-c662-4caa-8576-c10e71f01c4b,2026-04-09 05:51:12.640226+00:00,approved,3,69.0,5,True,,True,0.0
A_simple_7d_entry_example_1x_threshold_0_3_6,b6b3f509-da63-40d7-83fa-0c4d0a2feda8,4ce403f9-c662-4caa-8576-c10e71f01c4b,2026-04-09 06:36:29.712767+00:00,approved,2,69.0,6,True,,True,0.0
A_simple_7d_entry_example_1x_threshold_0_3_6,fe515e65-d427-4dcc-a9e5-f445eca4e6c7,4ce403f9-c662-4caa-8576-c10e71f01c4b,2026-04-09 07:05:51.541154+00:00,approved,1,69.0,7,True,,True,0.0
A_simple_7d_entry_example_1x_threshold_0_3_6,fb0b8ba4-c424-4365-9f9c-5f433eb27d98,4ce403f9-c662-4caa-8576-c10e71f01c4b,2026-04-09 07:24:43.026558+00:00,pending,1,69.0,8,True,,True,0.0
A_simple_7d_entry_example_1x_threshold_0_3_6,21bb02e3-b731-4677-bd89-c7bd7ed141f6,4ce403f9-c662-4caa-8576-c10e71f01c4b,2026-04-09 07:31:31.549178+00:00,approved,2,69.0,9,True,,True,0.0
A_simple_7d_entry_example_1x_threshold_0_3_6,3a0181d0-2a4c-4d63-af03-5976e81e35ba,4ce403f9-c662-4caa-8576-c10e71f01c4b,2026-04-09 07:56:37.501274+00:00,approved,2,69.0,10,True,,True,0.0
A_simple_7d_entry_example_1x_threshold_0_3_6,a663ded7-cdad-46dd-8a95-c8046c52cb02,a57f0fd6-6977-43c3-86bb-cd34ef2a7a29,2026-04-09 12:23:14.921493+00:00,pending,0,75.0,1,True,,True,0.0
A_simple_7d_entry_example_1x_threshold_0_3_6,3a3abb50-4570-4a66-a87f-1f180d28a379,a57f0fd6-6977-43c3-86bb-cd34ef2a7a29,2026-04-09 15:58:53.233546+00:00,approved,2,71.0,2,True,,True,0.0
A_simple_7d_entry_example_1x_threshold_0_3_6,e7c87f43-7cc5-439c-9a6e-6989bbe0a48a,a57f0fd6-6977-43c3-86bb-cd34ef2a7a29,2026-04-09 16:09:36.131759+00:00,pending,1,72.0,3,True,,True,0.0
A_simple_7d_entry_example_1x_threshold_0_3_6,fc22b8db-6c1c-4372-96a3-a1935aea51d3,a57f0fd6-6977-43c3-86bb-cd34ef2a7a29,2026-04-09 16:24:31.910571+00:00,pending,0,72.0,4,True,,True,0.0
A_simple_7d_entry_example_1x_threshold_0_3_6,828ee348-a4e7-43d5-8f87-d2a3f006ba2b,a57f0fd6-6977-43c3-86bb-cd34ef2a7a29,2026-04-09 17:37:52.206620+00:00,pending,0,72.0,5,True,,True,0.0
A_simple_7d_entry_example_1x_threshold_0_3_6,cf84de9c-ec8f-4ecd-b830-d336e035e729,a57f0fd6-6977-43c3-86bb-cd34ef2a7a29,2026-04-09 17:42:51.111272+00:00,pending,0,72.0,6,True,,True,0.0
A_simple_7d_entry_example_1x_threshold_0_3_6,9a802ff7-32a2-45da-affb-ab60886dfd0f,a57f0fd6-6977-43c3-86bb-cd34ef2a7a29,2026-04-09 17:55:19.404772+00:00,pending,1,72.0,7,True,,True,0.0
A_simple_7d_entry_example_1x_threshold_0_3_6,ac30f977-d588-4d3f-bc66-bfd66a47a4a2,a57f0fd6-6977-43c3-86bb-cd34ef2a7a29,2026-04-09 17:59:32.755716+00:00,approved,4,72.0,8,True,,True,0.0
A_simple_7d_entry_example_1x_threshold_0_3_6,85fa6f4b-0c77-41d8-8898-aedc72fe6815,a57f0fd6-6977-43c3-86bb-cd34ef2a7a29,2026-04-09 19:42:47.736403+00:00,pending,1,72.0,9,True,,True,0.0
A_simple_7d_entry_example_1x_threshold_0_3_6,67b2f8ac-1337-4f17-846e-7d908c4bde03,a57f0fd6-6977-43c3-86bb-cd34ef2a7a29,2026-04-09 20:04:53.312527+00:00,pending,3,72.0,10,True,,True,0.0
A_simple_7d_entry_example_1x_threshold_0_3_6,f9be94ae-3037-48eb-9790-9157de0f7e43,a57f0fd6-6977-43c3-86bb-cd34ef2a7a29,2026-04-09 20:09:18.067578+00:00,pending,2,72.0,11,True,,True,0.0
A_simple_7d_entry_example_1x_threshold_0_3_6,27669fe2-93b4-4697-88c0-90e8f24bfaa2,a57f0fd6-6977-43c3-86bb-cd34ef2a7a29,2026-04-09 20:33:31.526229+00:00,pending,2,72.0,12,True,,True,0.0
A_simple_7d_entry_example_1x_threshold_0_3_6,00182208-4a07-4f70-b0b0-f436f3239c5c,a57f0fd6-6977-43c3-86bb-cd34ef2a7a29,2026-04-09 20:56:26.542487+00:00,pending,0,71.0,13,True,,True,0.0
A_simple_7d_entry_example_1x_threshold_0_3_6,9d31be9b-abf1-4088-8c95-9b2b42075632,a57f0fd6-6977-43c3-86bb-cd34ef2a7a29,2026-04-09 21:20:49.603776+00:00,approved,1,70.0,14,True,,True,0.0
A_simple_7d_entry_example_1x_threshold_0_3_6,607d9f27-5748-475f-950c-16a4e0c6a0e3,a57f0fd6-6977-43c3-86bb-cd34ef2a7a29,2026-04-09 21:25:34.047724+00:00,pending,0,70.0,15,True,,True,0.0
A_simple_7d_entry_example_1x_threshold_0_3_6,1d6eb8c2-56e2-4ca0-8669-58900768f074,a57f0fd6-6977-43c3-86bb-cd34ef2a7a29,2026-04-09 21:28:10.585358+00:00,pending,0,70.0,16,True,,True,0.0
A_simple_7d_entry_example_1x_threshold_0_3_6,c4cb8fb1-b4ac-4b70-a08d-221b68d65930,a57f0fd6-6977-43c3-86bb-cd34ef2a7a29,2026-04-09 21:31:06.634936+00:00,pending,0,70.0,17,True,,True,0.0
A_simple_7d_entry_example_1x_threshold_0_3_6,00ed8ae9-731f-4c3c-ba26-6611d2b37ad5,a57f0fd6-6977-43c3-86bb-cd34ef2a7a29,2026-04-09 21:34:30.504583+00:00,pending,0,70.0,18,True,,True,0.0
A_simple_7d_entry_example_1x_threshold_0_3_6,bc70f130-e6ed-49ae-8dc6-f37897f1b73e,cdbc2977-3feb-4b78-967e-7636db3986d5,2026-04-09 23:41:21.554666+00:00,approved,1,18.0,0,True,,True,0.0
A_simple_7d_entry_example_1x_threshold_0_3_6,7052b73d-af8a-46ea-89af-c674dc529c2c,cdbc2977-3feb-4b78-967e-7636db3986d5,2026-04-09 23:48:29.816976+00:00,approved,1,21.0,1,True,,True,0.0
A_simple_7d_entry_example_1x_threshold_0_3_6,5b43c43f-52ca-443d-b144-13c12d331f24,fd9b7f36-2943-4ceb-b658-83c814782ac3,2026-04-10 01:32:11.013012+00:00,approved,1,32.0,0,True,,True,0.0
A_simple_7d_entry_example_1x_threshold_0_3_6,566ba7ec-492c-427c-a940-0e83aebcd359,fd9b7f36-2943-4ceb-b658-83c814782ac3,2026-04-10 01:51:22.250765+00:00,pending,0,32.0,1,True,,True,0.0
A_simple_7d_entry_example_1x_threshold_0_3_6,4c7c22bb-be5f-44e0-ad4d-6562a5ccad50,fd9b7f36-2943-4ceb-b658-83c814782ac3,2026-04-10 02:06:35.126171+00:00,approved,2,32.0,2,True,,True,0.0
A_simple_7d_entry_example_1x_threshold_0_3_6,aeeaa1a4-9097-4302-93b4-b6fa61bc6f58,fd9b7f36-2943-4ceb-b658-83c814782ac3,2026-04-10 02:17:03.008117+00:00,pending,2,32.0,3,True,,True,0.0
A_simple_7d_entry_example_1x_threshold_0_3_6,ab1fc48c-f98e-4da6-9946-f989ff791497,fd9b7f36-2943-4ceb-b658-83c814782ac3,2026-04-10 03:18:05.498624+00:00,approved,1,32.0,4,True,,True,0.0
A_simple_7d_entry_example_1x_threshold_0_3_6,13f5a19a-8702-485f-a087-d2d0e74ffdba,fd9b7f36-2943-4ceb-b658-83c814782ac3,2026-04-10 03:30:46.003307+00:00,approved,2,32.0,5,True,,True,0.0
A_simple_7d_entry_example_1x_threshold_0_3_6,f9e29f74-277d-4f41-9a59-ca1ea0c97607,fd9b7f36-2943-4ceb-b658-83c814782ac3,2026-04-10 03:48:00.679674+00:00,approved,1,32.0,6,True,,True,0.0
A_simple_7d_entry_example_1x_threshold_0_3_6,f70a07fb-c993-44bc-baf9-4e228767a187,fd9b7f36-2943-4ceb-b658-83c814782ac3,2026-04-10 04:03:30.631138+00:00,approved,2,32.0,7,True,,True,0.0
A_simple_7d_entry_example_1x_threshold_0_3_6,9813ea1f-39a7-44b2-a085-0e6be45a8e06,4ce403f9-c662-4caa-8576-c10e71f01c4b,2026-04-10 05:48:57.516452+00:00,pending,1,59.0,0,True,,True,0.0
A_simple_7d_entry_example_1x_threshold_0_3_6,2b4288f5-0f7c-4471-9e11-457bf1ffbe1b,4ce403f9-c662-4caa-8576-c10e71f01c4b,2026-04-10 05:55:45.129929+00:00,approved,1,59.0,1,True,,True,0.0
A_simple_7d_entry_example_1x_threshold_0_3_6,31958ede-704e-40e4-9614-27b080bebc51,4ce403f9-c662-4caa-8576-c10e71f01c4b,2026-04-10 06:48:54.096777+00:00,approved,1,59.0,2,True,,True,0.0
A_simple_7d_entry_example_1x_threshold_0_3_6,9331c97e-0917-46d9-9f39-7a24596292a7,4ce403f9-c662-4caa-8576-c10e71f01c4b,2026-04-10 06:53:53.013139+00:00,approved,1,59.0,3,True,,True,0.0
A_simple_7d_entry_example_1x_threshold_0_3_6,314c997f-adbe-4d8d-9a29-5df7489119d6,4ce403f9-c662-4caa-8576-c10e71f01c4b,2026-04-10 07:52:54.761889+00:00,approved,1,59.0,4,True,,True,0.0
A_simple_7d_entry_example_1x_threshold_0_3_6,89d853b9-d133-4a94-b546-aecc64d6af0d,4ce403f9-c662-4caa-8576-c10e71f01c4b,2026-04-10 08:09:20.873090+00:00,approved,1,59.0,5,True,,True,0.0
A_simple_7d_entry_example_1x_threshold_0_3_6,0e966df5-b6b0-44b9-b310-86f050cd0890,4ce403f9-c662-4caa-8576-c10e71f01c4b,2026-04-10 08:27:49.372098+00:00,approved,1,59.0,6,True,,True,0.0
A_simple_7d_entry_example_1x_threshold_0_3_6,a3977e6b-8460-46a1-b2f4-96c4b4a679e2,4ce403f9-c662-4caa-8576-c10e71f01c4b,2026-04-10 08:45:39.209368+00:00,approved,2,59.0,7,True,,True,0.0
A_simple_7d_entry_example_1x_threshold_0_3_6,bdae7fcc-9ea8-42b4-a79b-5d83c7a7e621,fd9b7f36-2943-4ceb-b658-83c814782ac3,2026-04-10 18:58:48.620746+00:00,pending,1,30.0,8,True,,True,0.0
A_simple_7d_entry_example_1x_threshold_0_3_6,98db7e0e-ab23-4847-ad9d-37b3bc52ab9a,fd9b7f36-2943-4ceb-b658-83c814782ac3,2026-04-10 19:10:25.260930+00:00,approved,2,30.0,9,True,,True,0.0
A_simple_7d_entry_example_1x_threshold_0_3_6,c4472511-751b-43dc-a149-48c4f3e198fa,4ce403f9-c662-4caa-8576-c10e71f01c4b,2026-04-10 19:15:17.174123+00:00,pending,1,59.0,8,True,,True,0.0
A_simple_7d_entry_example_1x_threshold_0_3_6,9ff2460f-20e0-46cf-af52-4965eb173f53,4ce403f9-c662-4caa-8576-c10e71f01c4b,2026-04-10 19:20:03.435847+00:00,pending,2,59.0,9,True,,True,0.0
A_simple_7d_entry_example_1x_threshold_0_3_6,c3df13be-b19f-4691-9d63-5b9028269aad,4ce403f9-c662-4caa-8576-c10e71f01c4b,2026-04-10 19:24:01.225780+00:00,pending,1,59.0,10,True,,True,0.0
A_simple_7d_entry_example_1x_threshold_0_3_6,f9f7dbaf-7a24-48b0-a9e0-3ecbccaf2b27,a57f0fd6-6977-43c3-86bb-cd34ef2a7a29,2026-04-10 20:16:55.738678+00:00,pending,0,77.0,0,True,,True,0.0
A_simple_7d_entry_example_1x_threshold_0_3_6,d5829b6e-4db1-4f05-8484-5069f8b6927a,4ce403f9-c662-4caa-8576-c10e71f01c4b,2026-04-10 20:36:26.401835+00:00,approved,1,59.0,11,True,,True,0.0
A_simple_7d_entry_example_1x_threshold_0_3_6,cf47bb54-a267-47cd-903c-e783e18b5ad6,4ce403f9-c662-4caa-8576-c10e71f01c4b,2026-04-10 20:41:54.144329+00:00,approved,1,59.0,12,True,,True,0.0
A_simple_7d_entry_example_1x_threshold_0_3_6,ae09bd9d-a52a-4ca9-83db-7f318e1443b3,4ce403f9-c662-4caa-8576-c10e71f01c4b,2026-04-10 20:44:30.117651+00:00,pending,2,59.0,13,True,,True,0.0
A_simple_7d_entry_example_1x_threshold_0_3_6,ab228ccc-24a8-49d0-a42f-aef7be7c68eb,4ce403f9-c662-4caa-8576-c10e71f01c4b,2026-04-10 20:47:42.406970+00:00,approved,2,59.0,14,True,,True,0.0
A_simple_7d_entry_example_1x_threshold_0_3_6,88bd0278-b66a-4836-8d0e-0887afb4853b,a57f0fd6-6977-43c3-86bb-cd34ef2a7a29,2026-04-10 21:34:41.077704+00:00,approved,1,81.0,1,True,,True,0.0
A_simple_7d_entry_example_1x_threshold_0_3_6,bb702e61-9d7e-46bf-a8e6-951d106134ef,a57f0fd6-6977-43c3-86bb-cd34ef2a7a29,2026-04-11 10:09:38.646854+00:00,pending,1,87.0,0,True,,True,0.0
A_simple_7d_entry_example_1x_threshold_0_3_6,ee785f6c-2751-467a-8e3e-6eae6ad147c6,a57f0fd6-6977-43c3-86bb-cd34ef2a7a29,2026-04-11 10:20:42.275846+00:00,approved,1,87.0,1,True,,True,0.0
A_simple_7d_entry_example_1x_threshold_0_3_6,8fb46c93-a45f-4ad1-8a7c-ead24433ed85,a57f0fd6-6977-43c3-86bb-cd34ef2a7a29,2026-04-11 10:56:13.935259+00:00,approved,1,87.0,2,True,,True,0.0
A_simple_7d_entry_example_1x_threshold_0_3_6,41fd6db1-6290-42e9-b15a-a5fe77e9bcd0,69ce191d-25f7-4ae6-b5fc-26bdc90e84aa,2026-04-11 14:06:20.728967+00:00,approved,2,31.0,0,True,,True,0.0
A_simple_7d_entry_example_1x_threshold_0_3_6,77274b01-ab23-45ee-bb13-ef8e009325de,69ce191d-25f7-4ae6-b5fc-26bdc90e84aa,2026-04-11 14:25:26.255782+00:00,approved,2,33.0,1,True,,True,0.0
A_simple_7d_entry_example_1x_threshold_0_3_6,fbbcfa44-2b40-4e67-9624-fa65db741726,a57f0fd6-6977-43c3-86bb-cd34ef2a7a29,2026-04-11 17:22:41.004636+00:00,pending,1,84.0,3,True,,True,0.0
A_simple_7d_entry_example_1x_threshold_0_3_6,f803d8fa-37b5-4a3e-b256-a2c29f417715,4ce403f9-c662-4caa-8576-c10e71f01c4b,2026-04-11 19:15:15.855688+00:00,approved,2,55.0,0,True,,True,0.0
A_simple_7d_entry_example_1x_threshold_0_3_6,2c9bcfcc-1aef-4868-992d-a0acc9eaa635,a57f0fd6-6977-43c3-86bb-cd34ef2a7a29,2026-04-12 00:44:26.001063+00:00,pending,0,87.0,0,True,,True,0.0
A_simple_7d_entry_example_1x_threshold_0_3_6,0377de0a-3a4f-4095-b954-1cad82a73d1f,a57f0fd6-6977-43c3-86bb-cd34ef2a7a29,2026-04-12 12:32:29.811761+00:00,pending,3,77.0,1,True,,True,0.0
A_simple_7d_entry_example_1x_threshold_0_3_6,fc1a7636-b194-418e-baee-e58c2f573d1e,a57f0fd6-6977-43c3-86bb-cd34ef2a7a29,2026-04-12 14:34:18.970569+00:00,pending,1,76.0,2,True,,True,0.0
A_simple_7d_entry_example_1x_threshold_0_3_6,2fcb5d2e-512a-4542-9702-193df73c8f35,a57f0fd6-6977-43c3-86bb-cd34ef2a7a29,2026-04-12 14:39:45.097544+00:00,pending,2,76.0,3,True,,True,0.0
A_simple_7d_entry_example_1x_threshold_0_3_6,3a86f5ff-b486-4b1e-9480-98e9bcd7afc8,a57f0fd6-6977-43c3-86bb-cd34ef2a7a29,2026-04-12 14:54:46.676431+00:00,pending,-1,76.0,4,True,,True,0.0
A_simple_7d_entry_example_1x_threshold_0_3_6,27c36138-7835-407a-aa22-cfac4cdc403b,a57f0fd6-6977-43c3-86bb-cd34ef2a7a29,2026-04-12 15:01:25.876558+00:00,pending,-1,76.0,5,True,,True,0.0
A_simple_7d_entry_example_1x_threshold_0_3_6,822770b0-fdf1-4f55-a0fb-9f69e75ff13a,a57f0fd6-6977-43c3-86bb-cd34ef2a7a29,2026-04-12 15:04:46.533408+00:00,pending,-1,76.0,6,True,,True,0.0
A_simple_7d_entry_example_1x_threshold_0_3_6,7484ac17-73b2-45d4-9ae7-3e1a8ede2905,a57f0fd6-6977-43c3-86bb-cd34ef2a7a29,2026-04-12 15:07:44.353168+00:00,approved,0,76.0,7,True,,True,0.0
A_simple_7d_entry_example_1x_threshold_0_3_6,70117813-54bb-45e1-a4ff-fce1cf73e19b,a57f0fd6-6977-43c3-86bb-cd34ef2a7a29,2026-04-12 18:15:30.688067+00:00,pending,0,76.0,8,True,,True,0.0
A_simple_7d_entry_example_1x_threshold_0_3_6,065a1cd9-345a-4ea7-b04a-9f7544a1d2f7,a57f0fd6-6977-43c3-86bb-cd34ef2a7a29,2026-04-12 18:19:55.929840+00:00,pending,0,76.0,9,True,,True,0.0
A_simple_7d_entry_example_1x_threshold_0_3_6,d9d7f08e-7454-41e3-834f-4cca6ffc586f,a57f0fd6-6977-43c3-86bb-cd34ef2a7a29,2026-04-12 20:05:16.261333+00:00,approved,2,76.0,10,True,,True,0.0
A_simple_7d_entry_example_1x_threshold_0_3_6,8b30bdb8-92de-4cbc-8e2c-cc363ecd99b2,a57f0fd6-6977-43c3-86bb-cd34ef2a7a29,2026-04-12 20:49:18.921282+00:00,pending,1,76.0,11,True,,True,0.0
A_simple_7d_entry_example_1x_threshold_0_3_6,874812dd-4a8e-4fd9-8060-2f842ad4ca7e,a57f0fd6-6977-43c3-86bb-cd34ef2a7a29,2026-04-12 23:04:20.444762+00:00,pending,3,76.0,12,True,,True,0.0
A_simple_7d_entry_example_1x_threshold_0_3_6,74c14866-c8be-44aa-9904-6ecbf0d7cac6,a57f0fd6-6977-43c3-86bb-cd34ef2a7a29,2026-04-13 13:43:04.181632+00:00,pending,1,78.0,0,True,,True,0.0
A_simple_7d_entry_example_1x_threshold_0_3_6,6e9e356c-b064-4c4b-aba2-662c92e3ba7b,a57f0fd6-6977-43c3-86bb-cd34ef2a7a29,2026-04-13 13:48:46.148146+00:00,pending,1,78.0,1,True,,True,0.0
A_simple_7d_entry_example_1x_threshold_0_3_6,6cc38f95-261d-4fe5-aeef-9ff7f05c037e,a57f0fd6-6977-43c3-86bb-cd34ef2a7a29,2026-04-13 19:02:49.386568+00:00,pending,1,76.0,2,True,,True,0.0
A_simple_7d_entry_example_1x_threshold_0_3_6,9a013578-2dd6-4e23-9b2a-1758c949c6df,a57f0fd6-6977-43c3-86bb-cd34ef2a7a29,2026-04-14 13:24:15.813345+00:00,pending,1,69.0,0,True,,True,0.0
A_simple_7d_entry_example_1x_threshold_0_3_6,4d8c4ed6-9831-4789-9436-f65e8b948e97,fd9b7f36-2943-4ceb-b658-83c814782ac3,2026-04-14 13:41:00.198037+00:00,pending,-1,12.0,0,True,,True,0.0
A_simple_7d_entry_example_1x_threshold_0_3_6,32e7a341-9b53-41b5-9b94-1656d9da4d7b,fd9b7f36-2943-4ceb-b658-83c814782ac3,2026-04-14 13:43:46.900546+00:00,pending,0,12.0,1,True,,True,0.0
A_simple_7d_entry_example_1x_threshold_0_3_6,a5d68ecb-164d-4a0b-9c39-2b0f133b83ca,fd9b7f36-2943-4ceb-b658-83c814782ac3,2026-04-14 14:12:04.608465+00:00,approved,2,12.0,2,True,,True,0.0
A_simple_7d_entry_example_1x_threshold_0_3_6,8db3b8a2-ec75-4486-a7fa-68799e95ce58,a57f0fd6-6977-43c3-86bb-cd34ef2a7a29,2026-04-14 14:27:59.607735+00:00,pending,1,71.0,1,True,,True,0.0
A_simple_7d_entry_example_1x_threshold_0_3_6,3dd9881e-c7b0-44ee-9b57-59fbc34de5b3,fd9b7f36-2943-4ceb-b658-83c814782ac3,2026-04-14 14:36:46.403901+00:00,approved,2,12.0,3,True,,True,0.0
A_simple_7d_entry_example_1x_threshold_0_3_6,0060495f-869a-43a3-bff1-9bb060a7f50c,fd9b7f36-2943-4ceb-b658-83c814782ac3,2026-04-14 14:40:10.974547+00:00,approved,2,12.0,4,True,,True,0.0
A_simple_7d_entry_example_1x_threshold_0_3_6,95e004cd-cde1-41a1-8809-aa88d60584dc,a57f0fd6-6977-43c3-86bb-cd34ef2a7a29,2026-04-14 17:48:34.919081+00:00,approved,2,73.0,2,True,,True,0.0
A_simple_7d_entry_example_1x_threshold_0_3_6,332ece9d-bc5e-42db-9b83-ad2a0793d7fd,a57f0fd6-6977-43c3-86bb-cd34ef2a7a29,2026-04-14 18:23:20.807033+00:00,pending,1,73.0,3,True,,True,0.0
A_simple_7d_entry_example_1x_threshold_0_3_6,4667e4c7-1112-4334-b255-8eb2e45b19ef,a57f0fd6-6977-43c3-86bb-cd34ef2a7a29,2026-04-14 18:27:37.725221+00:00,pending,0,73.0,4,True,,True,0.0
A_simple_7d_entry_example_1x_threshold_0_3_6,45543dee-e2d9-4520-b5f7-c39cbea778aa,a57f0fd6-6977-43c3-86bb-cd34ef2a7a29,2026-04-14 18:33:11.562451+00:00,pending,2,73.0,5,True,,True,0.0
A_simple_7d_entry_example_1x_threshold_0_3_6,fc005273-2c89-48ed-83dc-93970d76ac96,a57f0fd6-6977-43c3-86bb-cd34ef2a7a29,2026-04-14 18:42:35.535309+00:00,pending,2,73.0,6,True,,True,0.0
A_simple_7d_entry_example_1x_threshold_0_3_6,3642b719-da35-4af2-96f6-ea44d4724d20,a57f0fd6-6977-43c3-86bb-cd34ef2a7a29,2026-04-14 22:06:35.620329+00:00,pending,2,73.0,7,True,,True,0.0
A_simple_7d_entry_example_1x_threshold_0_3_6,39b4e48b-0a33-4a20-9a46-7b9572d2b453,ce6e5c8c-b2e1-4acd-89fe-b42fe49a86bc,2026-04-15 00:46:30.112719+00:00,pending,2,7.0,0,True,,True,0.0
A_simple_7d_entry_example_1x_threshold_0_3_6,ccdd2ba6-8ee6-49d0-9804-0a4d942a437e,a57f0fd6-6977-43c3-86bb-cd34ef2a7a29,2026-04-15 14:16:14.938967+00:00,pending,1,72.0,0,True,,True,0.0
A_simple_7d_entry_example_1x_threshold_0_3_6,fddd9c73-bc5e-4062-9161-d645add18aea,a57f0fd6-6977-43c3-86bb-cd34ef2a7a29,2026-04-15 15:34:33.839534+00:00,pending,1,72.0,1,True,,True,0.0
A_simple_7d_entry_example_1x_threshold_0_3_6,ebe500fd-27f3-4b76-b3c7-3c31a107d94a,392a03db-0ab2-42c7-bf58-3acde7de9d5d,2026-04-15 16:23:39.686499+00:00,approved,1,3.0,0,True,2.0,False,3.0
A_simple_7d_entry_example_1x_threshold_0_3_6,28adb370-197d-43af-9796-b17d63b7f1c2,a57f0fd6-6977-43c3-86bb-cd34ef2a7a29,2026-04-15 16:57:34.295233+00:00,pending,1,72.0,2,True,,True,0.0
A_simple_7d_entry_example_1x_threshold_0_3_6,797e16cb-5a7d-436e-a40c-38711e6fceab,a57f0fd6-6977-43c3-86bb-cd34ef2a7a29,2026-04-15 19:22:28.708096+00:00,pending,1,72.0,3,True,,True,0.0
A_simple_7d_entry_example_1x_threshold_0_3_6,f8e1029f-e86c-4e40-bb79-31e587ed3113,fd9b7f36-2943-4ceb-b658-83c814782ac3,2026-04-15 19:28:35.317005+00:00,approved,1,18.0,0,True,,True,0.0
A_simple_7d_entry_example_1x_threshold_0_3_6,575a9052-1a64-41e3-ab93-55ea913f9fbc,fd9b7f36-2943-4ceb-b658-83c814782ac3,2026-04-15 19:33:44.402991+00:00,approved,1,18.0,1,True,,True,0.0
A_simple_7d_entry_example_1x_threshold_0_3_6,8770249a-3efc-481a-8c9d-9a08194b803b,392a03db-0ab2-42c7-bf58-3acde7de9d5d,2026-04-15 20:00:33.997771+00:00,approved,1,6.0,1,True,,True,0.0
A_simple_7d_entry_example_1x_threshold_0_3_6,4c12dbdc-d0f0-4c38-83de-451e410e4009,392a03db-0ab2-42c7-bf58-3acde7de9d5d,2026-04-15 20:14:07.943870+00:00,approved,1,6.0,2,True,,True,0.0
A_simple_7d_entry_example_1x_threshold_0_3_6,70596937-62d2-44de-9293-8e44ff0a8e62,392a03db-0ab2-42c7-bf58-3acde7de9d5d,2026-04-15 20:29:02.151173+00:00,approved,1,6.0,3,True,,True,0.0
A_simple_7d_entry_example_1x_threshold_0_3_6,9dfdc66d-bca2-4803-ae0e-17af9366ef0d,fd9b7f36-2943-4ceb-b658-83c814782ac3,2026-04-15 20:42:54.469438+00:00,pending,0,18.0,2,True,,True,0.0
A_simple_7d_entry_example_1x_threshold_0_3_6,04e8ba6e-7d06-4c87-aace-d666892ce7fd,392a03db-0ab2-42c7-bf58-3acde7de9d5d,2026-04-15 21:17:09.115441+00:00,approved,1,6.0,4,True,,True,0.0
A_simple_7d_entry_example_1x_threshold_0_3_6,0301b1e5-9672-4e69-afbb-9b39bd02fa64,a57f0fd6-6977-43c3-86bb-cd34ef2a7a29,2026-04-15 21:31:08.880407+00:00,pending,1,73.0,4,True,,True,0.0
A_simple_7d_entry_example_1x_threshold_0_3_6,225887b4-3e76-4d67-8b13-086514a6413f,a57f0fd6-6977-43c3-86bb-cd34ef2a7a29,2026-04-15 21:45:08.664001+00:00,pending,1,73.0,5,True,,True,0.0
A_simple_7d_entry_example_1x_threshold_0_3_6,1b7bfebd-eff7-452f-9f40-1770f4768d97,392a03db-0ab2-42c7-bf58-3acde7de9d5d,2026-04-15 23:50:20.872751+00:00,approved,1,6.0,5,True,,True,0.0
A_simple_7d_entry_example_1x_threshold_0_3_6,e53cf49e-1029-4bee-940a-d8f0d588ea8b,392a03db-0ab2-42c7-bf58-3acde7de9d5d,2026-04-16 00:23:26.928233+00:00,approved,1,10.0,0,True,,True,0.0
A_simple_7d_entry_example_1x_threshold_0_3_6,859aa600-4177-41ee-b69e-382d93aaf8a0,a57f0fd6-6977-43c3-86bb-cd34ef2a7a29,2026-04-16 00:34:16.656080+00:00,pending,1,75.0,0,True,,True,0.0
A_simple_7d_entry_example_1x_threshold_0_3_6,f6fdb04f-0b04-46a8-a78d-75e6f2788d63,a57f0fd6-6977-43c3-86bb-cd34ef2a7a29,2026-04-16 00:40:26.877376+00:00,pending,1,75.0,1,True,,True,0.0
A_simple_7d_entry_example_1x_threshold_0_3_6,10c45b0d-90a2-49b3-961a-52887e77ff2a,a57f0fd6-6977-43c3-86bb-cd34ef2a7a29,2026-04-16 01:04:04.714100+00:00,pending,1,75.0,2,True,,True,0.0
A_simple_7d_entry_example_1x_threshold_0_3_6,66d22b00-b121-42ff-bc80-07d9a74745f9,a57f0fd6-6977-43c3-86bb-cd34ef2a7a29,2026-04-16 01:16:12.718270+00:00,pending,0,75.0,3,True,,True,0.0
A_simple_7d_entry_example_1x_threshold_0_3_6,5334d367-bd0a-486b-9496-794e260906b7,a57f0fd6-6977-43c3-86bb-cd34ef2a7a29,2026-04-16 01:20:39.584592+00:00,pending,0,75.0,4,True,,True,0.0
A_simple_7d_entry_example_1x_threshold_0_3_6,14c40b60-cfd7-40ba-a519-e965c4562806,a57f0fd6-6977-43c3-86bb-cd34ef2a7a29,2026-04-16 01:26:37.570500+00:00,pending,1,75.0,5,True,,True,0.0
A_simple_7d_entry_example_1x_threshold_0_3_6,a9938e2c-cfc0-4f85-af0e-23f5a7b7c9ba,a57f0fd6-6977-43c3-86bb-cd34ef2a7a29,2026-04-16 01:33:11.612212+00:00,pending,1,75.0,6,True,,True,0.0
A_simple_7d_entry_example_1x_threshold_0_3_6,55f59f23-8154-4b80-bb46-76bf263cff5f,a57f0fd6-6977-43c3-86bb-cd34ef2a7a29,2026-04-16 01:58:17.939640+00:00,pending,1,75.0,7,True,,True,0.0
A_simple_7d_entry_example_1x_threshold_0_3_6,1d8f6210-ebc1-4b1f-a17c-78a5fe7a7dac,a57f0fd6-6977-43c3-86bb-cd34ef2a7a29,2026-04-16 11:29:18.176019+00:00,approved,1,74.0,8,True,,True,0.0
A_simple_7d_entry_example_1x_threshold_0_3_6,aa8ecd86-9859-4ee5-921e-a60c8da5dd85,a57f0fd6-6977-43c3-86bb-cd34ef2a7a29,2026-04-16 11:33:17.473515+00:00,approved,1,74.0,9,True,,True,0.0
A_simple_7d_entry_example_1x_threshold_0_3_6,227f7669-2337-4aaf-b3e2-47c0527d5a87,a57f0fd6-6977-43c3-86bb-cd34ef2a7a29,2026-04-16 11:40:55.155566+00:00,pending,1,74.0,10,True,,True,0.0
A_simple_7d_entry_example_1x_threshold_0_3_6,72fe924a-371c-4bea-a995-ecf2ce1c5cfd,a57f0fd6-6977-43c3-86bb-cd34ef2a7a29,2026-04-16 11:53:12.069332+00:00,pending,1,74.0,11,True,,True,0.0
A_simple_7d_entry_example_1x_threshold_0_3_6,86c05373-b7f0-4a19-b903-306768f90722,a57f0fd6-6977-43c3-86bb-cd34ef2a7a29,2026-04-16 11:56:57.392687+00:00,approved,2,74.0,12,True,,True,0.0
A_simple_7d_entry_example_1x_threshold_0_3_6,456514a4-4913-4827-8d91-ad9b91b9bda3,a57f0fd6-6977-43c3-86bb-cd34ef2a7a29,2026-04-16 11:58:45.017065+00:00,approved,2,74.0,13,True,,True,0.0
A_simple_7d_entry_example_1x_threshold_0_3_6,cce27aa3-ca35-485a-973a-ddc13a6b0425,392a03db-0ab2-42c7-bf58-3acde7de9d5d,2026-04-16 17:35:52.155675+00:00,approved,1,15.0,1,True,,True,0.0
A_simple_7d_entry_example_1x_threshold_0_3_6,e34d20b4-73df-467c-a286-d4a7ce3a3ae1,a57f0fd6-6977-43c3-86bb-cd34ef2a7a29,2026-04-16 20:01:13.160825+00:00,pending,2,73.0,14,True,,True,0.0
A_simple_7d_entry_example_1x_threshold_0_3_6,3a63c04b-d89e-4c96-9891-12cb3fe29f91,a57f0fd6-6977-43c3-86bb-cd34ef2a7a29,2026-04-16 20:26:53.650493+00:00,pending,3,73.0,15,True,,True,0.0
A_simple_7d_entry_example_1x_threshold_0_3_6,83831632-5742-404e-a708-a4f410b143ea,a57f0fd6-6977-43c3-86bb-cd34ef2a7a29,2026-04-16 20:58:15.266001+00:00,pending,2,73.0,16,True,,True,0.0
A_simple_7d_entry_example_1x_threshold_0_3_6,cd74bac3-a1ad-4479-9dd4-e837284cbd7e,a57f0fd6-6977-43c3-86bb-cd34ef2a7a29,2026-04-16 22:15:49.985278+00:00,pending,2,73.0,17,True,,True,0.0
A_simple_7d_entry_example_1x_threshold_0_3_6,c0a85f66-c0d5-41f3-a717-670748d0088b,392a03db-0ab2-42c7-bf58-3acde7de9d5d,2026-04-16 22:29:09.364833+00:00,approved,2,15.0,2,True,,True,0.0
A_simple_7d_entry_example_1x_threshold_0_3_6,ba80fcb6-6e11-4e18-9e08-e8fd714812e0,392a03db-0ab2-42c7-bf58-3acde7de9d5d,2026-04-16 22:33:34.219091+00:00,pending,1,15.0,3,True,,True,0.0
A_simple_7d_entry_example_1x_threshold_0_3_6,87d03fe9-efd7-4768-b1d9-1b661eb8cc2f,392a03db-0ab2-42c7-bf58-3acde7de9d5d,2026-04-16 22:40:57.924456+00:00,pending,2,15.0,4,True,,True,0.0
A_simple_7d_entry_example_1x_threshold_0_3_6,f7628df8-ce1e-45fe-b469-220d3f250dd2,392a03db-0ab2-42c7-bf58-3acde7de9d5d,2026-04-16 22:47:40.614695+00:00,approved,3,15.0,5,True,,True,0.0
A_simple_7d_entry_example_1x_threshold_0_3_6,c8421a3d-cd85-4951-b70e-4f68f8eaa71e,392a03db-0ab2-42c7-bf58-3acde7de9d5d,2026-04-16 22:54:16.871019+00:00,approved,2,15.0,6,True,,True,0.0
A_simple_7d_entry_example_1x_threshold_0_3_6,74c6ae67-f75c-4cdd-b5f3-e9e76a4d426a,392a03db-0ab2-42c7-bf58-3acde7de9d5d,2026-04-16 22:58:07.424834+00:00,approved,4,15.0,7,True,,True,0.0
A_simple_7d_entry_example_1x_threshold_0_3_6,20f70b28-dfac-4228-9122-c615d7bb23d6,392a03db-0ab2-42c7-bf58-3acde7de9d5d,2026-04-16 23:02:16.841255+00:00,approved,2,15.0,8,True,,True,0.0
A_simple_7d_entry_example_1x_threshold_0_3_6,bc1c9483-ba77-435d-aed9-e1990cad7609,a57f0fd6-6977-43c3-86bb-cd34ef2a7a29,2026-04-17 13:57:05.967004+00:00,pending,1,67.0,0,True,,True,0.0
A_simple_7d_entry_example_1x_threshold_0_3_6,5878d3c0-204a-4701-8050-089d53d04803,a57f0fd6-6977-43c3-86bb-cd34ef2a7a29,2026-04-17 14:35:08.883040+00:00,pending,1,67.0,1,True,,True,0.0
A_simple_7d_entry_example_1x_threshold_0_3_6,09487269-ba97-4199-9666-f7385e0ca46f,a57f0fd6-6977-43c3-86bb-cd34ef2a7a29,2026-04-17 18:06:35.193034+00:00,pending,1,67.0,2,True,,True,0.0
A_simple_7d_entry_example_1x_threshold_0_3_6,f1cb12cf-484f-40c0-b762-e822cc14b952,a57f0fd6-6977-43c3-86bb-cd34ef2a7a29,2026-04-17 18:18:35.894494+00:00,pending,3,67.0,3,True,,True,0.0
A_simple_7d_entry_example_1x_threshold_0_3_6,38fca065-b03e-44ce-a1f0-38a28df86325,4ce403f9-c662-4caa-8576-c10e71f01c4b,2026-04-17 19:42:50.478406+00:00,pending,2,27.0,0,True,,True,0.0
A_simple_7d_entry_example_1x_threshold_0_3_6,838f9867-6d6d-4019-afe2-ce01d9b9432d,4ce403f9-c662-4caa-8576-c10e71f01c4b,2026-04-17 19:44:59.822102+00:00,pending,2,27.0,1,True,,True,0.0
A_simple_7d_entry_example_1x_threshold_0_3_6,980ccafe-c454-4903-b2cc-16ed817cd67e,a57f0fd6-6977-43c3-86bb-cd34ef2a7a29,2026-04-17 19:55:15.132300+00:00,pending,2,67.0,4,True,,True,0.0
A_simple_7d_entry_example_1x_threshold_0_3_6,af228821-af4a-4f94-89a7-710e28fcc49f,a57f0fd6-6977-43c3-86bb-cd34ef2a7a29,2026-04-17 20:06:54.978003+00:00,pending,2,63.0,5,True,,True,0.0
A_simple_7d_entry_example_1x_threshold_0_3_6,3580b235-f813-40f5-a638-10b5dc0890c0,a57f0fd6-6977-43c3-86bb-cd34ef2a7a29,2026-04-17 20:17:17.107907+00:00,pending,2,63.0,6,True,,True,0.0
A_simple_7d_entry_example_1x_threshold_0_3_6,1cfe8b08-dd4d-4a82-a836-c9f9a9e106cc,4ce403f9-c662-4caa-8576-c10e71f01c4b,2026-04-17 21:52:15.388621+00:00,pending,3,26.0,2,True,,True,0.0
A_simple_7d_entry_example_1x_threshold_0_3_6,5b955585-b85a-4cec-aaae-2ecaa11d9a9c,a57f0fd6-6977-43c3-86bb-cd34ef2a7a29,2026-04-18 00:15:24.212370+00:00,pending,2,65.0,0,True,,True,0.0
A_simple_7d_entry_example_1x_threshold_0_3_6,584dd41b-7c09-46c0-9c0e-f44188a707cd,a57f0fd6-6977-43c3-86bb-cd34ef2a7a29,2026-04-18 00:27:51.074083+00:00,pending,2,65.0,1,True,,True,0.0
A_simple_7d_entry_example_1x_threshold_0_3_6,fa632f8a-6661-408c-bd7b-b29035dce656,392a03db-0ab2-42c7-bf58-3acde7de9d5d,2026-04-18 02:01:21.134858+00:00,pending,4,18.0,0,True,,True,0.0
A_simple_7d_entry_example_1x_threshold_0_3_6,a0e0cb9c-ce18-4327-a6b3-1846c877281a,392a03db-0ab2-42c7-bf58-3acde7de9d5d,2026-04-18 02:13:03.746119+00:00,approved,2,21.0,1,True,,True,0.0
A_simple_7d_entry_example_1x_threshold_0_3_6,d129c327-56a6-4452-993f-d80b5ca8a6e7,a57f0fd6-6977-43c3-86bb-cd34ef2a7a29,2026-04-18 03:17:24.671702+00:00,pending,1,66.0,2,True,,True,0.0
A_simple_7d_entry_example_1x_threshold_0_3_6,fc89967e-af03-4de0-ac8b-5c81471c29d6,392a03db-0ab2-42c7-bf58-3acde7de9d5d,2026-04-18 14:41:42.285259+00:00,pending,2,22.0,2,True,,True,0.0
A_simple_7d_entry_example_1x_threshold_0_3_6,af6c3b42-1ffc-4188-a335-a3de5af08fae,392a03db-0ab2-42c7-bf58-3acde7de9d5d,2026-04-18 15:15:41.774206+00:00,approved,5,22.0,3,True,,True,0.0
A_simple_7d_entry_example_1x_threshold_0_3_6,cdbd38f6-f2f3-4d46-875a-29c4bb33d40d,392a03db-0ab2-42c7-bf58-3acde7de9d5d,2026-04-18 18:04:18.728856+00:00,approved,2,22.0,4,True,,True,0.0
A_simple_7d_entry_example_1x_threshold_0_3_6,1a060bef-914f-42bf-9899-f86e1ffcd699,ce6e5c8c-b2e1-4acd-89fe-b42fe49a86bc,2026-04-18 18:25:58.517742+00:00,approved,4,21.0,0,True,,True,0.0
A_simple_7d_entry_example_1x_threshold_0_3_6,d597dc05-4f94-4cb0-bebc-34c6effe56c9,4ce403f9-c662-4caa-8576-c10e71f01c4b,2026-04-18 20:28:31.254844+00:00,pending,2,22.0,0,True,,True,0.0
A_simple_7d_entry_example_1x_threshold_0_3_6,190e5cc6-d246-4bb8-9ec3-d320f1a74b11,68094f87-01d0-4966-aae7-21eb452e918d,2026-04-18 23:08:37.198011+00:00,approved,3,9.0,0,True,,True,0.0
A_simple_7d_entry_example_1x_threshold_0_3_6,5cd78345-dbb7-430d-b879-6f028e735930,68094f87-01d0-4966-aae7-21eb452e918d,2026-04-18 23:17:36.316891+00:00,approved,4,9.0,1,True,,True,0.0
A_simple_7d_entry_example_1x_threshold_0_3_6,e49fb55a-021e-4958-8e3f-82227c64b0cc,a57f0fd6-6977-43c3-86bb-cd34ef2a7a29,2026-04-18 23:56:45.621707+00:00,approved,3,54.0,3,True,,True,0.0
A_simple_7d_entry_example_1x_threshold_0_3_6,32191593-d0c7-4536-a046-f0f3da62c0a9,a57f0fd6-6977-43c3-86bb-cd34ef2a7a29,2026-04-19 00:12:47.551636+00:00,pending,3,60.0,0,True,,True,0.0
A_simple_7d_entry_example_1x_threshold_0_3_6,f2c575aa-3534-45be-9db1-498fe9686b5b,a57f0fd6-6977-43c3-86bb-cd34ef2a7a29,2026-04-19 00:21:52.666661+00:00,pending,1,60.0,1,True,,True,0.0
A_simple_7d_entry_example_1x_threshold_0_3_6,42c04f89-150a-4fd5-997f-fcd66b17210e,a57f0fd6-6977-43c3-86bb-cd34ef2a7a29,2026-04-19 00:38:14.828239+00:00,pending,2,57.0,2,True,,True,0.0
A_simple_7d_entry_example_1x_threshold_0_3_6,02b42f60-e086-474f-a6bd-6c4eadea3a4c,4ce403f9-c662-4caa-8576-c10e71f01c4b,2026-04-19 03:25:17.779442+00:00,approved,2,31.0,0,True,,True,0.0
A_simple_7d_entry_example_1x_threshold_0_3_6,44996974-7584-450d-b4a1-db3b522f0e9c,4ce403f9-c662-4caa-8576-c10e71f01c4b,2026-04-19 03:46:24.644515+00:00,pending,1,31.0,1,True,,True,0.0
A_simple_7d_entry_example_1x_threshold_0_3_6,02e8813d-1a1f-43c1-a2db-8c4507020d54,4ce403f9-c662-4caa-8576-c10e71f01c4b,2026-04-19 03:55:23.819416+00:00,pending,1,31.0,2,True,,True,0.0
A_simple_7d_entry_example_1x_threshold_0_3_6,b544b2cf-a659-43ec-acf3-7935c3d2fe6b,4ce403f9-c662-4caa-8576-c10e71f01c4b,2026-04-19 04:23:55.055074+00:00,pending,1,31.0,3,True,,True,0.0
A_simple_7d_entry_example_1x_threshold_0_3_6,f91233a0-d2f7-4f62-99c9-7811d5d8bc0c,4ce403f9-c662-4caa-8576-c10e71f01c4b,2026-04-19 04:30:53.751654+00:00,pending,1,31.0,4,True,,True,0.0
A_simple_7d_entry_example_1x_threshold_0_3_6,3d4a44c7-f4e5-406c-b578-43e865a5b13a,4ce403f9-c662-4caa-8576-c10e71f01c4b,2026-04-19 04:35:43.444196+00:00,pending,2,31.0,5,True,,True,0.0
A_simple_7d_entry_example_1x_threshold_0_3_6,c80e1419-6331-4396-857f-fbb808ac36b2,4ce403f9-c662-4caa-8576-c10e71f01c4b,2026-04-19 04:40:51.246881+00:00,pending,2,31.0,6,True,,True,0.0
A_simple_7d_entry_example_1x_threshold_0_3_6,b5f7a4db-c7bc-4a77-916d-9028301bf5fc,4ce403f9-c662-4caa-8576-c10e71f01c4b,2026-04-19 04:44:44.257879+00:00,approved,2,31.0,7,True,,True,0.0
A_simple_7d_entry_example_1x_threshold_0_3_6,9a9ade01-bd42-42dc-af47-1a9eb309d970,4ce403f9-c662-4caa-8576-c10e71f01c4b,2026-04-19 04:47:24.654038+00:00,approved,2,31.0,8,True,,True,0.0
A_simple_7d_entry_example_1x_threshold_0_3_6,a7ceceb8-b488-49f7-9feb-a8b5220bec57,a57f0fd6-6977-43c3-86bb-cd34ef2a7a29,2026-04-19 12:52:02.015472+00:00,pending,2,52.0,3,True,,True,0.0
A_simple_7d_entry_example_1x_threshold_0_3_6,68f72ef3-3228-4b12-ab9f-fb567650d7cf,a57f0fd6-6977-43c3-86bb-cd34ef2a7a29,2026-04-19 15:43:17.718537+00:00,pending,2,52.0,4,True,,True,0.0
A_simple_7d_entry_example_1x_threshold_0_3_6,cdcb1425-4e88-4a51-a862-003a25f4bcee,a57f0fd6-6977-43c3-86bb-cd34ef2a7a29,2026-04-19 15:47:12.994733+00:00,pending,2,52.0,5,True,,True,0.0
A_simple_7d_entry_example_1x_threshold_0_3_6,bd10d1fc-9736-4278-8a8c-980bb47aca68,392a03db-0ab2-42c7-bf58-3acde7de9d5d,2026-04-19 16:28:37.807544+00:00,pending,0,26.0,0,True,,True,0.0
A_simple_7d_entry_example_1x_threshold_0_3_6,f98aea1f-fa85-44a7-97b2-5406ac7cec09,a57f0fd6-6977-43c3-86bb-cd34ef2a7a29,2026-04-19 19:39:51.380414+00:00,pending,3,52.0,6,True,,True,0.0
A_simple_7d_entry_example_1x_threshold_0_3_6,5d9fbd2f-696a-4382-982a-49b151d26b2c,a57f0fd6-6977-43c3-86bb-cd34ef2a7a29,2026-04-19 23:59:57.800393+00:00,pending,2,52.0,7,True,,True,0.0
A_simple_7d_entry_example_1x_threshold_0_3_6,2926d25c-727a-4376-8f46-2f11706b9308,a57f0fd6-6977-43c3-86bb-cd34ef2a7a29,2026-04-20 14:56:21.637710+00:00,pending,2,46.0,0,True,,True,0.0
A_simple_7d_entry_example_1x_threshold_0_3_6,37fccae0-58a4-4b76-8c99-aba46a5f8d6c,392a03db-0ab2-42c7-bf58-3acde7de9d5d,2026-04-20 15:03:13.561334+00:00,pending,2,29.0,0,True,,True,0.0
A_simple_7d_entry_example_1x_threshold_0_3_6,5935e8aa-6452-47ad-ae59-5f38a1a53268,a57f0fd6-6977-43c3-86bb-cd34ef2a7a29,2026-04-20 17:04:44.923694+00:00,pending,2,49.0,1,True,,True,0.0
A_simple_7d_entry_example_1x_threshold_0_3_6,639809cf-83b5-47ba-a25c-45a0358f7797,a57f0fd6-6977-43c3-86bb-cd34ef2a7a29,2026-04-20 20:07:18.679294+00:00,pending,1,49.0,2,True,,True,0.0
A_simple_7d_entry_example_1x_threshold_0_3_6,89ba2262-f3c5-4742-9f1c-d270433c2dd3,a57f0fd6-6977-43c3-86bb-cd34ef2a7a29,2026-04-20 20:39:03.435082+00:00,pending,1,49.0,3,True,,True,0.0
A_simple_7d_entry_example_1x_threshold_0_3_6,0405fae8-11a4-478b-86e2-ed60e9a4a553,a57f0fd6-6977-43c3-86bb-cd34ef2a7a29,2026-04-20 20:47:39.666781+00:00,pending,1,49.0,4,True,,True,0.0
A_simple_7d_entry_example_1x_threshold_0_3_6,39dd3801-1da4-432e-ae39-58660f1eb025,fd9b7f36-2943-4ceb-b658-83c814782ac3,2026-04-20 21:03:52.061313+00:00,approved,3,18.0,0,True,,True,0.0
A_simple_7d_entry_example_1x_threshold_0_3_6,857572ac-0235-4ee4-9be2-343dca03d4fb,fd9b7f36-2943-4ceb-b658-83c814782ac3,2026-04-20 21:07:15.244606+00:00,approved,3,18.0,1,True,,True,0.0
A_simple_7d_entry_example_1x_threshold_0_3_6,fd6c2eb7-0b67-4cf0-8995-5f833db2de7c,fd9b7f36-2943-4ceb-b658-83c814782ac3,2026-04-20 21:24:46.025928+00:00,approved,2,18.0,2,True,,True,0.0
A_simple_7d_entry_example_1x_threshold_0_3_6,925e6ba8-9a3b-47f5-8267-819fce140b29,392a03db-0ab2-42c7-bf58-3acde7de9d5d,2026-04-20 21:56:01.354668+00:00,pending,0,31.0,1,True,,True,0.0
A_simple_7d_entry_example_1x_threshold_0_3_6,c1b877a0-fc59-4924-a732-d7acb60add21,a57f0fd6-6977-43c3-86bb-cd34ef2a7a29,2026-04-20 22:21:25.228603+00:00,pending,3,49.0,5,True,,True,0.0
A_simple_7d_entry_example_1x_threshold_0_3_6,3ce80d5a-b18d-49df-83d3-1bd8c05b29c8,392a03db-0ab2-42c7-bf58-3acde7de9d5d,2026-04-21 00:25:04.911204+00:00,pending,1,34.0,0,True,,True,0.0
A_simple_7d_entry_example_1x_threshold_0_3_6,bd09e29c-76e6-4948-9ef1-f449a6e32c3d,fd9b7f36-2943-4ceb-b658-83c814782ac3,2026-04-21 02:45:57.447735+00:00,approved,2,24.0,0,True,,True,0.0
A_simple_7d_entry_example_1x_threshold_0_3_6,f6fedc31-c141-42ac-bf7f-768eb1fba166,392a03db-0ab2-42c7-bf58-3acde7de9d5d,2026-04-21 03:26:02.023980+00:00,approved,3,37.0,1,True,,True,0.0
A_simple_7d_entry_example_1x_threshold_0_3_6,d69a4f94-1f5a-4041-89f0-29e5f90a67ab,392a03db-0ab2-42c7-bf58-3acde7de9d5d,2026-04-21 04:09:18.084619+00:00,approved,1,37.0,2,True,,True,0.0
A_simple_7d_entry_example_1x_threshold_0_3_6,c71db8b6-09cb-4491-b83c-0d396bac7a9e,392a03db-0ab2-42c7-bf58-3acde7de9d5d,2026-04-21 04:23:06.806990+00:00,approved,2,37.0,3,True,,True,0.0
A_simple_7d_entry_example_1x_threshold_0_3_6,10c5e7ae-0a82-411a-8935-437970326f9b,392a03db-0ab2-42c7-bf58-3acde7de9d5d,2026-04-21 16:55:45.479127+00:00,pending,1,38.0,4,True,,True,0.0
A_simple_7d_entry_example_1x_threshold_0_3_6,8677f3ed-2a98-478b-bcfa-bda614539b64,392a03db-0ab2-42c7-bf58-3acde7de9d5d,2026-04-21 17:01:47.864082+00:00,pending,0,38.0,5,True,,True,0.0
A_simple_7d_entry_example_1x_threshold_0_3_6,c373da49-ee5f-4e09-a637-f9771a79b52c,392a03db-0ab2-42c7-bf58-3acde7de9d5d,2026-04-21 17:05:26.603280+00:00,pending,0,38.0,6,True,,True,0.0
A_simple_7d_entry_example_1x_threshold_0_3_6,b71e2c04-bca2-4ac2-aee1-f876bf9ec139,392a03db-0ab2-42c7-bf58-3acde7de9d5d,2026-04-21 17:57:02.711606+00:00,pending,0,38.0,7,True,,True,0.0
A_simple_7d_entry_example_1x_threshold_0_3_6,760810ad-f67b-4907-9538-41c07686095c,392a03db-0ab2-42c7-bf58-3acde7de9d5d,2026-04-21 21:13:42.061578+00:00,pending,0,38.0,8,True,,True,0.0
A_simple_7d_entry_example_1x_threshold_0_3_6,5a41911b-3db6-4c2a-8b96-12db217cf850,392a03db-0ab2-42c7-bf58-3acde7de9d5d,2026-04-22 00:02:39.889179+00:00,pending,0,41.0,0,True,,True,0.0
A_simple_7d_entry_example_1x_threshold_0_3_6,41f30708-2e2a-486b-bda8-b990008183b4,392a03db-0ab2-42c7-bf58-3acde7de9d5d,2026-04-22 00:11:18.298241+00:00,pending,0,44.0,1,True,,True,0.0
A_simple_7d_entry_example_1x_threshold_0_3_6,d9b483d8-5193-4f23-99d4-c343f81bb410,392a03db-0ab2-42c7-bf58-3acde7de9d5d,2026-04-22 00:42:56.943524+00:00,pending,1,44.0,2,True,,True,0.0
A_simple_7d_entry_example_1x_threshold_0_3_6,5f00eb22-a793-40f7-b829-0f6b136fe951,392a03db-0ab2-42c7-bf58-3acde7de9d5d,2026-04-22 03:51:05.853886+00:00,pending,0,44.0,3,True,,True,0.0
A_simple_7d_entry_example_1x_threshold_0_3_6,216ce11e-a7d9-45f8-996d-3afe35e36be6,392a03db-0ab2-42c7-bf58-3acde7de9d5d,2026-04-22 15:36:51.417391+00:00,approved,1,44.0,4,True,,True,0.0
A_simple_7d_entry_example_1x_threshold_0_3_6,2c029705-a38a-47a2-94d6-881887522d0b,392a03db-0ab2-42c7-bf58-3acde7de9d5d,2026-04-22 15:49:32.242549+00:00,approved,1,44.0,5,True,,True,0.0
A_simple_7d_entry_example_1x_threshold_0_3_6,7c076b17-8360-4d23-8e52-d83f7a0473ab,a57f0fd6-6977-43c3-86bb-cd34ef2a7a29,2026-04-22 17:01:30.494248+00:00,pending,1,36.0,0,True,,True,0.0
A_simple_7d_entry_example_1x_threshold_0_3_6,bafa397b-8767-4d13-be64-07de8e226d07,392a03db-0ab2-42c7-bf58-3acde7de9d5d,2026-04-22 21:32:25.658050+00:00,pending,-1,41.0,6,True,,True,0.0
A_simple_7d_entry_example_1x_threshold_0_3_6,66b42626-3f13-473c-a9cb-e658335f6b28,392a03db-0ab2-42c7-bf58-3acde7de9d5d,2026-04-22 21:34:43.837084+00:00,approved,2,41.0,7,True,,True,0.0
A_simple_7d_entry_example_1x_threshold_0_3_6,3f13697b-8984-4f68-8007-b58e5c89a281,a57f0fd6-6977-43c3-86bb-cd34ef2a7a29,2026-04-22 23:32:10.106790+00:00,pending,0,38.0,1,True,,True,0.0
A_simple_7d_entry_example_1x_threshold_0_3_6,cefaf20a-a919-42e2-ae46-706c3cfe60c0,fd9b7f36-2943-4ceb-b658-83c814782ac3,2026-04-23 02:17:28.928469+00:00,pending,0,18.0,0,True,,True,0.0
A_simple_7d_entry_example_1x_threshold_0_3_6,f1bb68fb-ea55-4515-814b-5f8d16ce4876,fd9b7f36-2943-4ceb-b658-83c814782ac3,2026-04-23 02:39:02.579148+00:00,pending,1,18.0,1,True,,True,0.0
A_simple_7d_entry_example_1x_threshold_0_3_6,13b37226-3ad0-4175-a391-2245ed0189bd,fd9b7f36-2943-4ceb-b658-83c814782ac3,2026-04-23 02:52:55.161676+00:00,pending,0,18.0,2,True,,True,0.0
A_simple_7d_entry_example_1x_threshold_0_3_6,3035c992-455f-4f6e-9217-c0e883713600,fd9b7f36-2943-4ceb-b658-83c814782ac3,2026-04-23 03:23:13.893026+00:00,pending,1,18.0,3,True,,True,0.0
A_simple_7d_entry_example_1x_threshold_0_3_6,84faab01-303e-4e90-95c4-c1332c456999,fd9b7f36-2943-4ceb-b658-83c814782ac3,2026-04-23 03:32:33.473055+00:00,pending,0,18.0,4,True,,True,0.0
A_simple_7d_entry_example_1x_threshold_0_3_6,39c9b9a1-2c08-455f-bfe5-2dee5a1f2091,fd9b7f36-2943-4ceb-b658-83c814782ac3,2026-04-23 04:17:56.382850+00:00,pending,1,18.0,5,True,,True,0.0
A_simple_7d_entry_example_1x_threshold_0_3_6,a8f4693d-ae2c-4ede-81d6-24da37de6333,392a03db-0ab2-42c7-bf58-3acde7de9d5d,2026-04-23 04:27:46.677841+00:00,pending,0,39.0,0,True,,True,0.0
A_simple_7d_entry_example_1x_threshold_0_3_6,3676fab2-3ba7-40e4-9e50-4b2dda419021,fd9b7f36-2943-4ceb-b658-83c814782ac3,2026-04-23 04:29:15.032854+00:00,pending,1,18.0,6,True,,True,0.0
A_simple_7d_entry_example_1x_threshold_0_3_6,d675590c-30b6-4d08-93d3-c3c3287aa5af,392a03db-0ab2-42c7-bf58-3acde7de9d5d,2026-04-23 04:42:20.720666+00:00,pending,0,42.0,1,True,,True,0.0
A_simple_7d_entry_example_1x_threshold_0_3_6,0e9dc353-e081-4af3-b427-9374dd613f55,392a03db-0ab2-42c7-bf58-3acde7de9d5d,2026-04-23 05:04:33.850263+00:00,pending,1,43.0,2,True,,True,0.0
A_simple_7d_entry_example_1x_threshold_0_3_6,f2f48a46-184a-436b-96ac-68214a69ac1f,a57f0fd6-6977-43c3-86bb-cd34ef2a7a29,2026-04-23 11:03:06.729989+00:00,pending,0,35.0,0,True,,True,0.0
A_simple_7d_entry_example_1x_threshold_0_3_6,14dd599c-1f0f-42db-bbaa-2378626058f9,68094f87-01d0-4966-aae7-21eb452e918d,2026-04-23 12:53:28.648495+00:00,approved,1,14.0,0,True,,True,0.0
A_simple_7d_entry_example_1x_threshold_0_3_6,5d5ec15d-997d-4085-859a-7697821ef619,68094f87-01d0-4966-aae7-21eb452e918d,2026-04-23 12:57:12.311955+00:00,approved,1,14.0,1,True,,True,0.0
A_simple_7d_entry_example_1x_threshold_0_3_6,fbfa501c-b933-4ef8-a9c4-76e4e3d86f10,a57f0fd6-6977-43c3-86bb-cd34ef2a7a29,2026-04-23 13:39:04.289041+00:00,pending,1,37.0,1,True,,True,0.0
A_simple_7d_entry_example_1x_threshold_0_3_6,e0bdd64a-d824-499e-84ea-1beb17f68e41,a57f0fd6-6977-43c3-86bb-cd34ef2a7a29,2026-04-23 13:40:23.558036+00:00,pending,1,37.0,2,True,,True,0.0
A_simple_7d_entry_example_1x_threshold_0_3_6,4e679b0d-0eac-49ef-b9d0-e507c53510e1,a57f0fd6-6977-43c3-86bb-cd34ef2a7a29,2026-04-23 13:53:51.438518+00:00,pending,1,37.0,3,True,,True,0.0
A_simple_7d_entry_example_1x_threshold_0_3_6,11c97a8f-951c-4d17-b936-9e1f36727e03,fd9b7f36-2943-4ceb-b658-83c814782ac3,2026-04-23 14:06:40.933024+00:00,approved,1,18.0,7,True,,True,0.0
A_simple_7d_entry_example_1x_threshold_0_3_6,b4eae83b-1512-4989-bb17-229a33471cf0,fd9b7f36-2943-4ceb-b658-83c814782ac3,2026-04-23 14:18:38.796016+00:00,approved,1,18.0,8,True,,True,0.0
A_simple_7d_entry_example_1x_threshold_0_3_6,9d9f7995-fc23-4438-9343-5b7b64d30ef2,fd9b7f36-2943-4ceb-b658-83c814782ac3,2026-04-23 14:26:18.471395+00:00,pending,0,18.0,9,True,,True,0.0
A_simple_7d_entry_example_1x_threshold_0_3_6,6535ab26-7cc7-4e1a-bcd5-c9ccaf41a0c7,fd9b7f36-2943-4ceb-b658-83c814782ac3,2026-04-23 15:44:47.964355+00:00,approved,0,18.0,10,True,,True,0.0
A_simple_7d_entry_example_1x_threshold_0_3_6,0bc00399-96e9-4634-8cdf-fc6a615b8128,a57f0fd6-6977-43c3-86bb-cd34ef2a7a29,2026-04-23 20:59:27.129002+00:00,approved,1,38.0,4,True,,True,0.0
A_simple_7d_entry_example_1x_threshold_0_3_6,5cf1f5e8-fc0b-4014-a3ec-1290365803cb,a57f0fd6-6977-43c3-86bb-cd34ef2a7a29,2026-04-23 21:09:14.097552+00:00,approved,1,38.0,5,True,,True,0.0
A_simple_7d_entry_example_1x_threshold_0_3_6,b60b327e-7e64-4719-8e86-80a63f9a62e6,392a03db-0ab2-42c7-bf58-3acde7de9d5d,2026-04-23 21:48:26.062181+00:00,rejected,0,39.0,3,True,,True,0.0
A_simple_7d_entry_example_1x_threshold_0_3_6,e40500b1-6382-4d49-ba26-f479ad3f3c7a,392a03db-0ab2-42c7-bf58-3acde7de9d5d,2026-04-23 21:57:03.423844+00:00,pending,0,39.0,4,True,,True,0.0
A_simple_7d_entry_example_1x_threshold_0_3_6,7d1c5441-c973-4308-a1a9-afc452046490,69ce191d-25f7-4ae6-b5fc-26bdc90e84aa,2026-04-23 22:26:40.210131+00:00,pending,0,11.0,0,True,,True,0.0
A_simple_7d_entry_example_1x_threshold_0_3_6,be9840da-6763-4d04-af37-6587408eda67,392a03db-0ab2-42c7-bf58-3acde7de9d5d,2026-04-24 02:00:36.899016+00:00,pending,0,42.0,0,True,,True,0.0
A_simple_7d_entry_example_1x_threshold_0_3_6,d6c07639-0259-4817-a25a-b89c3f82829e,392a03db-0ab2-42c7-bf58-3acde7de9d5d,2026-04-24 02:06:33.619193+00:00,approved,1,44.0,1,True,,True,0.0
B_weighted_7d_entry_1_example_075_comment_1_threshold_0_3_6,5331584a-56bb-46d0-9493-56b622c9e4bf,a57f0fd6-6977-43c3-86bb-cd34ef2a7a29,2026-03-14 18:40:57.454405+00:00,approved,1,0.75,0,True,1.0,False,2.25
B_weighted_7d_entry_1_example_075_comment_1_threshold_0_3_6,32262f76-1a59-43d6-9a94-840a38a79439,a57f0fd6-6977-43c3-86bb-cd34ef2a7a29,2026-03-14 18:54:05.649655+00:00,approved,0,0.75,1,False,1.0,False,2.25
B_weighted_7d_entry_1_example_075_comment_1_threshold_0_3_6,e38bbdb3-dab1-4f9c-8956-21842cdf509b,a57f0fd6-6977-43c3-86bb-cd34ef2a7a29,2026-03-14 20:07:34.507547+00:00,approved,0,0.75,2,False,1.0,False,2.25
B_weighted_7d_entry_1_example_075_comment_1_threshold_0_3_6,c106ddb2-8db7-44a3-942d-cacf45f27430,a57f0fd6-6977-43c3-86bb-cd34ef2a7a29,2026-03-14 20:18:35.154922+00:00,approved,-1,0.75,3,False,1.0,False,2.25
B_weighted_7d_entry_1_example_075_comment_1_threshold_0_3_6,393477f3-c9f7-49f2-a6e5-025c8ea2ca3f,60264769-e015-4dba-b2f4-6bfdffed12b3,2026-03-14 20:35:41.056139+00:00,approved,3,0.0,0,True,1.0,False,3.0
B_weighted_7d_entry_1_example_075_comment_1_threshold_0_3_6,61866180-9717-41cc-8e26-f90cd8775298,a57f0fd6-6977-43c3-86bb-cd34ef2a7a29,2026-03-14 20:54:18.168454+00:00,approved,1,0.75,4,False,1.0,False,2.25
B_weighted_7d_entry_1_example_075_comment_1_threshold_0_3_6,449a3467-b150-4f07-9ed7-3a3804f6f525,68094f87-01d0-4966-aae7-21eb452e918d,2026-03-14 21:15:17.675527+00:00,approved,2,0.0,0,True,1.0,False,3.0
B_weighted_7d_entry_1_example_075_comment_1_threshold_0_3_6,d3772e60-a8c7-4ad7-ad14-4e30f67ef7ed,a57f0fd6-6977-43c3-86bb-cd34ef2a7a29,2026-03-14 21:26:35.667080+00:00,approved,0,0.75,5,False,1.0,False,2.25
B_weighted_7d_entry_1_example_075_comment_1_threshold_0_3_6,a6e2e580-3be5-411b-8ece-7b2b12663cf7,a57f0fd6-6977-43c3-86bb-cd34ef2a7a29,2026-03-14 21:34:28.210456+00:00,approved,1,0.75,6,False,1.0,False,2.25
B_weighted_7d_entry_1_example_075_comment_1_threshold_0_3_6,c33c69e0-9ab8-401f-8b56-d1f8a735649f,69ce191d-25f7-4ae6-b5fc-26bdc90e84aa,2026-03-14 22:45:39.748380+00:00,rejected,0,8.25,0,True,,True,0.0
B_weighted_7d_entry_1_example_075_comment_1_threshold_0_3_6,f605b9e6-29c7-49a0-adfc-b8f4138f32a3,69ce191d-25f7-4ae6-b5fc-26bdc90e84aa,2026-03-14 22:50:32.694247+00:00,rejected,0,8.25,1,True,,True,0.0
B_weighted_7d_entry_1_example_075_comment_1_threshold_0_3_6,6250524e-c541-4d10-bab9-ea97aabacb43,69ce191d-25f7-4ae6-b5fc-26bdc90e84aa,2026-03-15 00:41:50.652765+00:00,approved,1,10.25,0,True,,True,0.0
B_weighted_7d_entry_1_example_075_comment_1_threshold_0_3_6,6752d281-bca4-45dc-af62-e8ffdbb6df8e,69ce191d-25f7-4ae6-b5fc-26bdc90e84aa,2026-03-15 02:47:58.927216+00:00,approved,1,10.25,1,True,,True,0.0
B_weighted_7d_entry_1_example_075_comment_1_threshold_0_3_6,9a275745-4d67-4fac-ad72-dd5f78b54891,69ce191d-25f7-4ae6-b5fc-26bdc90e84aa,2026-03-15 12:36:10.145621+00:00,approved,0,10.25,2,True,,True,0.0
B_weighted_7d_entry_1_example_075_comment_1_threshold_0_3_6,0f077339-92ef-453d-8e12-bf329e96840b,a57f0fd6-6977-43c3-86bb-cd34ef2a7a29,2026-03-15 13:53:41.279663+00:00,approved,2,2.75,0,True,1.0,False,0.25
B_weighted_7d_entry_1_example_075_comment_1_threshold_0_3_6,05a7c900-212c-47d0-a604-08d140972f39,69ce191d-25f7-4ae6-b5fc-26bdc90e84aa,2026-03-15 13:54:25.369228+00:00,approved,2,10.25,3,True,,True,0.0
B_weighted_7d_entry_1_example_075_comment_1_threshold_0_3_6,f64ac8c8-2cb4-45cf-99a0-82e63aa16cb2,a57f0fd6-6977-43c3-86bb-cd34ef2a7a29,2026-03-15 14:50:21.225860+00:00,approved,3,2.75,1,False,1.0,False,0.25
B_weighted_7d_entry_1_example_075_comment_1_threshold_0_3_6,02ca4dcf-9767-4ca0-b57e-cfbea954d3ba,a57f0fd6-6977-43c3-86bb-cd34ef2a7a29,2026-03-15 15:00:20.072486+00:00,approved,1,2.75,2,False,1.0,False,0.25
B_weighted_7d_entry_1_example_075_comment_1_threshold_0_3_6,595627e7-5482-4e29-8b00-817bc0024341,a57f0fd6-6977-43c3-86bb-cd34ef2a7a29,2026-03-16 10:27:01.354071+00:00,approved,1,4.75,0,True,2.0,False,1.25
B_weighted_7d_entry_1_example_075_comment_1_threshold_0_3_6,aeef017d-33b4-4175-b9c9-b4bd065a1fcd,10293b59-6af4-4de0-9a6d-b87c2ed343a1,2026-03-16 15:28:13.382405+00:00,approved,2,0.0,0,True,1.0,False,3.0
B_weighted_7d_entry_1_example_075_comment_1_threshold_0_3_6,690426b4-a430-4b09-b9e9-a19aa2737b42,8f2ee531-41f7-4433-a49a-712adb50c585,2026-03-16 15:39:23.355309+00:00,approved,3,0.0,0,True,1.0,False,3.0
B_weighted_7d_entry_1_example_075_comment_1_threshold_0_3_6,1de3eb0a-a6a5-4ba3-a24c-3c87e83ee7f3,8f2ee531-41f7-4433-a49a-712adb50c585,2026-03-16 15:46:52.287348+00:00,approved,2,0.0,1,False,1.0,False,3.0
B_weighted_7d_entry_1_example_075_comment_1_threshold_0_3_6,8e1eaeb9-6bd0-4a03-95d5-1c70ba7dd28b,8f2ee531-41f7-4433-a49a-712adb50c585,2026-03-16 15:58:53.504299+00:00,approved,1,0.0,2,False,1.0,False,3.0
B_weighted_7d_entry_1_example_075_comment_1_threshold_0_3_6,7d41ac98-8b30-44e7-a06f-bf54f2061b0d,8f2ee531-41f7-4433-a49a-712adb50c585,2026-03-16 16:04:07.212810+00:00,pending,0,0.0,3,False,1.0,False,3.0
B_weighted_7d_entry_1_example_075_comment_1_threshold_0_3_6,d75c2ac8-8787-41c8-b255-55f8c28bec7b,8f2ee531-41f7-4433-a49a-712adb50c585,2026-03-16 16:08:26.937596+00:00,approved,1,0.0,4,False,1.0,False,3.0
B_weighted_7d_entry_1_example_075_comment_1_threshold_0_3_6,a41727d6-20d6-4b81-961f-915ca3bf2196,8f2ee531-41f7-4433-a49a-712adb50c585,2026-03-16 16:13:10.493301+00:00,approved,4,0.0,5,False,1.0,False,3.0
B_weighted_7d_entry_1_example_075_comment_1_threshold_0_3_6,1e4a525f-8ed6-4ac1-9209-53b24434739b,a57f0fd6-6977-43c3-86bb-cd34ef2a7a29,2026-03-16 16:37:45.247056+00:00,approved,1,13.25,1,True,,True,0.0
B_weighted_7d_entry_1_example_075_comment_1_threshold_0_3_6,66c9a1a9-81d1-4976-80bb-bebfae5be88e,a57f0fd6-6977-43c3-86bb-cd34ef2a7a29,2026-03-16 16:53:37.868843+00:00,approved,1,13.25,2,True,,True,0.0
B_weighted_7d_entry_1_example_075_comment_1_threshold_0_3_6,4aaa6014-d8b3-45dd-ba59-8b49c9948665,36e75d85-db7f-499d-8d6b-ee983421a046,2026-03-16 17:41:51.212050+00:00,approved,2,0.0,0,True,1.0,False,3.0
B_weighted_7d_entry_1_example_075_comment_1_threshold_0_3_6,4b1e0615-6f87-4a75-9a64-5fab90bd763a,36e75d85-db7f-499d-8d6b-ee983421a046,2026-03-16 17:50:35.625234+00:00,pending,0,0.0,1,False,1.0,False,3.0
B_weighted_7d_entry_1_example_075_comment_1_threshold_0_3_6,c449a355-4fae-426f-98cb-1b5538b688d5,36e75d85-db7f-499d-8d6b-ee983421a046,2026-03-16 17:55:09.206859+00:00,approved,1,0.0,2,False,1.0,False,3.0
B_weighted_7d_entry_1_example_075_comment_1_threshold_0_3_6,21114c30-137b-4f51-b197-eef3673caadd,36e75d85-db7f-499d-8d6b-ee983421a046,2026-03-16 17:58:34.654377+00:00,approved,2,0.0,3,False,1.0,False,3.0
B_weighted_7d_entry_1_example_075_comment_1_threshold_0_3_6,1c66ddd2-7036-4c2f-a514-234b6fc453c5,36e75d85-db7f-499d-8d6b-ee983421a046,2026-03-16 18:04:20.908920+00:00,approved,1,0.0,4,False,1.0,False,3.0
B_weighted_7d_entry_1_example_075_comment_1_threshold_0_3_6,8b6021d1-ac56-4778-8a6f-6ed1a30138ca,36e75d85-db7f-499d-8d6b-ee983421a046,2026-03-16 18:08:15.920953+00:00,pending,0,0.0,5,False,1.0,False,3.0
B_weighted_7d_entry_1_example_075_comment_1_threshold_0_3_6,e267eb2b-9598-4f0f-9fba-a07fb73b5173,36e75d85-db7f-499d-8d6b-ee983421a046,2026-03-16 18:12:11.007718+00:00,pending,0,0.0,6,False,1.0,False,3.0
B_weighted_7d_entry_1_example_075_comment_1_threshold_0_3_6,433c9453-c3ee-4ada-b85a-441711c227c5,36e75d85-db7f-499d-8d6b-ee983421a046,2026-03-16 18:26:38.197371+00:00,pending,-1,1.0,7,False,1.0,False,2.0
B_weighted_7d_entry_1_example_075_comment_1_threshold_0_3_6,5d62e42e-fc95-403a-b265-dd56eb40b260,36e75d85-db7f-499d-8d6b-ee983421a046,2026-03-16 18:28:42.441781+00:00,approved,1,1.0,8,False,1.0,False,2.0
B_weighted_7d_entry_1_example_075_comment_1_threshold_0_3_6,63a6fc40-0d1e-4fde-9cd6-50f41df5ffc6,36e75d85-db7f-499d-8d6b-ee983421a046,2026-03-16 19:32:00.877372+00:00,pending,1,1.0,9,False,1.0,False,2.0
B_weighted_7d_entry_1_example_075_comment_1_threshold_0_3_6,a58b2fdd-5377-41f3-8e14-d8a793af1942,36e75d85-db7f-499d-8d6b-ee983421a046,2026-03-16 20:00:55.490116+00:00,pending,0,1.0,10,False,1.0,False,2.0
B_weighted_7d_entry_1_example_075_comment_1_threshold_0_3_6,2f9a9db3-10e4-4ae3-bd86-bfd2041bfeb1,36e75d85-db7f-499d-8d6b-ee983421a046,2026-03-16 20:26:15.397670+00:00,approved,1,1.0,11,False,1.0,False,2.0
B_weighted_7d_entry_1_example_075_comment_1_threshold_0_3_6,ffcc8121-91cb-40c2-ab36-4b8f94889260,36e75d85-db7f-499d-8d6b-ee983421a046,2026-03-16 20:39:57.894230+00:00,pending,1,2.0,12,False,1.0,False,1.0
B_weighted_7d_entry_1_example_075_comment_1_threshold_0_3_6,f84f7d7c-802f-41ee-88ec-c8ea3073cbf5,36e75d85-db7f-499d-8d6b-ee983421a046,2026-03-16 22:38:02.462374+00:00,approved,1,3.0,13,False,2.0,False,3.0
B_weighted_7d_entry_1_example_075_comment_1_threshold_0_3_6,57e222a9-1143-416b-b24f-fb170a059722,36e75d85-db7f-499d-8d6b-ee983421a046,2026-03-16 22:43:43.457705+00:00,approved,1,3.0,14,False,2.0,False,3.0
B_weighted_7d_entry_1_example_075_comment_1_threshold_0_3_6,9faa7537-17b1-4492-8399-a67cf278e5f1,36e75d85-db7f-499d-8d6b-ee983421a046,2026-03-16 23:27:26.123294+00:00,approved,1,3.0,15,False,2.0,False,3.0
B_weighted_7d_entry_1_example_075_comment_1_threshold_0_3_6,9c6412f6-86a4-4932-95b1-b1aa8e604735,36e75d85-db7f-499d-8d6b-ee983421a046,2026-03-16 23:46:13.726291+00:00,approved,2,3.0,16,False,2.0,False,3.0
B_weighted_7d_entry_1_example_075_comment_1_threshold_0_3_6,48d8dcc8-692b-4156-aa4f-625f8aea1661,36e75d85-db7f-499d-8d6b-ee983421a046,2026-03-17 00:09:10.369848+00:00,approved,1,3.0,0,True,2.0,False,3.0
B_weighted_7d_entry_1_example_075_comment_1_threshold_0_3_6,c7092743-11a3-42bb-86e5-7e8117a5757f,36e75d85-db7f-499d-8d6b-ee983421a046,2026-03-17 00:14:34.852001+00:00,pending,0,3.0,1,True,2.0,False,3.0
B_weighted_7d_entry_1_example_075_comment_1_threshold_0_3_6,b51c9675-6b80-44f8-a229-cf44ccb88c92,36e75d85-db7f-499d-8d6b-ee983421a046,2026-03-17 00:19:54.819121+00:00,pending,0,3.0,2,False,2.0,False,3.0
B_weighted_7d_entry_1_example_075_comment_1_threshold_0_3_6,ee9dc332-6561-477d-af1c-22cd1384e475,a57f0fd6-6977-43c3-86bb-cd34ef2a7a29,2026-03-17 18:49:43.545135+00:00,pending,0,13.25,0,True,,True,0.0
B_weighted_7d_entry_1_example_075_comment_1_threshold_0_3_6,d5f1ee08-36df-40e6-8e6a-1c56e912594a,a57f0fd6-6977-43c3-86bb-cd34ef2a7a29,2026-03-17 18:58:47.606389+00:00,pending,2,13.25,1,True,,True,0.0
B_weighted_7d_entry_1_example_075_comment_1_threshold_0_3_6,2ea36044-6d48-4371-8c5d-d955df6d68ea,a57f0fd6-6977-43c3-86bb-cd34ef2a7a29,2026-03-17 20:20:28.233580+00:00,pending,2,14.25,2,True,,True,0.0
B_weighted_7d_entry_1_example_075_comment_1_threshold_0_3_6,8096ff40-3c0b-414e-a6e1-eef07aa99e7f,a57f0fd6-6977-43c3-86bb-cd34ef2a7a29,2026-03-17 20:26:15.254983+00:00,pending,2,14.25,3,True,,True,0.0
B_weighted_7d_entry_1_example_075_comment_1_threshold_0_3_6,418e4cd0-6103-4f1b-9eaf-69931c1674c8,a3cd0e01-82b4-4a40-bbfd-448afbe493a5,2026-03-17 21:01:19.683095+00:00,pending,0,0.0,0,True,1.0,False,3.0
B_weighted_7d_entry_1_example_075_comment_1_threshold_0_3_6,14752602-af47-46be-92b7-1006e2fd594c,cdbc2977-3feb-4b78-967e-7636db3986d5,2026-03-17 21:10:01.275748+00:00,pending,2,0.0,0,True,1.0,False,3.0
B_weighted_7d_entry_1_example_075_comment_1_threshold_0_3_6,c311b020-b9b7-4474-be49-ecb53356f56c,cdbc2977-3feb-4b78-967e-7636db3986d5,2026-03-17 21:17:04.016034+00:00,pending,3,0.0,1,False,1.0,False,3.0
B_weighted_7d_entry_1_example_075_comment_1_threshold_0_3_6,b397c158-17f5-4db5-aed6-af055438c82a,cdbc2977-3feb-4b78-967e-7636db3986d5,2026-03-17 21:29:05.622704+00:00,approved,2,0.0,2,False,1.0,False,3.0
B_weighted_7d_entry_1_example_075_comment_1_threshold_0_3_6,19fe85b3-e0df-49ba-9aaa-c48ad5b6fcf4,cdbc2977-3feb-4b78-967e-7636db3986d5,2026-03-17 21:48:12.648546+00:00,pending,0,0.0,3,False,1.0,False,3.0
B_weighted_7d_entry_1_example_075_comment_1_threshold_0_3_6,3427d60c-c677-4b79-bd9e-0c05512302bd,cdbc2977-3feb-4b78-967e-7636db3986d5,2026-03-17 21:54:05.533970+00:00,approved,1,0.0,4,False,1.0,False,3.0
B_weighted_7d_entry_1_example_075_comment_1_threshold_0_3_6,a0b62e05-8af4-4fa3-be0d-0571bc14da76,cdbc2977-3feb-4b78-967e-7636db3986d5,2026-03-17 22:10:42.802094+00:00,approved,1,0.0,5,False,1.0,False,3.0
B_weighted_7d_entry_1_example_075_comment_1_threshold_0_3_6,dfafca12-f628-4370-977b-59dd682e4375,cdbc2977-3feb-4b78-967e-7636db3986d5,2026-03-17 22:18:28.552148+00:00,approved,3,0.0,6,False,1.0,False,3.0
B_weighted_7d_entry_1_example_075_comment_1_threshold_0_3_6,3ef7bfd5-624d-4768-a779-ece5c2f129a1,cdbc2977-3feb-4b78-967e-7636db3986d5,2026-03-17 22:36:31.395437+00:00,approved,1,0.0,7,False,1.0,False,3.0
B_weighted_7d_entry_1_example_075_comment_1_threshold_0_3_6,0dddc6bb-3c37-4214-964c-77907c7601ea,36e75d85-db7f-499d-8d6b-ee983421a046,2026-03-18 00:58:51.421217+00:00,pending,0,5.0,0,True,2.0,False,1.0
B_weighted_7d_entry_1_example_075_comment_1_threshold_0_3_6,c009a013-aeed-4725-9630-a88eaa40ebac,a57f0fd6-6977-43c3-86bb-cd34ef2a7a29,2026-03-18 02:57:16.836460+00:00,approved,1,14.25,0,True,,True,0.0
B_weighted_7d_entry_1_example_075_comment_1_threshold_0_3_6,a3a49861-8ca9-4bd7-a8a0-7ca7c39e2ed4,a57f0fd6-6977-43c3-86bb-cd34ef2a7a29,2026-03-18 03:01:11.061988+00:00,approved,2,14.25,1,True,,True,0.0
B_weighted_7d_entry_1_example_075_comment_1_threshold_0_3_6,0d1e4266-0db8-4823-bca4-32ed82383bc0,69ce191d-25f7-4ae6-b5fc-26bdc90e84aa,2026-03-18 15:24:05.807237+00:00,approved,1,34.25,0,True,,True,0.0
B_weighted_7d_entry_1_example_075_comment_1_threshold_0_3_6,835de9cc-b5da-42e0-8f78-0c96ddcf42f6,a57f0fd6-6977-43c3-86bb-cd34ef2a7a29,2026-03-18 15:54:03.287158+00:00,approved,0,16.25,2,True,,True,0.0
B_weighted_7d_entry_1_example_075_comment_1_threshold_0_3_6,dae06965-2c2a-4de2-ad93-eab99d273db4,a57f0fd6-6977-43c3-86bb-cd34ef2a7a29,2026-03-18 16:05:34.392396+00:00,approved,0,16.25,3,True,,True,0.0
B_weighted_7d_entry_1_example_075_comment_1_threshold_0_3_6,ef677fa9-4d7e-41d4-a8d0-cdefb9b9bd52,a57f0fd6-6977-43c3-86bb-cd34ef2a7a29,2026-03-18 16:09:10.773825+00:00,approved,2,16.25,4,True,,True,0.0
B_weighted_7d_entry_1_example_075_comment_1_threshold_0_3_6,0484e948-9f4b-4745-ab84-5b8e2e137c97,a57f0fd6-6977-43c3-86bb-cd34ef2a7a29,2026-03-18 16:28:36.712114+00:00,approved,1,16.25,5,True,,True,0.0
B_weighted_7d_entry_1_example_075_comment_1_threshold_0_3_6,8d47ea60-8e9c-4e1e-9b90-308c1a5aa8dd,a57f0fd6-6977-43c3-86bb-cd34ef2a7a29,2026-03-18 16:31:51.909477+00:00,approved,-1,16.25,6,True,,True,0.0
B_weighted_7d_entry_1_example_075_comment_1_threshold_0_3_6,9fb0874e-d656-4c62-bc9e-793f083c4aec,36e75d85-db7f-499d-8d6b-ee983421a046,2026-03-18 17:51:39.958836+00:00,pending,0,5.0,1,True,2.0,False,1.0
B_weighted_7d_entry_1_example_075_comment_1_threshold_0_3_6,6111c7a3-134a-4bc6-9f9c-02d907550d59,36e75d85-db7f-499d-8d6b-ee983421a046,2026-03-18 18:06:03.180098+00:00,pending,0,5.0,2,False,2.0,False,1.0
B_weighted_7d_entry_1_example_075_comment_1_threshold_0_3_6,2d70c0ee-49e2-40cc-8ef4-398a015b31ba,36e75d85-db7f-499d-8d6b-ee983421a046,2026-03-18 18:13:37.334836+00:00,pending,0,5.0,3,False,2.0,False,1.0
B_weighted_7d_entry_1_example_075_comment_1_threshold_0_3_6,384fc819-2ab4-431d-8f75-5c0757e6b525,a57f0fd6-6977-43c3-86bb-cd34ef2a7a29,2026-03-18 18:19:02.925571+00:00,approved,1,16.25,7,True,,True,0.0
B_weighted_7d_entry_1_example_075_comment_1_threshold_0_3_6,66461198-07c6-48c4-ab40-a02eb5d6bde7,36e75d85-db7f-499d-8d6b-ee983421a046,2026-03-18 18:20:18.239183+00:00,pending,0,5.0,4,False,2.0,False,1.0
B_weighted_7d_entry_1_example_075_comment_1_threshold_0_3_6,67abe8d6-eb4b-4771-adf0-9fecffee7139,a57f0fd6-6977-43c3-86bb-cd34ef2a7a29,2026-03-19 18:29:05.346131+00:00,approved,1,16.25,0,True,,True,0.0
B_weighted_7d_entry_1_example_075_comment_1_threshold_0_3_6,f85ed7c0-d67c-4d5a-9dfa-09eca6f5fcf7,a57f0fd6-6977-43c3-86bb-cd34ef2a7a29,2026-03-19 18:33:07.613704+00:00,approved,0,16.25,1,True,,True,0.0
B_weighted_7d_entry_1_example_075_comment_1_threshold_0_3_6,9a8011df-915a-4a0d-9dcf-bd245536203d,a57f0fd6-6977-43c3-86bb-cd34ef2a7a29,2026-03-19 18:36:55.954681+00:00,approved,0,16.25,2,True,,True,0.0
B_weighted_7d_entry_1_example_075_comment_1_threshold_0_3_6,e67af038-f163-4b95-8d31-8c003ca8318e,a57f0fd6-6977-43c3-86bb-cd34ef2a7a29,2026-03-19 18:39:26.892431+00:00,approved,0,16.25,3,True,,True,0.0
B_weighted_7d_entry_1_example_075_comment_1_threshold_0_3_6,895dd77b-e931-4b45-bc3b-337dc5cab355,a57f0fd6-6977-43c3-86bb-cd34ef2a7a29,2026-03-19 18:41:22.002985+00:00,approved,0,16.25,4,True,,True,0.0
B_weighted_7d_entry_1_example_075_comment_1_threshold_0_3_6,8ef6e1b0-dd24-4784-8aaa-51a26340a1a9,e118f03c-0bb2-4c81-903d-b02f4aa15f26,2026-03-20 12:31:25.048261+00:00,approved,1,1.0,0,True,1.0,False,2.0
B_weighted_7d_entry_1_example_075_comment_1_threshold_0_3_6,d54d8072-5523-4404-9066-5ec556fea623,a57f0fd6-6977-43c3-86bb-cd34ef2a7a29,2026-03-20 13:18:19.806689+00:00,approved,0,29.0,0,True,,True,0.0
B_weighted_7d_entry_1_example_075_comment_1_threshold_0_3_6,a8f8e90b-bf84-4c42-80c2-7c961cb8df24,e118f03c-0bb2-4c81-903d-b02f4aa15f26,2026-03-20 20:56:09.032185+00:00,approved,2,1.0,1,False,1.0,False,2.0
B_weighted_7d_entry_1_example_075_comment_1_threshold_0_3_6,c3de7c3b-9136-4c78-82e3-9e478074b36e,a57f0fd6-6977-43c3-86bb-cd34ef2a7a29,2026-03-20 21:48:15.445281+00:00,approved,0,30.75,1,True,,True,0.0
B_weighted_7d_entry_1_example_075_comment_1_threshold_0_3_6,7ccb6046-0ee7-49bd-a053-6a31624f6266,36e75d85-db7f-499d-8d6b-ee983421a046,2026-03-21 22:03:47.611550+00:00,pending,1,10.75,0,True,,True,0.0
B_weighted_7d_entry_1_example_075_comment_1_threshold_0_3_6,8175e9d8-7fe3-4004-af4c-5e20150faf4f,fd9b7f36-2943-4ceb-b658-83c814782ac3,2026-03-23 16:01:44.463596+00:00,approved,3,0.0,0,True,1.0,False,3.0
B_weighted_7d_entry_1_example_075_comment_1_threshold_0_3_6,7a87f3fb-fb63-49df-b252-314e9c2d979f,36e75d85-db7f-499d-8d6b-ee983421a046,2026-03-23 16:19:42.291725+00:00,pending,-2,11.75,0,True,,True,0.0
B_weighted_7d_entry_1_example_075_comment_1_threshold_0_3_6,ccc8ddea-af31-4cf3-980e-a80c23c040bc,a57f0fd6-6977-43c3-86bb-cd34ef2a7a29,2026-03-23 20:07:13.840083+00:00,approved,1,17.5,0,True,,True,0.0
B_weighted_7d_entry_1_example_075_comment_1_threshold_0_3_6,9abe6a8f-e1f0-40e8-a26b-e925b5da9d7f,a57f0fd6-6977-43c3-86bb-cd34ef2a7a29,2026-03-24 00:29:00.388204+00:00,approved,1,18.5,0,True,,True,0.0
B_weighted_7d_entry_1_example_075_comment_1_threshold_0_3_6,d4b0dcb4-ad94-47f1-b879-9a849ea28078,ce6e5c8c-b2e1-4acd-89fe-b42fe49a86bc,2026-03-24 00:29:00.682685+00:00,approved,1,8.75,0,True,,True,0.0
B_weighted_7d_entry_1_example_075_comment_1_threshold_0_3_6,2f5b98a7-ba9e-46ab-8371-93d9184220b5,a57f0fd6-6977-43c3-86bb-cd34ef2a7a29,2026-03-24 00:33:38.065395+00:00,approved,2,18.5,1,True,,True,0.0
B_weighted_7d_entry_1_example_075_comment_1_threshold_0_3_6,46ca0aad-95f5-4fbd-960d-46f69c7e7b4b,a57f0fd6-6977-43c3-86bb-cd34ef2a7a29,2026-03-24 00:43:41.171414+00:00,approved,1,18.5,2,True,,True,0.0
B_weighted_7d_entry_1_example_075_comment_1_threshold_0_3_6,710898ff-ce7e-4920-a828-3896c0baecbf,e118f03c-0bb2-4c81-903d-b02f4aa15f26,2026-03-24 00:43:44.593683+00:00,approved,1,0.0,0,True,1.0,False,3.0
B_weighted_7d_entry_1_example_075_comment_1_threshold_0_3_6,f5f43cd0-bdfa-49aa-8f22-43ddfc5e4a7a,a57f0fd6-6977-43c3-86bb-cd34ef2a7a29,2026-03-24 00:50:19.133495+00:00,approved,0,18.5,3,True,,True,0.0
B_weighted_7d_entry_1_example_075_comment_1_threshold_0_3_6,cb87c5b0-2bc5-46cf-aaba-4ee6b5f589f1,a57f0fd6-6977-43c3-86bb-cd34ef2a7a29,2026-03-24 00:55:31.737668+00:00,approved,0,20.25,4,True,,True,0.0
B_weighted_7d_entry_1_example_075_comment_1_threshold_0_3_6,3989f0d8-2cea-4103-8c9a-27010f70bafd,a57f0fd6-6977-43c3-86bb-cd34ef2a7a29,2026-03-24 02:34:16.530377+00:00,approved,0,22.25,5,True,,True,0.0
B_weighted_7d_entry_1_example_075_comment_1_threshold_0_3_6,98a17281-10ba-49d5-af16-cd6992c9f9bc,a57f0fd6-6977-43c3-86bb-cd34ef2a7a29,2026-03-24 13:25:46.923702+00:00,approved,0,22.25,6,True,,True,0.0
B_weighted_7d_entry_1_example_075_comment_1_threshold_0_3_6,039e2055-8b61-4dbd-9999-0152e8d15509,69ce191d-25f7-4ae6-b5fc-26bdc90e84aa,2026-03-24 13:33:28.584503+00:00,approved,1,13.0,0,True,,True,0.0
B_weighted_7d_entry_1_example_075_comment_1_threshold_0_3_6,50486d05-3d87-4323-91b2-41d3db524ab9,68094f87-01d0-4966-aae7-21eb452e918d,2026-03-24 13:49:35.111701+00:00,approved,1,0.0,0,True,1.0,False,3.0
B_weighted_7d_entry_1_example_075_comment_1_threshold_0_3_6,40cb1f23-379a-4c3b-a365-9c75203aebfb,a57f0fd6-6977-43c3-86bb-cd34ef2a7a29,2026-03-24 13:58:55.232309+00:00,approved,0,22.25,7,True,,True,0.0
B_weighted_7d_entry_1_example_075_comment_1_threshold_0_3_6,fe24a861-b46e-4c92-b031-bf2d434efca9,a57f0fd6-6977-43c3-86bb-cd34ef2a7a29,2026-03-24 14:08:26.910264+00:00,approved,1,24.25,8,True,,True,0.0
B_weighted_7d_entry_1_example_075_comment_1_threshold_0_3_6,8bc389d6-4dbd-4646-a873-e09be9be7d42,f63c93e7-16f1-4495-8e5f-220cf1bd0587,2026-03-24 14:31:00.736632+00:00,approved,2,0.0,0,True,1.0,False,3.0
B_weighted_7d_entry_1_example_075_comment_1_threshold_0_3_6,cf6e1226-db19-48c6-919b-e6d0afad6504,f63c93e7-16f1-4495-8e5f-220cf1bd0587,2026-03-24 14:35:55.424486+00:00,approved,2,0.0,1,False,1.0,False,3.0
B_weighted_7d_entry_1_example_075_comment_1_threshold_0_3_6,5df003db-e875-476e-be06-c29095117b6f,ce6e5c8c-b2e1-4acd-89fe-b42fe49a86bc,2026-03-25 00:04:06.339787+00:00,approved,1,17.25,0,True,,True,0.0
B_weighted_7d_entry_1_example_075_comment_1_threshold_0_3_6,41792c0f-bd2b-4346-9fd0-17bba1c412b6,36e75d85-db7f-499d-8d6b-ee983421a046,2026-03-25 00:15:56.900776+00:00,approved,2,6.75,0,True,,True,0.0
B_weighted_7d_entry_1_example_075_comment_1_threshold_0_3_6,909fed24-4625-460b-81a3-95b29b105583,a57f0fd6-6977-43c3-86bb-cd34ef2a7a29,2026-03-25 02:43:59.972057+00:00,approved,0,29.25,0,True,,True,0.0
B_weighted_7d_entry_1_example_075_comment_1_threshold_0_3_6,bd7afdaf-ebe7-4255-9e0e-9626a686a9b4,68094f87-01d0-4966-aae7-21eb452e918d,2026-03-25 03:41:26.813222+00:00,approved,1,0.0,0,True,1.0,False,3.0
B_weighted_7d_entry_1_example_075_comment_1_threshold_0_3_6,4a15402c-a9f0-4441-846a-10155ff370b7,a57f0fd6-6977-43c3-86bb-cd34ef2a7a29,2026-03-25 03:46:24.362693+00:00,approved,1,30.25,1,True,,True,0.0
B_weighted_7d_entry_1_example_075_comment_1_threshold_0_3_6,48a1f266-be42-4660-8520-cf8dae598de7,a57f0fd6-6977-43c3-86bb-cd34ef2a7a29,2026-03-25 03:51:50.900434+00:00,approved,3,30.25,2,True,,True,0.0
B_weighted_7d_entry_1_example_075_comment_1_threshold_0_3_6,9acfb7dc-b0a8-4339-82bf-005dde6940ab,a57f0fd6-6977-43c3-86bb-cd34ef2a7a29,2026-03-25 03:59:26.187461+00:00,approved,0,30.25,3,True,,True,0.0
B_weighted_7d_entry_1_example_075_comment_1_threshold_0_3_6,271e9035-005a-45dc-b5eb-d8ae8b7d4737,ce6e5c8c-b2e1-4acd-89fe-b42fe49a86bc,2026-03-25 15:06:51.088392+00:00,approved,1,18.25,1,True,,True,0.0
B_weighted_7d_entry_1_example_075_comment_1_threshold_0_3_6,59b36345-9456-4037-bd22-7c804979f3d9,a57f0fd6-6977-43c3-86bb-cd34ef2a7a29,2026-03-25 16:04:41.051777+00:00,approved,0,28.25,4,True,,True,0.0
B_weighted_7d_entry_1_example_075_comment_1_threshold_0_3_6,2651bdd6-a63b-4429-ba43-76dd4213ba0a,36e75d85-db7f-499d-8d6b-ee983421a046,2026-03-25 19:21:33.255784+00:00,approved,3,5.75,1,True,2.0,False,0.25
B_weighted_7d_entry_1_example_075_comment_1_threshold_0_3_6,a6d143d3-15cd-4596-a6bb-36a90cc9af9d,a57f0fd6-6977-43c3-86bb-cd34ef2a7a29,2026-03-25 19:58:54.898847+00:00,approved,0,31.25,5,True,,True,0.0
B_weighted_7d_entry_1_example_075_comment_1_threshold_0_3_6,deaaf2c8-f914-4f34-bf79-21ab6c9307b9,a57f0fd6-6977-43c3-86bb-cd34ef2a7a29,2026-03-25 20:00:33.948670+00:00,approved,0,31.25,6,True,,True,0.0
B_weighted_7d_entry_1_example_075_comment_1_threshold_0_3_6,5fa1cfb2-82dd-480e-b2f0-f1565347220f,a57f0fd6-6977-43c3-86bb-cd34ef2a7a29,2026-03-25 20:04:18.047108+00:00,approved,-1,31.25,7,True,,True,0.0
B_weighted_7d_entry_1_example_075_comment_1_threshold_0_3_6,9b7d7d4a-86f2-4cfc-8ae5-372ac09c46e2,cdbc2977-3feb-4b78-967e-7636db3986d5,2026-03-26 00:42:44.739480+00:00,approved,1,0.0,0,True,1.0,False,3.0
B_weighted_7d_entry_1_example_075_comment_1_threshold_0_3_6,529a54aa-ad2d-4163-836d-ceda5273336e,cdbc2977-3feb-4b78-967e-7636db3986d5,2026-03-26 00:49:52.549284+00:00,approved,1,0.0,1,False,1.0,False,3.0
B_weighted_7d_entry_1_example_075_comment_1_threshold_0_3_6,7d6e2e33-ea84-4c57-b088-3eaf88ae72ae,cdbc2977-3feb-4b78-967e-7636db3986d5,2026-03-26 00:56:44.813002+00:00,approved,1,0.0,2,False,1.0,False,3.0
B_weighted_7d_entry_1_example_075_comment_1_threshold_0_3_6,e58dc241-590b-4397-af24-b574f45cc38a,cdbc2977-3feb-4b78-967e-7636db3986d5,2026-03-26 01:03:28.754845+00:00,approved,2,0.0,3,False,1.0,False,3.0
B_weighted_7d_entry_1_example_075_comment_1_threshold_0_3_6,05cca096-e76d-403e-8ff3-07ff16326292,cdbc2977-3feb-4b78-967e-7636db3986d5,2026-03-26 01:06:21.788478+00:00,approved,2,0.0,4,False,1.0,False,3.0
B_weighted_7d_entry_1_example_075_comment_1_threshold_0_3_6,ae18153d-1566-4101-9c30-e30a9cb50c74,cdbc2977-3feb-4b78-967e-7636db3986d5,2026-03-26 01:13:21.322766+00:00,approved,1,0.0,5,False,1.0,False,3.0
B_weighted_7d_entry_1_example_075_comment_1_threshold_0_3_6,ed72e73f-5e2b-44ab-b1b5-faadf0033305,cdbc2977-3feb-4b78-967e-7636db3986d5,2026-03-26 01:15:41.032953+00:00,approved,1,0.0,6,False,1.0,False,3.0
B_weighted_7d_entry_1_example_075_comment_1_threshold_0_3_6,4e8d55f4-97c0-48fd-8a05-4c98e1cdd508,a57f0fd6-6977-43c3-86bb-cd34ef2a7a29,2026-03-26 13:34:58.588690+00:00,approved,0,38.25,0,True,,True,0.0
B_weighted_7d_entry_1_example_075_comment_1_threshold_0_3_6,49a0985f-3024-46c4-83c8-397151acbd26,a57f0fd6-6977-43c3-86bb-cd34ef2a7a29,2026-03-26 14:41:41.523654+00:00,approved,-1,38.25,1,True,,True,0.0
B_weighted_7d_entry_1_example_075_comment_1_threshold_0_3_6,8521b44b-61ba-4e85-b88d-faca23a6f2f7,e118f03c-0bb2-4c81-903d-b02f4aa15f26,2026-03-26 15:34:29.167463+00:00,approved,3,1.0,0,True,1.0,False,2.0
B_weighted_7d_entry_1_example_075_comment_1_threshold_0_3_6,31227dae-0ba6-4134-979a-d792170b42d5,69ce191d-25f7-4ae6-b5fc-26bdc90e84aa,2026-03-27 14:18:40.852148+00:00,approved,0,2.75,0,True,1.0,False,0.25
B_weighted_7d_entry_1_example_075_comment_1_threshold_0_3_6,0cc9b2f0-8cc7-4904-b683-bca09422145e,69ce191d-25f7-4ae6-b5fc-26bdc90e84aa,2026-03-27 20:12:01.864203+00:00,approved,1,4.75,1,True,2.0,False,1.25
B_weighted_7d_entry_1_example_075_comment_1_threshold_0_3_6,7bc9ea61-83be-4bc4-9f8a-378e1a57ae2f,69ce191d-25f7-4ae6-b5fc-26bdc90e84aa,2026-03-27 20:17:54.998575+00:00,approved,-1,4.75,2,False,2.0,False,1.25
B_weighted_7d_entry_1_example_075_comment_1_threshold_0_3_6,5b20b634-e8a8-42c0-940e-225e94fc563c,69ce191d-25f7-4ae6-b5fc-26bdc90e84aa,2026-03-27 20:24:44.188316+00:00,approved,3,4.75,3,False,2.0,False,1.25
B_weighted_7d_entry_1_example_075_comment_1_threshold_0_3_6,9de4932a-7187-4fde-ab27-97531771c594,69ce191d-25f7-4ae6-b5fc-26bdc90e84aa,2026-03-27 20:30:35.860854+00:00,approved,1,4.75,4,False,2.0,False,1.25
B_weighted_7d_entry_1_example_075_comment_1_threshold_0_3_6,a903e5ec-388f-40ce-9371-6404be81c3a5,69ce191d-25f7-4ae6-b5fc-26bdc90e84aa,2026-03-27 20:39:04.859726+00:00,approved,0,4.75,5,False,2.0,False,1.25
B_weighted_7d_entry_1_example_075_comment_1_threshold_0_3_6,cdf5bda1-b8d1-4b10-b17e-d388781c55a1,69ce191d-25f7-4ae6-b5fc-26bdc90e84aa,2026-03-27 20:50:58.103371+00:00,approved,1,4.75,6,False,2.0,False,1.25
B_weighted_7d_entry_1_example_075_comment_1_threshold_0_3_6,506ef1ca-696d-4f92-981c-8c5066a1b8d7,69ce191d-25f7-4ae6-b5fc-26bdc90e84aa,2026-03-27 20:54:44.405442+00:00,approved,-2,4.75,7,False,2.0,False,1.25
B_weighted_7d_entry_1_example_075_comment_1_threshold_0_3_6,c14c6789-6aac-4c2c-90a0-0a067eaa1328,69ce191d-25f7-4ae6-b5fc-26bdc90e84aa,2026-03-27 20:58:24.793597+00:00,approved,1,4.75,8,False,2.0,False,1.25
B_weighted_7d_entry_1_example_075_comment_1_threshold_0_3_6,b8cd81c8-3ece-4072-844d-fb159d70cc2a,a57f0fd6-6977-43c3-86bb-cd34ef2a7a29,2026-03-27 21:22:03.212497+00:00,approved,0,26.5,0,True,,True,0.0
B_weighted_7d_entry_1_example_075_comment_1_threshold_0_3_6,662ac2e6-e1d5-4cb1-81d5-60f3eeb9a86b,cdbc2977-3feb-4b78-967e-7636db3986d5,2026-03-28 00:53:31.175200+00:00,pending,0,0.0,0,True,1.0,False,3.0
B_weighted_7d_entry_1_example_075_comment_1_threshold_0_3_6,9cf7d488-6117-488c-be04-b933971c02df,cdbc2977-3feb-4b78-967e-7636db3986d5,2026-03-28 00:57:48.234085+00:00,pending,0,0.0,1,False,1.0,False,3.0
B_weighted_7d_entry_1_example_075_comment_1_threshold_0_3_6,d1afceeb-221f-484e-9e6b-985611fc16ef,cdbc2977-3feb-4b78-967e-7636db3986d5,2026-03-28 01:03:14.354676+00:00,pending,0,0.0,2,False,1.0,False,3.0
B_weighted_7d_entry_1_example_075_comment_1_threshold_0_3_6,6ba03b31-d756-4c27-917c-4192b8f1eef7,cdbc2977-3feb-4b78-967e-7636db3986d5,2026-03-28 01:18:55.400944+00:00,approved,1,0.0,3,False,1.0,False,3.0
B_weighted_7d_entry_1_example_075_comment_1_threshold_0_3_6,920bc032-10d8-42b3-8a40-3b55dc88e9c2,cdbc2977-3feb-4b78-967e-7636db3986d5,2026-03-28 01:54:57.515224+00:00,approved,2,3.0,4,False,2.0,False,3.0
B_weighted_7d_entry_1_example_075_comment_1_threshold_0_3_6,be2c5375-9a79-42e1-97a1-4ef707aefb47,a57f0fd6-6977-43c3-86bb-cd34ef2a7a29,2026-03-29 01:51:24.313175+00:00,approved,1,27.5,0,True,,True,0.0
B_weighted_7d_entry_1_example_075_comment_1_threshold_0_3_6,788fac9b-e757-42b3-b2a0-ce6d0d84386b,69ce191d-25f7-4ae6-b5fc-26bdc90e84aa,2026-03-29 13:19:23.617782+00:00,approved,2,5.75,0,True,2.0,False,0.25
B_weighted_7d_entry_1_example_075_comment_1_threshold_0_3_6,4de68fbf-3d0a-4a54-b6de-421f089f46ea,69ce191d-25f7-4ae6-b5fc-26bdc90e84aa,2026-03-29 13:40:53.308702+00:00,approved,0,5.75,1,True,2.0,False,0.25
B_weighted_7d_entry_1_example_075_comment_1_threshold_0_3_6,00432174-df04-44d2-a021-bcb142791fba,4ce403f9-c662-4caa-8576-c10e71f01c4b,2026-03-30 06:59:43.514591+00:00,pending,2,0.0,0,True,1.0,False,3.0
B_weighted_7d_entry_1_example_075_comment_1_threshold_0_3_6,ee61cd00-dfca-427c-90a7-72e336c2804b,a57f0fd6-6977-43c3-86bb-cd34ef2a7a29,2026-03-30 11:28:28.135600+00:00,approved,0,27.5,0,True,,True,0.0
B_weighted_7d_entry_1_example_075_comment_1_threshold_0_3_6,4e7f8ea7-2678-4290-837e-129a5d805d2a,a57f0fd6-6977-43c3-86bb-cd34ef2a7a29,2026-03-30 18:03:39.990127+00:00,approved,0,27.5,1,True,,True,0.0
B_weighted_7d_entry_1_example_075_comment_1_threshold_0_3_6,67d2925e-aacc-408b-81d5-f0bbdbcd8f25,cdbc2977-3feb-4b78-967e-7636db3986d5,2026-03-30 20:28:39.035599+00:00,approved,1,3.0,0,True,2.0,False,3.0
B_weighted_7d_entry_1_example_075_comment_1_threshold_0_3_6,0b89993c-fca3-4e23-a4c0-857864547c61,a57f0fd6-6977-43c3-86bb-cd34ef2a7a29,2026-03-30 20:38:49.810654+00:00,approved,1,30.25,2,True,,True,0.0
B_weighted_7d_entry_1_example_075_comment_1_threshold_0_3_6,f72598fd-701b-4eff-a500-06007ceae2ba,a57f0fd6-6977-43c3-86bb-cd34ef2a7a29,2026-03-30 20:42:16.291398+00:00,approved,0,30.25,3,True,,True,0.0
B_weighted_7d_entry_1_example_075_comment_1_threshold_0_3_6,aff32161-e65b-4248-9059-f9f9587167e6,cdbc2977-3feb-4b78-967e-7636db3986d5,2026-03-30 20:42:26.732732+00:00,pending,0,4.0,1,True,2.0,False,2.0
B_weighted_7d_entry_1_example_075_comment_1_threshold_0_3_6,a346ccdb-19c6-4772-a1f9-365d904f4954,cdbc2977-3feb-4b78-967e-7636db3986d5,2026-03-30 20:44:42.548265+00:00,approved,1,4.0,2,False,2.0,False,2.0
B_weighted_7d_entry_1_example_075_comment_1_threshold_0_3_6,7df1ceec-a971-4f2e-b0d1-0338efd5d658,a57f0fd6-6977-43c3-86bb-cd34ef2a7a29,2026-03-30 20:46:59.231372+00:00,approved,0,30.25,4,True,,True,0.0
B_weighted_7d_entry_1_example_075_comment_1_threshold_0_3_6,34eaef5b-6a03-410e-9b2d-4021a9a9c1e5,a57f0fd6-6977-43c3-86bb-cd34ef2a7a29,2026-03-30 20:51:50.854584+00:00,approved,0,30.25,5,True,,True,0.0
B_weighted_7d_entry_1_example_075_comment_1_threshold_0_3_6,d55180e3-8b1b-4878-a4a0-e3119a620cb2,cdbc2977-3feb-4b78-967e-7636db3986d5,2026-03-30 21:14:53.192653+00:00,pending,0,4.0,3,False,2.0,False,2.0
B_weighted_7d_entry_1_example_075_comment_1_threshold_0_3_6,be4d9360-5665-4b0a-948f-791b10119259,cdbc2977-3feb-4b78-967e-7636db3986d5,2026-03-30 21:26:32.273001+00:00,pending,0,4.0,4,False,2.0,False,2.0
B_weighted_7d_entry_1_example_075_comment_1_threshold_0_3_6,d70195a4-3836-414a-81bf-469f43272d92,cdbc2977-3feb-4b78-967e-7636db3986d5,2026-03-30 21:49:45.058277+00:00,pending,0,4.0,5,False,2.0,False,2.0
B_weighted_7d_entry_1_example_075_comment_1_threshold_0_3_6,5b12d1fe-efd8-46f4-9560-34aaa6407c43,4ce403f9-c662-4caa-8576-c10e71f01c4b,2026-03-31 01:59:08.014041+00:00,approved,1,0.0,0,True,1.0,False,3.0
B_weighted_7d_entry_1_example_075_comment_1_threshold_0_3_6,7934dd1d-047f-4c64-9dcf-3f652c2d1b15,4ce403f9-c662-4caa-8576-c10e71f01c4b,2026-03-31 03:34:41.729245+00:00,pending,-1,0.0,1,False,1.0,False,3.0
B_weighted_7d_entry_1_example_075_comment_1_threshold_0_3_6,8cd940e6-6fb4-4d8f-a62d-d6a21905765f,4ce403f9-c662-4caa-8576-c10e71f01c4b,2026-03-31 05:46:54.929329+00:00,pending,1,0.0,2,False,1.0,False,3.0
B_weighted_7d_entry_1_example_075_comment_1_threshold_0_3_6,5725c07e-90ce-4d79-aac3-6735127d1b7a,4ce403f9-c662-4caa-8576-c10e71f01c4b,2026-03-31 06:02:36.104439+00:00,pending,-1,0.0,3,False,1.0,False,3.0
B_weighted_7d_entry_1_example_075_comment_1_threshold_0_3_6,7dd1333c-965d-46fa-8cd1-ed9b72007ce5,4ce403f9-c662-4caa-8576-c10e71f01c4b,2026-03-31 06:35:11.901306+00:00,approved,2,0.0,4,False,1.0,False,3.0
B_weighted_7d_entry_1_example_075_comment_1_threshold_0_3_6,7f7d6da9-f3a4-4237-be63-d847b5f3b455,a57f0fd6-6977-43c3-86bb-cd34ef2a7a29,2026-03-31 18:10:49.250948+00:00,approved,1,21.5,0,True,,True,0.0
B_weighted_7d_entry_1_example_075_comment_1_threshold_0_3_6,e3cf0aa2-3b6e-45a9-935b-7c56fb19885f,a57f0fd6-6977-43c3-86bb-cd34ef2a7a29,2026-03-31 20:20:24.125026+00:00,approved,1,21.5,1,True,,True,0.0
B_weighted_7d_entry_1_example_075_comment_1_threshold_0_3_6,5600785f-3893-4234-880e-ab0f18e03b3c,cdbc2977-3feb-4b78-967e-7636db3986d5,2026-03-31 20:24:02.325551+00:00,approved,3,9.0,0,True,,True,0.0
B_weighted_7d_entry_1_example_075_comment_1_threshold_0_3_6,d6b96bdb-f8f0-4c0f-a3a1-3f7006fcf69f,cdbc2977-3feb-4b78-967e-7636db3986d5,2026-03-31 20:26:49.392983+00:00,approved,2,9.0,1,True,,True,0.0
B_weighted_7d_entry_1_example_075_comment_1_threshold_0_3_6,f7592fa2-4687-422a-8ae9-ca3a26b929cd,cdbc2977-3feb-4b78-967e-7636db3986d5,2026-03-31 20:29:02.854148+00:00,approved,1,9.0,2,True,,True,0.0
B_weighted_7d_entry_1_example_075_comment_1_threshold_0_3_6,150f31af-7b42-4c71-9226-0721d60164ba,cdbc2977-3feb-4b78-967e-7636db3986d5,2026-03-31 20:33:13.261973+00:00,pending,0,9.0,3,True,,True,0.0
B_weighted_7d_entry_1_example_075_comment_1_threshold_0_3_6,bf1336e3-b10d-4adb-8fae-0b5406d30bbf,cdbc2977-3feb-4b78-967e-7636db3986d5,2026-03-31 20:36:56.056225+00:00,pending,0,9.0,4,True,,True,0.0
B_weighted_7d_entry_1_example_075_comment_1_threshold_0_3_6,078f8190-dbf5-44a0-8b08-9ceab0722247,cdbc2977-3feb-4b78-967e-7636db3986d5,2026-03-31 20:43:05.151991+00:00,pending,1,9.0,5,True,,True,0.0
B_weighted_7d_entry_1_example_075_comment_1_threshold_0_3_6,b365fdd7-00e7-46cd-8fe4-876074e933fa,a57f0fd6-6977-43c3-86bb-cd34ef2a7a29,2026-03-31 20:57:53.782893+00:00,approved,0,21.5,2,True,,True,0.0
B_weighted_7d_entry_1_example_075_comment_1_threshold_0_3_6,8a6a0f4a-875f-4cac-bce3-5c8f12d6d28e,cdbc2977-3feb-4b78-967e-7636db3986d5,2026-03-31 21:03:18.343126+00:00,pending,0,9.0,6,True,,True,0.0
B_weighted_7d_entry_1_example_075_comment_1_threshold_0_3_6,c4fe4383-3f4f-4d8f-8baf-e9b7eb3758cc,cdbc2977-3feb-4b78-967e-7636db3986d5,2026-03-31 21:43:37.923715+00:00,pending,2,9.0,7,True,,True,0.0
B_weighted_7d_entry_1_example_075_comment_1_threshold_0_3_6,f3a3cb58-e119-402e-8059-455ca8627991,4ce403f9-c662-4caa-8576-c10e71f01c4b,2026-03-31 22:01:00.940832+00:00,pending,0,0.0,5,False,1.0,False,3.0
B_weighted_7d_entry_1_example_075_comment_1_threshold_0_3_6,f04de763-9d17-452d-a25b-e13b6b9e35d4,4ce403f9-c662-4caa-8576-c10e71f01c4b,2026-03-31 22:50:43.428415+00:00,approved,2,0.0,6,False,1.0,False,3.0
B_weighted_7d_entry_1_example_075_comment_1_threshold_0_3_6,1c4a7f68-52a7-479f-ac16-a920506233cf,4ce403f9-c662-4caa-8576-c10e71f01c4b,2026-03-31 23:42:13.396359+00:00,approved,1,0.0,7,False,1.0,False,3.0
B_weighted_7d_entry_1_example_075_comment_1_threshold_0_3_6,e4f24900-3c94-4666-b8fa-337950d85dd6,cdbc2977-3feb-4b78-967e-7636db3986d5,2026-04-01 01:29:18.546288+00:00,approved,1,10.0,0,True,,True,0.0
B_weighted_7d_entry_1_example_075_comment_1_threshold_0_3_6,c03bdfeb-d916-4174-a088-ebc57cb5710c,4ce403f9-c662-4caa-8576-c10e71f01c4b,2026-04-01 01:30:57.337845+00:00,pending,0,0.0,0,True,1.0,False,3.0
B_weighted_7d_entry_1_example_075_comment_1_threshold_0_3_6,26f301c6-1032-4830-8a1d-8974adb5a46f,cdbc2977-3feb-4b78-967e-7636db3986d5,2026-04-01 01:34:23.308011+00:00,pending,0,10.0,1,True,,True,0.0
B_weighted_7d_entry_1_example_075_comment_1_threshold_0_3_6,c9160c2a-0f82-463e-ac55-531a292eaba3,cdbc2977-3feb-4b78-967e-7636db3986d5,2026-04-01 01:39:24.751857+00:00,pending,-1,10.0,2,True,,True,0.0
B_weighted_7d_entry_1_example_075_comment_1_threshold_0_3_6,6a5c2714-d2c1-4207-980f-683c9d2c6562,cdbc2977-3feb-4b78-967e-7636db3986d5,2026-04-01 01:46:23.481365+00:00,pending,1,10.0,3,True,,True,0.0
B_weighted_7d_entry_1_example_075_comment_1_threshold_0_3_6,cd5dcf31-f9c6-4480-8e0b-f65909e48a84,4ce403f9-c662-4caa-8576-c10e71f01c4b,2026-04-01 02:10:21.943587+00:00,pending,-1,1.0,1,False,1.0,False,2.0
B_weighted_7d_entry_1_example_075_comment_1_threshold_0_3_6,4da72f27-6d6f-4f46-94d6-42c721fe300e,4ce403f9-c662-4caa-8576-c10e71f01c4b,2026-04-01 06:13:41.760700+00:00,approved,1,2.0,2,False,1.0,False,1.0
B_weighted_7d_entry_1_example_075_comment_1_threshold_0_3_6,e7746b1d-9c7f-4f55-9df8-b291b48fbb2e,4ce403f9-c662-4caa-8576-c10e71f01c4b,2026-04-01 06:47:56.528688+00:00,pending,-1,2.0,3,False,1.0,False,1.0
B_weighted_7d_entry_1_example_075_comment_1_threshold_0_3_6,42c2175a-b8d5-42e3-b618-79dbeca4fe70,4ce403f9-c662-4caa-8576-c10e71f01c4b,2026-04-01 06:51:20.418037+00:00,approved,1,2.0,4,False,1.0,False,1.0
B_weighted_7d_entry_1_example_075_comment_1_threshold_0_3_6,cd5f315d-bfc8-4891-8418-68dd04735f3f,69ce191d-25f7-4ae6-b5fc-26bdc90e84aa,2026-04-01 12:11:36.117507+00:00,approved,1,9.75,0,True,,True,0.0
B_weighted_7d_entry_1_example_075_comment_1_threshold_0_3_6,8807163f-7635-493b-b640-2ea25f5acf07,a57f0fd6-6977-43c3-86bb-cd34ef2a7a29,2026-04-01 12:25:20.119410+00:00,approved,0,19.5,0,True,,True,0.0
B_weighted_7d_entry_1_example_075_comment_1_threshold_0_3_6,c8538cd4-e086-446b-99f0-6f6746eb603b,a57f0fd6-6977-43c3-86bb-cd34ef2a7a29,2026-04-01 12:30:52.667839+00:00,approved,0,19.5,1,True,,True,0.0
B_weighted_7d_entry_1_example_075_comment_1_threshold_0_3_6,399bdc23-c4c3-4b92-b560-baba6bf2963e,a57f0fd6-6977-43c3-86bb-cd34ef2a7a29,2026-04-01 12:49:13.751538+00:00,approved,2,20.5,2,True,,True,0.0
B_weighted_7d_entry_1_example_075_comment_1_threshold_0_3_6,606b1d84-efaa-43b8-95ef-24c757184970,a57f0fd6-6977-43c3-86bb-cd34ef2a7a29,2026-04-01 13:15:40.341626+00:00,approved,2,20.5,3,True,,True,0.0
B_weighted_7d_entry_1_example_075_comment_1_threshold_0_3_6,08b228dc-97fc-4395-bbb5-c87a382fd72a,a57f0fd6-6977-43c3-86bb-cd34ef2a7a29,2026-04-01 13:18:44.552678+00:00,approved,3,20.5,4,True,,True,0.0
B_weighted_7d_entry_1_example_075_comment_1_threshold_0_3_6,0d593837-5e52-49d1-814e-abf4cadfe479,e118f03c-0bb2-4c81-903d-b02f4aa15f26,2026-04-01 13:44:45.611408+00:00,approved,1,2.0,0,True,1.0,False,1.0
B_weighted_7d_entry_1_example_075_comment_1_threshold_0_3_6,e57dbd18-64f0-48dd-9554-b8ba9d3fed87,fd9b7f36-2943-4ceb-b658-83c814782ac3,2026-04-01 14:00:53.691342+00:00,approved,2,0.0,0,True,1.0,False,3.0
B_weighted_7d_entry_1_example_075_comment_1_threshold_0_3_6,0596b538-e408-4864-9f50-202e356eb492,a57f0fd6-6977-43c3-86bb-cd34ef2a7a29,2026-04-01 14:04:55.895077+00:00,approved,1,22.5,5,True,,True,0.0
B_weighted_7d_entry_1_example_075_comment_1_threshold_0_3_6,957b99dc-a63f-4a41-a36c-aab8491473dd,fd9b7f36-2943-4ceb-b658-83c814782ac3,2026-04-01 14:32:23.911170+00:00,approved,1,0.0,1,False,1.0,False,3.0
B_weighted_7d_entry_1_example_075_comment_1_threshold_0_3_6,b66e8a20-ccdd-4d2a-8b10-38e16a7835ae,fd9b7f36-2943-4ceb-b658-83c814782ac3,2026-04-01 14:41:54.514284+00:00,approved,1,0.0,2,False,1.0,False,3.0
B_weighted_7d_entry_1_example_075_comment_1_threshold_0_3_6,3044c66d-4008-415b-af59-dee03a16df46,fd9b7f36-2943-4ceb-b658-83c814782ac3,2026-04-01 14:49:19.735910+00:00,approved,2,0.0,3,False,1.0,False,3.0
B_weighted_7d_entry_1_example_075_comment_1_threshold_0_3_6,047cb2c4-d749-4d46-9032-14b47b06b4cb,fd9b7f36-2943-4ceb-b658-83c814782ac3,2026-04-01 20:41:19.248054+00:00,approved,2,5.0,4,False,2.0,False,1.0
B_weighted_7d_entry_1_example_075_comment_1_threshold_0_3_6,018ae8b7-87b0-45ba-83a4-a6e04db42692,fd9b7f36-2943-4ceb-b658-83c814782ac3,2026-04-01 22:57:51.666273+00:00,approved,2,9.0,5,True,,True,0.0
B_weighted_7d_entry_1_example_075_comment_1_threshold_0_3_6,47d010f4-997f-48bc-a3e9-323050ebdb4d,a57f0fd6-6977-43c3-86bb-cd34ef2a7a29,2026-04-02 00:22:15.509691+00:00,pending,2,27.5,0,True,,True,0.0
B_weighted_7d_entry_1_example_075_comment_1_threshold_0_3_6,c4154a9f-2da6-40cf-a198-a48326bb73f4,fd9b7f36-2943-4ceb-b658-83c814782ac3,2026-04-02 01:11:32.041307+00:00,approved,2,14.0,0,True,,True,0.0
B_weighted_7d_entry_1_example_075_comment_1_threshold_0_3_6,12300b25-b197-415c-a274-cec66e904e00,fd9b7f36-2943-4ceb-b658-83c814782ac3,2026-04-02 02:16:41.962346+00:00,approved,3,20.0,1,True,,True,0.0
B_weighted_7d_entry_1_example_075_comment_1_threshold_0_3_6,9244688f-635d-41c3-b510-99e06c485b98,fd9b7f36-2943-4ceb-b658-83c814782ac3,2026-04-02 03:20:08.389727+00:00,pending,-1,24.0,2,True,,True,0.0
B_weighted_7d_entry_1_example_075_comment_1_threshold_0_3_6,7b423646-314f-4b5d-b7d8-7594dd2e866e,a57f0fd6-6977-43c3-86bb-cd34ef2a7a29,2026-04-02 03:26:08.458871+00:00,pending,0,28.5,1,True,,True,0.0
B_weighted_7d_entry_1_example_075_comment_1_threshold_0_3_6,aedbe598-910f-42c5-88a7-14659d933b8f,fd9b7f36-2943-4ceb-b658-83c814782ac3,2026-04-02 03:46:58.986955+00:00,approved,2,29.0,3,True,,True,0.0
B_weighted_7d_entry_1_example_075_comment_1_threshold_0_3_6,594148de-e785-473d-a6b0-cd51dbd1e652,a57f0fd6-6977-43c3-86bb-cd34ef2a7a29,2026-04-02 03:53:24.392373+00:00,approved,2,30.25,2,True,,True,0.0
B_weighted_7d_entry_1_example_075_comment_1_threshold_0_3_6,6ea78b7c-bd8a-4a77-a7ca-3a4f0708d8a4,fd9b7f36-2943-4ceb-b658-83c814782ac3,2026-04-02 04:17:41.448007+00:00,approved,4,34.0,4,True,,True,0.0
B_weighted_7d_entry_1_example_075_comment_1_threshold_0_3_6,8435f474-6db5-432c-bcf2-b6136365bb39,4ce403f9-c662-4caa-8576-c10e71f01c4b,2026-04-02 06:05:33.982550+00:00,approved,2,5.0,0,True,2.0,False,1.0
B_weighted_7d_entry_1_example_075_comment_1_threshold_0_3_6,aed25b1e-60fd-49f2-b039-86ff426c2586,60264769-e015-4dba-b2f4-6bfdffed12b3,2026-04-02 11:58:32.266106+00:00,approved,3,9.0,0,True,,True,0.0
B_weighted_7d_entry_1_example_075_comment_1_threshold_0_3_6,69d90c73-d0cc-45fe-836b-9c58cfadb029,a57f0fd6-6977-43c3-86bb-cd34ef2a7a29,2026-04-02 12:27:19.740605+00:00,pending,0,30.0,3,True,,True,0.0
B_weighted_7d_entry_1_example_075_comment_1_threshold_0_3_6,f809db60-c27d-41f2-afd8-d346412f6734,a57f0fd6-6977-43c3-86bb-cd34ef2a7a29,2026-04-02 13:41:30.321714+00:00,pending,3,30.0,4,True,,True,0.0
B_weighted_7d_entry_1_example_075_comment_1_threshold_0_3_6,754557ee-3ddb-440c-a47d-b1e0815e0066,a57f0fd6-6977-43c3-86bb-cd34ef2a7a29,2026-04-02 14:03:37.718179+00:00,pending,0,30.0,5,True,,True,0.0
B_weighted_7d_entry_1_example_075_comment_1_threshold_0_3_6,61de7a3e-4e36-444c-965e-031d55bddde0,a57f0fd6-6977-43c3-86bb-cd34ef2a7a29,2026-04-02 14:14:13.354762+00:00,pending,0,30.0,6,True,,True,0.0
B_weighted_7d_entry_1_example_075_comment_1_threshold_0_3_6,b5014bfa-2df8-45fe-bb96-4ea7f84c4753,fd9b7f36-2943-4ceb-b658-83c814782ac3,2026-04-02 14:29:51.438084+00:00,approved,2,39.0,5,True,,True,0.0
B_weighted_7d_entry_1_example_075_comment_1_threshold_0_3_6,2537b9f3-bc4d-4093-9156-ec03a414b729,fd9b7f36-2943-4ceb-b658-83c814782ac3,2026-04-02 14:35:46.954194+00:00,approved,3,39.0,6,True,,True,0.0
B_weighted_7d_entry_1_example_075_comment_1_threshold_0_3_6,68a4975d-f7e0-4380-9021-5fa359464f37,fd9b7f36-2943-4ceb-b658-83c814782ac3,2026-04-02 15:03:22.036503+00:00,pending,1,39.0,7,True,,True,0.0
B_weighted_7d_entry_1_example_075_comment_1_threshold_0_3_6,7d38c07a-ef26-4d6f-813d-a47a1c405e48,fd9b7f36-2943-4ceb-b658-83c814782ac3,2026-04-02 15:08:37.601899+00:00,pending,1,39.0,8,True,,True,0.0
B_weighted_7d_entry_1_example_075_comment_1_threshold_0_3_6,e0b80bb7-71c4-4f6a-8618-386b524c5da0,a57f0fd6-6977-43c3-86bb-cd34ef2a7a29,2026-04-02 15:10:27.817668+00:00,pending,0,34.5,7,True,,True,0.0
B_weighted_7d_entry_1_example_075_comment_1_threshold_0_3_6,e687d8fb-d481-4f2f-b514-22e30ad3daea,a57f0fd6-6977-43c3-86bb-cd34ef2a7a29,2026-04-02 15:20:33.768218+00:00,pending,1,34.5,8,True,,True,0.0
B_weighted_7d_entry_1_example_075_comment_1_threshold_0_3_6,60457793-86a9-4b09-aaac-6af1d4e12add,a57f0fd6-6977-43c3-86bb-cd34ef2a7a29,2026-04-02 15:26:05.608653+00:00,pending,1,34.5,9,True,,True,0.0
B_weighted_7d_entry_1_example_075_comment_1_threshold_0_3_6,28624342-9eed-4cf6-a81f-b560acc8ed8c,fd9b7f36-2943-4ceb-b658-83c814782ac3,2026-04-02 15:27:39.085063+00:00,approved,1,39.0,9,True,,True,0.0
B_weighted_7d_entry_1_example_075_comment_1_threshold_0_3_6,07fbb638-210d-484e-aad7-2677d744c76f,a57f0fd6-6977-43c3-86bb-cd34ef2a7a29,2026-04-02 15:32:51.390694+00:00,rejected,0,34.5,10,True,,True,0.0
B_weighted_7d_entry_1_example_075_comment_1_threshold_0_3_6,dd5efadf-e3b7-4e46-bff1-ccd718456500,fd9b7f36-2943-4ceb-b658-83c814782ac3,2026-04-02 15:35:30.473144+00:00,approved,2,39.0,10,True,,True,0.0
B_weighted_7d_entry_1_example_075_comment_1_threshold_0_3_6,48adc6a9-4e27-4a67-adef-85df32250213,fd9b7f36-2943-4ceb-b658-83c814782ac3,2026-04-02 15:42:48.130369+00:00,pending,0,39.0,11,True,,True,0.0
B_weighted_7d_entry_1_example_075_comment_1_threshold_0_3_6,05e82829-9f6d-4200-9c30-570df20636ef,fd9b7f36-2943-4ceb-b658-83c814782ac3,2026-04-02 15:47:33.074740+00:00,pending,1,39.0,12,True,,True,0.0
B_weighted_7d_entry_1_example_075_comment_1_threshold_0_3_6,c3da5793-18c1-4758-b50e-4ea08b468bb2,fd9b7f36-2943-4ceb-b658-83c814782ac3,2026-04-02 16:06:51.093054+00:00,pending,1,39.0,13,True,,True,0.0
B_weighted_7d_entry_1_example_075_comment_1_threshold_0_3_6,94e3f04c-b673-46e5-aea5-4f14d1c1fe84,fd9b7f36-2943-4ceb-b658-83c814782ac3,2026-04-02 16:12:29.834661+00:00,pending,1,39.0,14,True,,True,0.0
B_weighted_7d_entry_1_example_075_comment_1_threshold_0_3_6,6fbaac12-47f9-4d3d-8a02-d63316e1fa6e,fd9b7f36-2943-4ceb-b658-83c814782ac3,2026-04-02 19:03:34.671735+00:00,pending,1,39.0,15,True,,True,0.0
B_weighted_7d_entry_1_example_075_comment_1_threshold_0_3_6,7538e10c-eca9-48d6-8bcf-329f7b9a4995,fd9b7f36-2943-4ceb-b658-83c814782ac3,2026-04-02 19:12:49.866848+00:00,pending,1,39.0,16,True,,True,0.0
B_weighted_7d_entry_1_example_075_comment_1_threshold_0_3_6,ed7478e8-54dc-420e-a8f3-d00f0aae55b1,fd9b7f36-2943-4ceb-b658-83c814782ac3,2026-04-02 20:12:14.272226+00:00,pending,1,39.0,17,True,,True,0.0
B_weighted_7d_entry_1_example_075_comment_1_threshold_0_3_6,fb386339-7c81-4b1f-87fa-9f0a91b4b54a,fd9b7f36-2943-4ceb-b658-83c814782ac3,2026-04-02 20:20:42.756171+00:00,approved,1,39.0,18,True,,True,0.0
B_weighted_7d_entry_1_example_075_comment_1_threshold_0_3_6,ddf53381-f643-4aa7-9c18-eee143162a2c,fd9b7f36-2943-4ceb-b658-83c814782ac3,2026-04-02 20:48:51.345377+00:00,pending,1,39.0,19,True,,True,0.0
B_weighted_7d_entry_1_example_075_comment_1_threshold_0_3_6,f015b413-a37d-495a-ac9c-e93dc4918523,fd9b7f36-2943-4ceb-b658-83c814782ac3,2026-04-02 21:00:21.434388+00:00,approved,3,39.0,20,True,,True,0.0
B_weighted_7d_entry_1_example_075_comment_1_threshold_0_3_6,1fb4fab8-cafc-4b64-8054-a70ff66a090f,fd9b7f36-2943-4ceb-b658-83c814782ac3,2026-04-02 21:03:36.178992+00:00,approved,3,39.0,21,True,,True,0.0
B_weighted_7d_entry_1_example_075_comment_1_threshold_0_3_6,96f6ff4b-d250-47c5-a608-ddd1506c6bd2,a57f0fd6-6977-43c3-86bb-cd34ef2a7a29,2026-04-02 21:04:34.221672+00:00,pending,1,35.75,11,True,,True,0.0
B_weighted_7d_entry_1_example_075_comment_1_threshold_0_3_6,c66bd2a2-e61c-4abf-9cad-36ce19f2ba85,4ce403f9-c662-4caa-8576-c10e71f01c4b,2026-04-02 22:00:24.019440+00:00,approved,1,17.0,1,True,,True,0.0
B_weighted_7d_entry_1_example_075_comment_1_threshold_0_3_6,bbe47b48-71fe-4f88-bfe3-e1f48818ad37,4ce403f9-c662-4caa-8576-c10e71f01c4b,2026-04-02 22:55:28.659376+00:00,pending,0,17.0,2,True,,True,0.0
B_weighted_7d_entry_1_example_075_comment_1_threshold_0_3_6,0267ae46-c20c-4071-95e9-0ff88a9ece8f,4ce403f9-c662-4caa-8576-c10e71f01c4b,2026-04-02 23:01:18.725122+00:00,approved,1,17.0,3,True,,True,0.0
B_weighted_7d_entry_1_example_075_comment_1_threshold_0_3_6,cc8bfadb-f186-400a-8681-7b408be370e3,4ce403f9-c662-4caa-8576-c10e71f01c4b,2026-04-02 23:38:46.870947+00:00,pending,0,17.0,4,True,,True,0.0
B_weighted_7d_entry_1_example_075_comment_1_threshold_0_3_6,6e7ef973-6252-427c-9513-fe0955adce5b,4ce403f9-c662-4caa-8576-c10e71f01c4b,2026-04-02 23:49:18.605339+00:00,pending,0,17.0,5,True,,True,0.0
B_weighted_7d_entry_1_example_075_comment_1_threshold_0_3_6,0f4a173d-2e06-4b22-905b-43fbb8d74d4b,4ce403f9-c662-4caa-8576-c10e71f01c4b,2026-04-02 23:52:04.661510+00:00,pending,0,17.0,6,True,,True,0.0
B_weighted_7d_entry_1_example_075_comment_1_threshold_0_3_6,5596201d-6a5b-4a5e-80de-8910f05b5a10,4ce403f9-c662-4caa-8576-c10e71f01c4b,2026-04-02 23:55:06.653973+00:00,pending,0,17.0,7,True,,True,0.0
B_weighted_7d_entry_1_example_075_comment_1_threshold_0_3_6,4af01bf0-135e-48e0-94d9-fe0a270a9404,4ce403f9-c662-4caa-8576-c10e71f01c4b,2026-04-02 23:57:36.854359+00:00,pending,0,17.0,8,True,,True,0.0
B_weighted_7d_entry_1_example_075_comment_1_threshold_0_3_6,66b09d28-15a6-4b66-8a4b-28a7773b7953,4ce403f9-c662-4caa-8576-c10e71f01c4b,2026-04-03 00:17:21.893646+00:00,pending,2,20.0,0,True,,True,0.0
B_weighted_7d_entry_1_example_075_comment_1_threshold_0_3_6,e3eea416-e0a2-4953-8977-869eafb6c355,4ce403f9-c662-4caa-8576-c10e71f01c4b,2026-04-03 06:35:04.424526+00:00,pending,0,23.0,1,True,,True,0.0
B_weighted_7d_entry_1_example_075_comment_1_threshold_0_3_6,996c89f0-177b-43b1-8252-60b346c78bd6,4ce403f9-c662-4caa-8576-c10e71f01c4b,2026-04-03 06:42:21.047785+00:00,pending,0,23.0,2,True,,True,0.0
B_weighted_7d_entry_1_example_075_comment_1_threshold_0_3_6,ef462d91-2d83-4acf-a6f7-8abad2744856,4ce403f9-c662-4caa-8576-c10e71f01c4b,2026-04-03 06:52:20.285591+00:00,pending,1,23.0,3,True,,True,0.0
B_weighted_7d_entry_1_example_075_comment_1_threshold_0_3_6,641522c1-8f0b-4b68-a4b0-2a883cf07321,4ce403f9-c662-4caa-8576-c10e71f01c4b,2026-04-03 07:11:19.151774+00:00,approved,1,23.0,4,True,,True,0.0
B_weighted_7d_entry_1_example_075_comment_1_threshold_0_3_6,d5ec5e8a-80bb-4f6d-8b69-ae3e0db13986,4ce403f9-c662-4caa-8576-c10e71f01c4b,2026-04-03 07:21:11.190958+00:00,approved,1,23.0,5,True,,True,0.0
B_weighted_7d_entry_1_example_075_comment_1_threshold_0_3_6,b938d7f0-383a-4aec-8cc3-f6889cb94d2a,4ce403f9-c662-4caa-8576-c10e71f01c4b,2026-04-03 07:29:34.429285+00:00,approved,1,23.0,6,True,,True,0.0
B_weighted_7d_entry_1_example_075_comment_1_threshold_0_3_6,c7c4a630-2143-467e-a791-39c5f22d4944,4ce403f9-c662-4caa-8576-c10e71f01c4b,2026-04-03 07:42:42.221449+00:00,approved,1,23.0,7,True,,True,0.0
B_weighted_7d_entry_1_example_075_comment_1_threshold_0_3_6,2a76ef0b-eac8-41c7-905d-1d00ddcc76ad,4ce403f9-c662-4caa-8576-c10e71f01c4b,2026-04-03 07:50:07.155085+00:00,pending,1,23.0,8,True,,True,0.0
B_weighted_7d_entry_1_example_075_comment_1_threshold_0_3_6,a4915154-ebf7-493a-98fc-98642b777d58,cdbc2977-3feb-4b78-967e-7636db3986d5,2026-04-03 12:49:56.084612+00:00,approved,1,20.0,0,True,,True,0.0
B_weighted_7d_entry_1_example_075_comment_1_threshold_0_3_6,ee7c8d2f-cacb-4888-800d-3d7ad12616cc,cdbc2977-3feb-4b78-967e-7636db3986d5,2026-04-03 12:58:12.626244+00:00,approved,1,20.0,1,True,,True,0.0
B_weighted_7d_entry_1_example_075_comment_1_threshold_0_3_6,d804e43e-f767-40c9-97b5-18926c81a87a,cdbc2977-3feb-4b78-967e-7636db3986d5,2026-04-03 13:13:52.696361+00:00,pending,0,20.0,2,True,,True,0.0
B_weighted_7d_entry_1_example_075_comment_1_threshold_0_3_6,1500e9df-7a3b-4aa5-826a-9b84a46d112b,cdbc2977-3feb-4b78-967e-7636db3986d5,2026-04-03 13:22:13.207429+00:00,pending,0,20.0,3,True,,True,0.0
B_weighted_7d_entry_1_example_075_comment_1_threshold_0_3_6,a35dba67-2364-4128-bfe9-d604fc968fd9,a57f0fd6-6977-43c3-86bb-cd34ef2a7a29,2026-04-03 13:31:09.411243+00:00,pending,1,44.75,0,True,,True,0.0
B_weighted_7d_entry_1_example_075_comment_1_threshold_0_3_6,2bf0597e-eb3a-44ee-b501-ff1e007f43d5,cdbc2977-3feb-4b78-967e-7636db3986d5,2026-04-03 21:02:12.691450+00:00,pending,2,20.0,4,True,,True,0.0
B_weighted_7d_entry_1_example_075_comment_1_threshold_0_3_6,d048b407-a504-4fe8-a492-2eece7147796,68094f87-01d0-4966-aae7-21eb452e918d,2026-04-03 22:34:17.329054+00:00,approved,1,9.0,0,True,,True,0.0
B_weighted_7d_entry_1_example_075_comment_1_threshold_0_3_6,595e9508-6dec-41f3-81c9-16025ad09dd0,4ce403f9-c662-4caa-8576-c10e71f01c4b,2026-04-03 23:31:50.582049+00:00,approved,1,25.0,9,True,,True,0.0
B_weighted_7d_entry_1_example_075_comment_1_threshold_0_3_6,6e411a74-d4bb-4d46-87a1-884a60808f5d,4ce403f9-c662-4caa-8576-c10e71f01c4b,2026-04-03 23:49:35.761407+00:00,approved,1,25.0,10,True,,True,0.0
B_weighted_7d_entry_1_example_075_comment_1_threshold_0_3_6,6155bd7f-1849-4d19-9ae0-73370015b6b8,4ce403f9-c662-4caa-8576-c10e71f01c4b,2026-04-04 00:20:45.324255+00:00,pending,0,28.0,0,True,,True,0.0
B_weighted_7d_entry_1_example_075_comment_1_threshold_0_3_6,80b0123a-2fb9-4483-9116-a3cdc7ec6dc4,4ce403f9-c662-4caa-8576-c10e71f01c4b,2026-04-04 00:29:04.106321+00:00,pending,0,31.0,1,True,,True,0.0
B_weighted_7d_entry_1_example_075_comment_1_threshold_0_3_6,07e2310f-c1d8-4d9e-851f-6900d29df881,4ce403f9-c662-4caa-8576-c10e71f01c4b,2026-04-04 00:45:06.007223+00:00,approved,1,31.0,2,True,,True,0.0
B_weighted_7d_entry_1_example_075_comment_1_threshold_0_3_6,f6d230fd-898e-41a9-9746-b3043d5deccb,4ce403f9-c662-4caa-8576-c10e71f01c4b,2026-04-04 00:57:10.913673+00:00,pending,-1,31.0,3,True,,True,0.0
B_weighted_7d_entry_1_example_075_comment_1_threshold_0_3_6,54d84fa7-62f9-418b-bf56-7b00c31baa24,4ce403f9-c662-4caa-8576-c10e71f01c4b,2026-04-04 01:12:40.420062+00:00,approved,1,31.0,4,True,,True,0.0
B_weighted_7d_entry_1_example_075_comment_1_threshold_0_3_6,b77390c8-efa9-4c7a-afe1-2c276252e22b,4ce403f9-c662-4caa-8576-c10e71f01c4b,2026-04-04 01:20:27.147637+00:00,pending,1,31.0,5,True,,True,0.0
B_weighted_7d_entry_1_example_075_comment_1_threshold_0_3_6,f5c9980f-5ddf-4029-a3f7-1cd0493bf794,4ce403f9-c662-4caa-8576-c10e71f01c4b,2026-04-04 02:56:42.333439+00:00,approved,1,32.0,6,True,,True,0.0
B_weighted_7d_entry_1_example_075_comment_1_threshold_0_3_6,8209cd5b-28e0-43d0-af19-410fadcca6db,4ce403f9-c662-4caa-8576-c10e71f01c4b,2026-04-04 03:08:35.068382+00:00,approved,1,32.0,7,True,,True,0.0
B_weighted_7d_entry_1_example_075_comment_1_threshold_0_3_6,9953d1ec-7be6-425d-8b9c-57e19551a704,4ce403f9-c662-4caa-8576-c10e71f01c4b,2026-04-04 03:40:55.787998+00:00,approved,1,32.0,8,True,,True,0.0
B_weighted_7d_entry_1_example_075_comment_1_threshold_0_3_6,af979dfd-1137-49f0-96a4-898c512e789f,fd9b7f36-2943-4ceb-b658-83c814782ac3,2026-04-04 05:00:15.738432+00:00,pending,1,47.0,0,True,,True,0.0
B_weighted_7d_entry_1_example_075_comment_1_threshold_0_3_6,e8999221-7cf3-43bb-8d26-6c1fd19e9aed,fd9b7f36-2943-4ceb-b658-83c814782ac3,2026-04-04 05:06:45.538998+00:00,pending,1,47.0,1,True,,True,0.0
B_weighted_7d_entry_1_example_075_comment_1_threshold_0_3_6,cd74add1-1863-4364-86dc-2567c80cd3d7,fd9b7f36-2943-4ceb-b658-83c814782ac3,2026-04-04 05:15:56.234550+00:00,approved,2,48.0,2,True,,True,0.0
B_weighted_7d_entry_1_example_075_comment_1_threshold_0_3_6,9cb4c561-2fda-44af-9e30-1cc83ef9a9e4,fd9b7f36-2943-4ceb-b658-83c814782ac3,2026-04-04 05:24:24.333155+00:00,pending,1,48.0,3,True,,True,0.0
B_weighted_7d_entry_1_example_075_comment_1_threshold_0_3_6,0cf88b99-2427-42c9-9b29-bef337f8be9d,fd9b7f36-2943-4ceb-b658-83c814782ac3,2026-04-04 05:33:02.696552+00:00,approved,2,48.0,4,True,,True,0.0
B_weighted_7d_entry_1_example_075_comment_1_threshold_0_3_6,28d0f223-498b-4aeb-a392-a63b8b24dab2,fd9b7f36-2943-4ceb-b658-83c814782ac3,2026-04-04 05:39:54.861459+00:00,approved,1,48.0,5,True,,True,0.0
B_weighted_7d_entry_1_example_075_comment_1_threshold_0_3_6,79f0b272-93e9-4f14-bdfc-511045f14ea7,fd9b7f36-2943-4ceb-b658-83c814782ac3,2026-04-04 05:55:45.983612+00:00,pending,1,48.0,6,True,,True,0.0
B_weighted_7d_entry_1_example_075_comment_1_threshold_0_3_6,02b5e106-b701-4655-b445-3d43f7da7876,fd9b7f36-2943-4ceb-b658-83c814782ac3,2026-04-04 06:15:27.955761+00:00,approved,2,48.0,7,True,,True,0.0
B_weighted_7d_entry_1_example_075_comment_1_threshold_0_3_6,1a223481-c4a6-4217-855c-6741dd0744a1,4ce403f9-c662-4caa-8576-c10e71f01c4b,2026-04-04 06:27:26.216422+00:00,approved,2,33.0,9,True,,True,0.0
B_weighted_7d_entry_1_example_075_comment_1_threshold_0_3_6,d5664a8a-8b9b-4661-a5fe-5393d6b50cf4,4ce403f9-c662-4caa-8576-c10e71f01c4b,2026-04-04 06:59:51.709528+00:00,approved,3,34.0,10,True,,True,0.0
B_weighted_7d_entry_1_example_075_comment_1_threshold_0_3_6,888eb6df-d596-42ab-83bb-b5d188312d3e,4ce403f9-c662-4caa-8576-c10e71f01c4b,2026-04-04 07:09:15.937044+00:00,pending,1,34.0,11,True,,True,0.0
B_weighted_7d_entry_1_example_075_comment_1_threshold_0_3_6,72a5ad2a-1cd3-454e-812b-2537998c12cd,4ce403f9-c662-4caa-8576-c10e71f01c4b,2026-04-04 07:36:21.827961+00:00,approved,2,34.0,12,True,,True,0.0
B_weighted_7d_entry_1_example_075_comment_1_threshold_0_3_6,1c54a2cf-d893-426e-870d-e0e5c3035b30,cdbc2977-3feb-4b78-967e-7636db3986d5,2026-04-04 13:51:29.205949+00:00,pending,0,24.0,0,True,,True,0.0
B_weighted_7d_entry_1_example_075_comment_1_threshold_0_3_6,f0349c75-43c2-4673-b279-55079c79e162,cdbc2977-3feb-4b78-967e-7636db3986d5,2026-04-04 13:56:14.488072+00:00,pending,0,24.0,1,True,,True,0.0
B_weighted_7d_entry_1_example_075_comment_1_threshold_0_3_6,1889f111-4475-4e41-807c-024110eec4f3,cdbc2977-3feb-4b78-967e-7636db3986d5,2026-04-04 16:19:26.735483+00:00,pending,1,24.0,2,True,,True,0.0
B_weighted_7d_entry_1_example_075_comment_1_threshold_0_3_6,d0d298bf-95d8-4093-b991-f51c9f5cadb0,a57f0fd6-6977-43c3-86bb-cd34ef2a7a29,2026-04-04 16:42:27.283839+00:00,pending,0,52.75,0,True,,True,0.0
B_weighted_7d_entry_1_example_075_comment_1_threshold_0_3_6,ffcdcdbf-f956-402c-888a-526d0a56bcbf,a57f0fd6-6977-43c3-86bb-cd34ef2a7a29,2026-04-04 16:47:13.564959+00:00,pending,0,52.75,1,True,,True,0.0
B_weighted_7d_entry_1_example_075_comment_1_threshold_0_3_6,a6000878-affc-49e7-a29d-ec47ff8d9727,fd9b7f36-2943-4ceb-b658-83c814782ac3,2026-04-04 16:48:26.184012+00:00,pending,1,48.0,8,True,,True,0.0
B_weighted_7d_entry_1_example_075_comment_1_threshold_0_3_6,aa38dbdb-517f-4a6c-8fa3-a314e1d262bf,a57f0fd6-6977-43c3-86bb-cd34ef2a7a29,2026-04-04 16:51:07.557220+00:00,pending,0,52.75,2,True,,True,0.0
B_weighted_7d_entry_1_example_075_comment_1_threshold_0_3_6,ee877acd-baaf-4342-b34a-a8d5cfd19840,a57f0fd6-6977-43c3-86bb-cd34ef2a7a29,2026-04-04 16:54:55.300756+00:00,pending,0,52.75,3,True,,True,0.0
B_weighted_7d_entry_1_example_075_comment_1_threshold_0_3_6,2e78c097-7b41-4c6d-85ee-087bb3b1bcb1,fd9b7f36-2943-4ceb-b658-83c814782ac3,2026-04-04 17:01:29.948654+00:00,pending,1,48.0,9,True,,True,0.0
B_weighted_7d_entry_1_example_075_comment_1_threshold_0_3_6,373912d9-ffb4-4760-8853-7512c64ce1f0,fd9b7f36-2943-4ceb-b658-83c814782ac3,2026-04-04 17:39:33.018229+00:00,pending,0,48.0,10,True,,True,0.0
B_weighted_7d_entry_1_example_075_comment_1_threshold_0_3_6,dffd1b1f-84bd-4285-b0a3-2a7c0e5f36ef,fd9b7f36-2943-4ceb-b658-83c814782ac3,2026-04-04 17:47:02.449508+00:00,approved,2,48.0,11,True,,True,0.0
B_weighted_7d_entry_1_example_075_comment_1_threshold_0_3_6,f97ced0b-3518-4a8c-b151-8608a14a2a39,fd9b7f36-2943-4ceb-b658-83c814782ac3,2026-04-04 17:51:36.948182+00:00,approved,1,48.0,12,True,,True,0.0
B_weighted_7d_entry_1_example_075_comment_1_threshold_0_3_6,ff8bc529-880a-4a01-81cf-691330b75f0b,fd9b7f36-2943-4ceb-b658-83c814782ac3,2026-04-04 18:14:04.658018+00:00,pending,1,48.0,13,True,,True,0.0
B_weighted_7d_entry_1_example_075_comment_1_threshold_0_3_6,f85fdb8e-2ea5-42d1-8e73-2b1ddb8c66bf,fd9b7f36-2943-4ceb-b658-83c814782ac3,2026-04-04 18:19:21.570919+00:00,approved,1,48.0,14,True,,True,0.0
B_weighted_7d_entry_1_example_075_comment_1_threshold_0_3_6,e09c5f4b-7115-4c12-a36f-92d32c498044,cdbc2977-3feb-4b78-967e-7636db3986d5,2026-04-04 19:31:59.949779+00:00,approved,1,24.0,3,True,,True,0.0
B_weighted_7d_entry_1_example_075_comment_1_threshold_0_3_6,e1cdc422-3c9f-4b2e-ac9d-0200440611f1,fd9b7f36-2943-4ceb-b658-83c814782ac3,2026-04-04 22:00:53.826937+00:00,approved,1,48.0,15,True,,True,0.0
B_weighted_7d_entry_1_example_075_comment_1_threshold_0_3_6,ddd5e090-5f3f-4bd3-a0a3-73b598164a51,4ce403f9-c662-4caa-8576-c10e71f01c4b,2026-04-04 23:43:56.173386+00:00,pending,0,37.0,13,True,,True,0.0
B_weighted_7d_entry_1_example_075_comment_1_threshold_0_3_6,cc1649b3-8abd-46e9-858f-52aab762c79a,4ce403f9-c662-4caa-8576-c10e71f01c4b,2026-04-04 23:55:36.438001+00:00,pending,1,37.0,14,True,,True,0.0
B_weighted_7d_entry_1_example_075_comment_1_threshold_0_3_6,4d3b3d1c-100f-4363-9428-3a3e6aafa430,4ce403f9-c662-4caa-8576-c10e71f01c4b,2026-04-05 01:12:10.384931+00:00,approved,3,43.0,0,True,,True,0.0
B_weighted_7d_entry_1_example_075_comment_1_threshold_0_3_6,23c3000a-bcc1-43f7-b986-8307f23e765d,4ce403f9-c662-4caa-8576-c10e71f01c4b,2026-04-05 01:31:06.040245+00:00,approved,2,43.0,1,True,,True,0.0
B_weighted_7d_entry_1_example_075_comment_1_threshold_0_3_6,4dc689aa-9b31-4538-bbaa-4e0a4eb698b3,4ce403f9-c662-4caa-8576-c10e71f01c4b,2026-04-05 02:19:42.240499+00:00,approved,3,43.0,2,True,,True,0.0
B_weighted_7d_entry_1_example_075_comment_1_threshold_0_3_6,29d2c3b9-a751-4734-9d9b-e8edd5dd7d9e,4ce403f9-c662-4caa-8576-c10e71f01c4b,2026-04-05 02:51:26.065753+00:00,approved,2,43.0,3,True,,True,0.0
B_weighted_7d_entry_1_example_075_comment_1_threshold_0_3_6,fedffe3c-5938-4ac4-9d66-4e9967beb2ad,4ce403f9-c662-4caa-8576-c10e71f01c4b,2026-04-05 03:07:45.075419+00:00,approved,1,43.0,4,True,,True,0.0
B_weighted_7d_entry_1_example_075_comment_1_threshold_0_3_6,bacd3a57-72ce-4ce9-8339-27b25ed3c349,fd9b7f36-2943-4ceb-b658-83c814782ac3,2026-04-05 03:09:45.200744+00:00,approved,2,56.0,0,True,,True,0.0
B_weighted_7d_entry_1_example_075_comment_1_threshold_0_3_6,34390624-f5ee-48d5-9b38-d8608aab6140,fd9b7f36-2943-4ceb-b658-83c814782ac3,2026-04-05 03:19:50.172222+00:00,approved,1,56.0,1,True,,True,0.0
B_weighted_7d_entry_1_example_075_comment_1_threshold_0_3_6,155ddb56-d201-4a31-9968-faae4a2d4d7c,fd9b7f36-2943-4ceb-b658-83c814782ac3,2026-04-05 03:31:51.829993+00:00,approved,1,56.0,2,True,,True,0.0
B_weighted_7d_entry_1_example_075_comment_1_threshold_0_3_6,48748549-9315-49a8-bca9-b315c6117fa0,fd9b7f36-2943-4ceb-b658-83c814782ac3,2026-04-05 03:37:34.537199+00:00,pending,-1,56.0,3,True,,True,0.0
B_weighted_7d_entry_1_example_075_comment_1_threshold_0_3_6,76071fe0-82f5-44dd-b7b6-ea94fbb72928,fd9b7f36-2943-4ceb-b658-83c814782ac3,2026-04-05 03:43:53.012512+00:00,approved,2,56.0,4,True,,True,0.0
B_weighted_7d_entry_1_example_075_comment_1_threshold_0_3_6,3e558a01-2a47-42bc-ab73-b75a623e6cd7,fd9b7f36-2943-4ceb-b658-83c814782ac3,2026-04-05 03:51:35.234202+00:00,approved,3,56.0,5,True,,True,0.0
B_weighted_7d_entry_1_example_075_comment_1_threshold_0_3_6,5c5232c8-f4e7-41b4-96b5-5af27df07b3e,fd9b7f36-2943-4ceb-b658-83c814782ac3,2026-04-05 03:54:25.215398+00:00,approved,1,56.0,6,True,,True,0.0
B_weighted_7d_entry_1_example_075_comment_1_threshold_0_3_6,6b289a9d-a9a0-4812-a2ba-e2aaeebb27fe,4ce403f9-c662-4caa-8576-c10e71f01c4b,2026-04-05 07:44:09.224050+00:00,approved,1,46.0,5,True,,True,0.0
B_weighted_7d_entry_1_example_075_comment_1_threshold_0_3_6,016a545f-fea5-4d60-9324-c5db4b2891b7,4ce403f9-c662-4caa-8576-c10e71f01c4b,2026-04-05 08:01:58.515433+00:00,approved,1,46.0,6,True,,True,0.0
B_weighted_7d_entry_1_example_075_comment_1_threshold_0_3_6,72a7dbe6-5890-4ffd-944a-cbfb084d4a98,4ce403f9-c662-4caa-8576-c10e71f01c4b,2026-04-05 21:09:39.687849+00:00,pending,0,46.0,7,True,,True,0.0
B_weighted_7d_entry_1_example_075_comment_1_threshold_0_3_6,8579f12a-1e70-4be7-92e4-8922e5c028ab,4ce403f9-c662-4caa-8576-c10e71f01c4b,2026-04-05 21:48:44.007998+00:00,pending,1,46.0,8,True,,True,0.0
B_weighted_7d_entry_1_example_075_comment_1_threshold_0_3_6,eefcaf09-f970-4b73-8542-351060a7638e,4ce403f9-c662-4caa-8576-c10e71f01c4b,2026-04-05 23:02:52.094262+00:00,approved,2,46.0,9,True,,True,0.0
B_weighted_7d_entry_1_example_075_comment_1_threshold_0_3_6,858dea0b-a382-4f19-bc11-05cfae313027,69ce191d-25f7-4ae6-b5fc-26bdc90e84aa,2026-04-06 00:36:15.982864+00:00,pending,0,35.0,0,True,,True,0.0
B_weighted_7d_entry_1_example_075_comment_1_threshold_0_3_6,954da555-0f8c-4414-8d61-729084046daf,fd9b7f36-2943-4ceb-b658-83c814782ac3,2026-04-06 01:57:16.735908+00:00,pending,1,63.0,0,True,,True,0.0
B_weighted_7d_entry_1_example_075_comment_1_threshold_0_3_6,87d7f119-8230-463b-a400-fa3784dd8514,fd9b7f36-2943-4ceb-b658-83c814782ac3,2026-04-06 02:06:30.536738+00:00,approved,-1,63.0,1,True,,True,0.0
B_weighted_7d_entry_1_example_075_comment_1_threshold_0_3_6,5c0d3d21-afa7-4fb0-b3a8-fff4c95b23ed,fd9b7f36-2943-4ceb-b658-83c814782ac3,2026-04-06 02:11:33.826601+00:00,approved,1,63.0,2,True,,True,0.0
B_weighted_7d_entry_1_example_075_comment_1_threshold_0_3_6,f9ec9e33-6c22-4617-9abb-d12bd455c1bf,fd9b7f36-2943-4ceb-b658-83c814782ac3,2026-04-06 02:15:30.481751+00:00,approved,0,63.0,3,True,,True,0.0
B_weighted_7d_entry_1_example_075_comment_1_threshold_0_3_6,699d29b3-84e4-4152-b569-14b7b128a820,fd9b7f36-2943-4ceb-b658-83c814782ac3,2026-04-06 02:48:24.458943+00:00,approved,1,63.0,4,True,,True,0.0
B_weighted_7d_entry_1_example_075_comment_1_threshold_0_3_6,b0161d26-176e-4327-813c-6b47794da10a,fd9b7f36-2943-4ceb-b658-83c814782ac3,2026-04-06 02:51:33.230316+00:00,approved,0,63.0,5,True,,True,0.0
B_weighted_7d_entry_1_example_075_comment_1_threshold_0_3_6,9e150024-14a9-4f20-a24c-4351c021100d,a57f0fd6-6977-43c3-86bb-cd34ef2a7a29,2026-04-06 03:55:16.590886+00:00,pending,0,82.5,0,True,,True,0.0
B_weighted_7d_entry_1_example_075_comment_1_threshold_0_3_6,601b7e4f-aaed-454a-88a3-0a910e2e19c0,4ce403f9-c662-4caa-8576-c10e71f01c4b,2026-04-06 04:02:44.937401+00:00,approved,2,52.75,0,True,,True,0.0
B_weighted_7d_entry_1_example_075_comment_1_threshold_0_3_6,cea27375-c0f5-443f-9b08-15cf622a3585,a57f0fd6-6977-43c3-86bb-cd34ef2a7a29,2026-04-06 04:09:43.778004+00:00,pending,1,86.5,1,True,,True,0.0
B_weighted_7d_entry_1_example_075_comment_1_threshold_0_3_6,a47b70b5-6919-4204-8a4a-4da3071bb253,a57f0fd6-6977-43c3-86bb-cd34ef2a7a29,2026-04-06 04:22:09.972342+00:00,pending,1,86.5,2,True,,True,0.0
B_weighted_7d_entry_1_example_075_comment_1_threshold_0_3_6,be645576-35df-4a80-bf66-a88b59f827d2,a57f0fd6-6977-43c3-86bb-cd34ef2a7a29,2026-04-06 04:36:35.970545+00:00,pending,0,86.5,3,True,,True,0.0
B_weighted_7d_entry_1_example_075_comment_1_threshold_0_3_6,113018f5-0a2f-43c2-96ad-0d175d91e7a3,a57f0fd6-6977-43c3-86bb-cd34ef2a7a29,2026-04-06 04:47:29.576068+00:00,pending,1,86.5,4,True,,True,0.0
B_weighted_7d_entry_1_example_075_comment_1_threshold_0_3_6,40b82d8e-7d2c-4e68-bebe-6d03c1b3356d,4ce403f9-c662-4caa-8576-c10e71f01c4b,2026-04-06 06:12:41.382321+00:00,pending,0,59.75,1,True,,True,0.0
B_weighted_7d_entry_1_example_075_comment_1_threshold_0_3_6,6e9d11a7-8c54-46f9-9b6d-4648faf54ffc,4ce403f9-c662-4caa-8576-c10e71f01c4b,2026-04-06 06:21:17.063849+00:00,approved,2,59.75,2,True,,True,0.0
B_weighted_7d_entry_1_example_075_comment_1_threshold_0_3_6,a86b8cc8-4a40-47de-9a3a-6b35a757e0bc,a57f0fd6-6977-43c3-86bb-cd34ef2a7a29,2026-04-06 11:10:00.489120+00:00,pending,0,86.5,5,True,,True,0.0
B_weighted_7d_entry_1_example_075_comment_1_threshold_0_3_6,d2f9bc1a-322c-416f-8390-901f4414a2d0,a57f0fd6-6977-43c3-86bb-cd34ef2a7a29,2026-04-06 11:18:49.013117+00:00,pending,0,86.5,6,True,,True,0.0
B_weighted_7d_entry_1_example_075_comment_1_threshold_0_3_6,543c8110-5c01-4de6-adce-17ab51b5e722,a57f0fd6-6977-43c3-86bb-cd34ef2a7a29,2026-04-06 11:25:01.235512+00:00,pending,0,86.5,7,True,,True,0.0
B_weighted_7d_entry_1_example_075_comment_1_threshold_0_3_6,9b684f4b-85f0-4ca6-a5f1-c6d5664c7967,a57f0fd6-6977-43c3-86bb-cd34ef2a7a29,2026-04-06 12:51:59.061007+00:00,pending,1,86.5,8,True,,True,0.0
B_weighted_7d_entry_1_example_075_comment_1_threshold_0_3_6,8676c547-0dc4-4415-9f2b-c673ee67d98d,fd9b7f36-2943-4ceb-b658-83c814782ac3,2026-04-06 15:14:23.379857+00:00,approved,2,63.0,6,True,,True,0.0
B_weighted_7d_entry_1_example_075_comment_1_threshold_0_3_6,63c85812-22b0-47f3-ab3a-8387dc34eb14,fd9b7f36-2943-4ceb-b658-83c814782ac3,2026-04-06 15:24:30.390242+00:00,approved,4,63.0,7,True,,True,0.0
B_weighted_7d_entry_1_example_075_comment_1_threshold_0_3_6,1befaada-68f1-45b2-910a-82f7194d7280,fd9b7f36-2943-4ceb-b658-83c814782ac3,2026-04-06 15:33:54.316758+00:00,approved,2,63.0,8,True,,True,0.0
B_weighted_7d_entry_1_example_075_comment_1_threshold_0_3_6,785706a6-eacd-453c-9d85-723db483f64e,fd9b7f36-2943-4ceb-b658-83c814782ac3,2026-04-06 15:43:20.136528+00:00,approved,3,63.0,9,True,,True,0.0
B_weighted_7d_entry_1_example_075_comment_1_threshold_0_3_6,3d580b12-f012-4fd4-a811-b9c3661b7106,60264769-e015-4dba-b2f4-6bfdffed12b3,2026-04-06 15:58:48.116866+00:00,pending,1,21.0,0,True,,True,0.0
B_weighted_7d_entry_1_example_075_comment_1_threshold_0_3_6,acf06857-4004-416b-bc06-5697fe5d2d89,fd9b7f36-2943-4ceb-b658-83c814782ac3,2026-04-06 18:14:25.083161+00:00,approved,4,63.0,10,True,,True,0.0
B_weighted_7d_entry_1_example_075_comment_1_threshold_0_3_6,5103ad95-4d0e-4712-bd85-cc0298497305,fd9b7f36-2943-4ceb-b658-83c814782ac3,2026-04-06 18:35:12.575385+00:00,approved,3,63.0,11,True,,True,0.0
B_weighted_7d_entry_1_example_075_comment_1_threshold_0_3_6,d513157c-2d57-41ce-a9a1-4281b5b5b5d8,fd9b7f36-2943-4ceb-b658-83c814782ac3,2026-04-06 18:39:09.364658+00:00,approved,4,63.0,12,True,,True,0.0
B_weighted_7d_entry_1_example_075_comment_1_threshold_0_3_6,dd2f4e62-5d07-48a9-9ae3-899a1ac4d4bb,fd9b7f36-2943-4ceb-b658-83c814782ac3,2026-04-06 18:41:34.724245+00:00,approved,3,63.0,13,True,,True,0.0
B_weighted_7d_entry_1_example_075_comment_1_threshold_0_3_6,82430952-49af-4214-8aae-b6bb6d23be04,fd9b7f36-2943-4ceb-b658-83c814782ac3,2026-04-06 20:25:15.203249+00:00,approved,3,63.0,14,True,,True,0.0
B_weighted_7d_entry_1_example_075_comment_1_threshold_0_3_6,ae402ff9-4610-43da-94bc-c6b1100bfb66,fd9b7f36-2943-4ceb-b658-83c814782ac3,2026-04-06 20:33:01.691251+00:00,approved,3,63.0,15,True,,True,0.0
B_weighted_7d_entry_1_example_075_comment_1_threshold_0_3_6,3056fba3-8a67-4e48-b7da-67e3bd953310,fd9b7f36-2943-4ceb-b658-83c814782ac3,2026-04-06 20:44:26.502166+00:00,approved,3,63.0,16,True,,True,0.0
B_weighted_7d_entry_1_example_075_comment_1_threshold_0_3_6,8cadd9ac-7f22-4a46-9d61-600c245038d7,a57f0fd6-6977-43c3-86bb-cd34ef2a7a29,2026-04-06 23:06:44.891040+00:00,pending,1,89.75,9,True,,True,0.0
B_weighted_7d_entry_1_example_075_comment_1_threshold_0_3_6,57c8bba6-0f23-452f-85aa-5650e286d3cf,4ce403f9-c662-4caa-8576-c10e71f01c4b,2026-04-07 01:11:20.558374+00:00,approved,1,66.75,0,True,,True,0.0
B_weighted_7d_entry_1_example_075_comment_1_threshold_0_3_6,2d84081c-6a0a-49de-8cce-59c1fa69b879,a57f0fd6-6977-43c3-86bb-cd34ef2a7a29,2026-04-07 01:35:37.067292+00:00,pending,0,94.75,0,True,,True,0.0
B_weighted_7d_entry_1_example_075_comment_1_threshold_0_3_6,d9c2fc3d-5406-49a4-a12a-9572d9454856,a57f0fd6-6977-43c3-86bb-cd34ef2a7a29,2026-04-07 01:48:52.989226+00:00,pending,0,94.75,1,True,,True,0.0
B_weighted_7d_entry_1_example_075_comment_1_threshold_0_3_6,457a89ac-7b3d-43c1-9323-fe1835bbb58a,4ce403f9-c662-4caa-8576-c10e71f01c4b,2026-04-07 01:55:26.805566+00:00,pending,1,66.75,1,True,,True,0.0
B_weighted_7d_entry_1_example_075_comment_1_threshold_0_3_6,525c0f6b-5643-4898-badf-a01bac16c759,4ce403f9-c662-4caa-8576-c10e71f01c4b,2026-04-07 02:09:32.542401+00:00,approved,1,66.75,2,True,,True,0.0
B_weighted_7d_entry_1_example_075_comment_1_threshold_0_3_6,0651c7b1-69d2-4cba-b7e2-87561cae26dc,fd9b7f36-2943-4ceb-b658-83c814782ac3,2026-04-07 02:23:24.597168+00:00,approved,3,71.0,0,True,,True,0.0
B_weighted_7d_entry_1_example_075_comment_1_threshold_0_3_6,6d3d999d-b5b1-483f-ac7e-92cc41e3f5e1,fd9b7f36-2943-4ceb-b658-83c814782ac3,2026-04-07 02:28:26.231593+00:00,approved,3,71.0,1,True,,True,0.0
B_weighted_7d_entry_1_example_075_comment_1_threshold_0_3_6,eefda393-00ef-4da7-b31d-9baa47742560,fd9b7f36-2943-4ceb-b658-83c814782ac3,2026-04-07 03:06:51.933913+00:00,approved,2,71.0,2,True,,True,0.0
B_weighted_7d_entry_1_example_075_comment_1_threshold_0_3_6,864bdb9c-b795-452f-97c1-3420675b0324,fd9b7f36-2943-4ceb-b658-83c814782ac3,2026-04-07 03:15:33.904961+00:00,pending,2,71.0,3,True,,True,0.0
B_weighted_7d_entry_1_example_075_comment_1_threshold_0_3_6,eb30ddd1-8650-4782-9694-cafed510cbc8,4ce403f9-c662-4caa-8576-c10e71f01c4b,2026-04-07 03:44:32.843208+00:00,approved,2,66.75,3,True,,True,0.0
B_weighted_7d_entry_1_example_075_comment_1_threshold_0_3_6,7ada756d-274c-4da0-9347-e6ac9e89f8fd,4ce403f9-c662-4caa-8576-c10e71f01c4b,2026-04-07 06:29:32.735248+00:00,approved,1,66.75,4,True,,True,0.0
B_weighted_7d_entry_1_example_075_comment_1_threshold_0_3_6,86010be0-64f0-4747-a84d-60368e7f0545,4ce403f9-c662-4caa-8576-c10e71f01c4b,2026-04-07 08:10:17.635781+00:00,approved,1,66.75,5,True,,True,0.0
B_weighted_7d_entry_1_example_075_comment_1_threshold_0_3_6,56784da5-bfe8-42a6-9701-076ab932c04a,4ce403f9-c662-4caa-8576-c10e71f01c4b,2026-04-07 08:13:43.864689+00:00,approved,2,66.75,6,True,,True,0.0
B_weighted_7d_entry_1_example_075_comment_1_threshold_0_3_6,ca7d29c7-9d55-4e39-8beb-3a9e5b36a06b,a57f0fd6-6977-43c3-86bb-cd34ef2a7a29,2026-04-07 13:35:44.155143+00:00,pending,0,99.75,2,True,,True,0.0
B_weighted_7d_entry_1_example_075_comment_1_threshold_0_3_6,a05645ac-a209-41c0-b765-37829acbb666,a57f0fd6-6977-43c3-86bb-cd34ef2a7a29,2026-04-07 13:44:09.240293+00:00,pending,1,99.75,3,True,,True,0.0
B_weighted_7d_entry_1_example_075_comment_1_threshold_0_3_6,19c7c4fb-1713-4fb1-b5e5-780378d45187,a57f0fd6-6977-43c3-86bb-cd34ef2a7a29,2026-04-07 13:54:52.583140+00:00,approved,1,99.75,4,True,,True,0.0
B_weighted_7d_entry_1_example_075_comment_1_threshold_0_3_6,3dbdfdbb-b6d0-4353-b506-c5aa6d334ac3,a57f0fd6-6977-43c3-86bb-cd34ef2a7a29,2026-04-07 14:06:43.440222+00:00,pending,0,99.75,5,True,,True,0.0
B_weighted_7d_entry_1_example_075_comment_1_threshold_0_3_6,d0f40557-2451-47b2-a5d3-a7af3c5fd024,4ce403f9-c662-4caa-8576-c10e71f01c4b,2026-04-07 23:00:26.902358+00:00,approved,2,66.75,7,True,,True,0.0
B_weighted_7d_entry_1_example_075_comment_1_threshold_0_3_6,ffaaefa2-7d20-498d-9bec-164be6898c7c,69ce191d-25f7-4ae6-b5fc-26bdc90e84aa,2026-04-08 00:51:20.814017+00:00,approved,2,43.0,0,True,,True,0.0
B_weighted_7d_entry_1_example_075_comment_1_threshold_0_3_6,3c8a5ee7-6210-474a-816d-048744f2c2a6,a57f0fd6-6977-43c3-86bb-cd34ef2a7a29,2026-04-08 02:37:05.051160+00:00,pending,1,102.75,0,True,,True,0.0
B_weighted_7d_entry_1_example_075_comment_1_threshold_0_3_6,e4594fbd-16fc-4852-94c1-732a0d804a79,4ce403f9-c662-4caa-8576-c10e71f01c4b,2026-04-08 03:26:45.844376+00:00,approved,1,70.75,0,True,,True,0.0
B_weighted_7d_entry_1_example_075_comment_1_threshold_0_3_6,07c810cf-302f-4a99-afb5-29f4ea344953,4ce403f9-c662-4caa-8576-c10e71f01c4b,2026-04-08 03:49:43.557289+00:00,approved,1,70.75,1,True,,True,0.0
B_weighted_7d_entry_1_example_075_comment_1_threshold_0_3_6,c776d0de-f669-4c42-9204-855fb2469741,4ce403f9-c662-4caa-8576-c10e71f01c4b,2026-04-08 04:12:11.076157+00:00,approved,1,70.75,2,True,,True,0.0
B_weighted_7d_entry_1_example_075_comment_1_threshold_0_3_6,14421584-a284-48e7-9bf1-e04d0f632f32,4ce403f9-c662-4caa-8576-c10e71f01c4b,2026-04-08 04:16:46.387185+00:00,approved,1,70.75,3,True,,True,0.0
B_weighted_7d_entry_1_example_075_comment_1_threshold_0_3_6,8a3bf9bf-0f54-4228-8892-be752bc69470,a57f0fd6-6977-43c3-86bb-cd34ef2a7a29,2026-04-08 13:24:15.156539+00:00,pending,1,102.75,1,True,,True,0.0
B_weighted_7d_entry_1_example_075_comment_1_threshold_0_3_6,2b2a5b01-96a1-4c3d-888e-0b111bf565b1,a57f0fd6-6977-43c3-86bb-cd34ef2a7a29,2026-04-09 00:24:39.198827+00:00,pending,1,96.75,0,True,,True,0.0
B_weighted_7d_entry_1_example_075_comment_1_threshold_0_3_6,21ca61c7-3b6d-4ac0-b147-3e1c233777b2,4ce403f9-c662-4caa-8576-c10e71f01c4b,2026-04-09 04:16:06.034144+00:00,approved,1,76.75,0,True,,True,0.0
B_weighted_7d_entry_1_example_075_comment_1_threshold_0_3_6,24a1588c-3faa-4042-aee6-5361d1c4d051,4ce403f9-c662-4caa-8576-c10e71f01c4b,2026-04-09 04:36:56.091163+00:00,approved,1,76.75,1,True,,True,0.0
B_weighted_7d_entry_1_example_075_comment_1_threshold_0_3_6,5db56046-47ed-4258-862a-b6f7375eb681,4ce403f9-c662-4caa-8576-c10e71f01c4b,2026-04-09 04:39:55.540133+00:00,approved,1,76.75,2,True,,True,0.0
B_weighted_7d_entry_1_example_075_comment_1_threshold_0_3_6,0af4f2a6-cf75-4961-83e1-fbc45e3a25c8,4ce403f9-c662-4caa-8576-c10e71f01c4b,2026-04-09 05:02:04.721044+00:00,approved,2,75.75,3,True,,True,0.0
B_weighted_7d_entry_1_example_075_comment_1_threshold_0_3_6,ff8fdede-a5a9-401d-afdb-2145759eb240,4ce403f9-c662-4caa-8576-c10e71f01c4b,2026-04-09 05:05:39.722765+00:00,approved,1,75.75,4,True,,True,0.0
B_weighted_7d_entry_1_example_075_comment_1_threshold_0_3_6,7e64475b-24e8-48af-aa17-5eeea7e66b47,4ce403f9-c662-4caa-8576-c10e71f01c4b,2026-04-09 05:51:12.640226+00:00,approved,3,73.75,5,True,,True,0.0
B_weighted_7d_entry_1_example_075_comment_1_threshold_0_3_6,b6b3f509-da63-40d7-83fa-0c4d0a2feda8,4ce403f9-c662-4caa-8576-c10e71f01c4b,2026-04-09 06:36:29.712767+00:00,approved,2,73.75,6,True,,True,0.0
B_weighted_7d_entry_1_example_075_comment_1_threshold_0_3_6,fe515e65-d427-4dcc-a9e5-f445eca4e6c7,4ce403f9-c662-4caa-8576-c10e71f01c4b,2026-04-09 07:05:51.541154+00:00,approved,1,73.75,7,True,,True,0.0
B_weighted_7d_entry_1_example_075_comment_1_threshold_0_3_6,fb0b8ba4-c424-4365-9f9c-5f433eb27d98,4ce403f9-c662-4caa-8576-c10e71f01c4b,2026-04-09 07:24:43.026558+00:00,pending,1,73.75,8,True,,True,0.0
B_weighted_7d_entry_1_example_075_comment_1_threshold_0_3_6,21bb02e3-b731-4677-bd89-c7bd7ed141f6,4ce403f9-c662-4caa-8576-c10e71f01c4b,2026-04-09 07:31:31.549178+00:00,approved,2,73.75,9,True,,True,0.0
B_weighted_7d_entry_1_example_075_comment_1_threshold_0_3_6,3a0181d0-2a4c-4d63-af03-5976e81e35ba,4ce403f9-c662-4caa-8576-c10e71f01c4b,2026-04-09 07:56:37.501274+00:00,approved,2,73.75,10,True,,True,0.0
B_weighted_7d_entry_1_example_075_comment_1_threshold_0_3_6,a663ded7-cdad-46dd-8a95-c8046c52cb02,a57f0fd6-6977-43c3-86bb-cd34ef2a7a29,2026-04-09 12:23:14.921493+00:00,pending,0,89.25,1,True,,True,0.0
B_weighted_7d_entry_1_example_075_comment_1_threshold_0_3_6,3a3abb50-4570-4a66-a87f-1f180d28a379,a57f0fd6-6977-43c3-86bb-cd34ef2a7a29,2026-04-09 15:58:53.233546+00:00,approved,2,83.75,2,True,,True,0.0
B_weighted_7d_entry_1_example_075_comment_1_threshold_0_3_6,e7c87f43-7cc5-439c-9a6e-6989bbe0a48a,a57f0fd6-6977-43c3-86bb-cd34ef2a7a29,2026-04-09 16:09:36.131759+00:00,pending,1,84.75,3,True,,True,0.0
B_weighted_7d_entry_1_example_075_comment_1_threshold_0_3_6,fc22b8db-6c1c-4372-96a3-a1935aea51d3,a57f0fd6-6977-43c3-86bb-cd34ef2a7a29,2026-04-09 16:24:31.910571+00:00,pending,0,83.75,4,True,,True,0.0
B_weighted_7d_entry_1_example_075_comment_1_threshold_0_3_6,828ee348-a4e7-43d5-8f87-d2a3f006ba2b,a57f0fd6-6977-43c3-86bb-cd34ef2a7a29,2026-04-09 17:37:52.206620+00:00,pending,0,83.75,5,True,,True,0.0
B_weighted_7d_entry_1_example_075_comment_1_threshold_0_3_6,cf84de9c-ec8f-4ecd-b830-d336e035e729,a57f0fd6-6977-43c3-86bb-cd34ef2a7a29,2026-04-09 17:42:51.111272+00:00,pending,0,83.75,6,True,,True,0.0
B_weighted_7d_entry_1_example_075_comment_1_threshold_0_3_6,9a802ff7-32a2-45da-affb-ab60886dfd0f,a57f0fd6-6977-43c3-86bb-cd34ef2a7a29,2026-04-09 17:55:19.404772+00:00,pending,1,83.75,7,True,,True,0.0
B_weighted_7d_entry_1_example_075_comment_1_threshold_0_3_6,ac30f977-d588-4d3f-bc66-bfd66a47a4a2,a57f0fd6-6977-43c3-86bb-cd34ef2a7a29,2026-04-09 17:59:32.755716+00:00,approved,4,83.75,8,True,,True,0.0
B_weighted_7d_entry_1_example_075_comment_1_threshold_0_3_6,85fa6f4b-0c77-41d8-8898-aedc72fe6815,a57f0fd6-6977-43c3-86bb-cd34ef2a7a29,2026-04-09 19:42:47.736403+00:00,pending,1,83.75,9,True,,True,0.0
B_weighted_7d_entry_1_example_075_comment_1_threshold_0_3_6,67b2f8ac-1337-4f17-846e-7d908c4bde03,a57f0fd6-6977-43c3-86bb-cd34ef2a7a29,2026-04-09 20:04:53.312527+00:00,pending,3,83.75,10,True,,True,0.0
B_weighted_7d_entry_1_example_075_comment_1_threshold_0_3_6,f9be94ae-3037-48eb-9790-9157de0f7e43,a57f0fd6-6977-43c3-86bb-cd34ef2a7a29,2026-04-09 20:09:18.067578+00:00,pending,2,83.75,11,True,,True,0.0
B_weighted_7d_entry_1_example_075_comment_1_threshold_0_3_6,27669fe2-93b4-4697-88c0-90e8f24bfaa2,a57f0fd6-6977-43c3-86bb-cd34ef2a7a29,2026-04-09 20:33:31.526229+00:00,pending,2,83.75,12,True,,True,0.0
B_weighted_7d_entry_1_example_075_comment_1_threshold_0_3_6,00182208-4a07-4f70-b0b0-f436f3239c5c,a57f0fd6-6977-43c3-86bb-cd34ef2a7a29,2026-04-09 20:56:26.542487+00:00,pending,0,81.75,13,True,,True,0.0
B_weighted_7d_entry_1_example_075_comment_1_threshold_0_3_6,9d31be9b-abf1-4088-8c95-9b2b42075632,a57f0fd6-6977-43c3-86bb-cd34ef2a7a29,2026-04-09 21:20:49.603776+00:00,approved,1,80.75,14,True,,True,0.0
B_weighted_7d_entry_1_example_075_comment_1_threshold_0_3_6,607d9f27-5748-475f-950c-16a4e0c6a0e3,a57f0fd6-6977-43c3-86bb-cd34ef2a7a29,2026-04-09 21:25:34.047724+00:00,pending,0,80.75,15,True,,True,0.0
B_weighted_7d_entry_1_example_075_comment_1_threshold_0_3_6,1d6eb8c2-56e2-4ca0-8669-58900768f074,a57f0fd6-6977-43c3-86bb-cd34ef2a7a29,2026-04-09 21:28:10.585358+00:00,pending,0,80.75,16,True,,True,0.0
B_weighted_7d_entry_1_example_075_comment_1_threshold_0_3_6,c4cb8fb1-b4ac-4b70-a08d-221b68d65930,a57f0fd6-6977-43c3-86bb-cd34ef2a7a29,2026-04-09 21:31:06.634936+00:00,pending,0,80.75,17,True,,True,0.0
B_weighted_7d_entry_1_example_075_comment_1_threshold_0_3_6,00ed8ae9-731f-4c3c-ba26-6611d2b37ad5,a57f0fd6-6977-43c3-86bb-cd34ef2a7a29,2026-04-09 21:34:30.504583+00:00,pending,0,80.75,18,True,,True,0.0
B_weighted_7d_entry_1_example_075_comment_1_threshold_0_3_6,bc70f130-e6ed-49ae-8dc6-f37897f1b73e,cdbc2977-3feb-4b78-967e-7636db3986d5,2026-04-09 23:41:21.554666+00:00,approved,1,22.0,0,True,,True,0.0
B_weighted_7d_entry_1_example_075_comment_1_threshold_0_3_6,7052b73d-af8a-46ea-89af-c674dc529c2c,cdbc2977-3feb-4b78-967e-7636db3986d5,2026-04-09 23:48:29.816976+00:00,approved,1,25.0,1,True,,True,0.0
B_weighted_7d_entry_1_example_075_comment_1_threshold_0_3_6,5b43c43f-52ca-443d-b144-13c12d331f24,fd9b7f36-2943-4ceb-b658-83c814782ac3,2026-04-10 01:32:11.013012+00:00,approved,1,39.0,0,True,,True,0.0
B_weighted_7d_entry_1_example_075_comment_1_threshold_0_3_6,566ba7ec-492c-427c-a940-0e83aebcd359,fd9b7f36-2943-4ceb-b658-83c814782ac3,2026-04-10 01:51:22.250765+00:00,pending,0,39.0,1,True,,True,0.0
B_weighted_7d_entry_1_example_075_comment_1_threshold_0_3_6,4c7c22bb-be5f-44e0-ad4d-6562a5ccad50,fd9b7f36-2943-4ceb-b658-83c814782ac3,2026-04-10 02:06:35.126171+00:00,approved,2,39.0,2,True,,True,0.0
B_weighted_7d_entry_1_example_075_comment_1_threshold_0_3_6,aeeaa1a4-9097-4302-93b4-b6fa61bc6f58,fd9b7f36-2943-4ceb-b658-83c814782ac3,2026-04-10 02:17:03.008117+00:00,pending,2,39.0,3,True,,True,0.0
B_weighted_7d_entry_1_example_075_comment_1_threshold_0_3_6,ab1fc48c-f98e-4da6-9946-f989ff791497,fd9b7f36-2943-4ceb-b658-83c814782ac3,2026-04-10 03:18:05.498624+00:00,approved,1,39.0,4,True,,True,0.0
B_weighted_7d_entry_1_example_075_comment_1_threshold_0_3_6,13f5a19a-8702-485f-a087-d2d0e74ffdba,fd9b7f36-2943-4ceb-b658-83c814782ac3,2026-04-10 03:30:46.003307+00:00,approved,2,39.0,5,True,,True,0.0
B_weighted_7d_entry_1_example_075_comment_1_threshold_0_3_6,f9e29f74-277d-4f41-9a59-ca1ea0c97607,fd9b7f36-2943-4ceb-b658-83c814782ac3,2026-04-10 03:48:00.679674+00:00,approved,1,39.0,6,True,,True,0.0
B_weighted_7d_entry_1_example_075_comment_1_threshold_0_3_6,f70a07fb-c993-44bc-baf9-4e228767a187,fd9b7f36-2943-4ceb-b658-83c814782ac3,2026-04-10 04:03:30.631138+00:00,approved,2,39.0,7,True,,True,0.0
B_weighted_7d_entry_1_example_075_comment_1_threshold_0_3_6,9813ea1f-39a7-44b2-a085-0e6be45a8e06,4ce403f9-c662-4caa-8576-c10e71f01c4b,2026-04-10 05:48:57.516452+00:00,pending,1,63.75,0,True,,True,0.0
B_weighted_7d_entry_1_example_075_comment_1_threshold_0_3_6,2b4288f5-0f7c-4471-9e11-457bf1ffbe1b,4ce403f9-c662-4caa-8576-c10e71f01c4b,2026-04-10 05:55:45.129929+00:00,approved,1,63.75,1,True,,True,0.0
B_weighted_7d_entry_1_example_075_comment_1_threshold_0_3_6,31958ede-704e-40e4-9614-27b080bebc51,4ce403f9-c662-4caa-8576-c10e71f01c4b,2026-04-10 06:48:54.096777+00:00,approved,1,63.75,2,True,,True,0.0
B_weighted_7d_entry_1_example_075_comment_1_threshold_0_3_6,9331c97e-0917-46d9-9f39-7a24596292a7,4ce403f9-c662-4caa-8576-c10e71f01c4b,2026-04-10 06:53:53.013139+00:00,approved,1,63.75,3,True,,True,0.0
B_weighted_7d_entry_1_example_075_comment_1_threshold_0_3_6,314c997f-adbe-4d8d-9a29-5df7489119d6,4ce403f9-c662-4caa-8576-c10e71f01c4b,2026-04-10 07:52:54.761889+00:00,approved,1,63.75,4,True,,True,0.0
B_weighted_7d_entry_1_example_075_comment_1_threshold_0_3_6,89d853b9-d133-4a94-b546-aecc64d6af0d,4ce403f9-c662-4caa-8576-c10e71f01c4b,2026-04-10 08:09:20.873090+00:00,approved,1,63.75,5,True,,True,0.0
B_weighted_7d_entry_1_example_075_comment_1_threshold_0_3_6,0e966df5-b6b0-44b9-b310-86f050cd0890,4ce403f9-c662-4caa-8576-c10e71f01c4b,2026-04-10 08:27:49.372098+00:00,approved,1,63.75,6,True,,True,0.0
B_weighted_7d_entry_1_example_075_comment_1_threshold_0_3_6,a3977e6b-8460-46a1-b2f4-96c4b4a679e2,4ce403f9-c662-4caa-8576-c10e71f01c4b,2026-04-10 08:45:39.209368+00:00,approved,2,63.75,7,True,,True,0.0
B_weighted_7d_entry_1_example_075_comment_1_threshold_0_3_6,bdae7fcc-9ea8-42b4-a79b-5d83c7a7e621,fd9b7f36-2943-4ceb-b658-83c814782ac3,2026-04-10 18:58:48.620746+00:00,pending,1,37.0,8,True,,True,0.0
B_weighted_7d_entry_1_example_075_comment_1_threshold_0_3_6,98db7e0e-ab23-4847-ad9d-37b3bc52ab9a,fd9b7f36-2943-4ceb-b658-83c814782ac3,2026-04-10 19:10:25.260930+00:00,approved,2,37.0,9,True,,True,0.0
B_weighted_7d_entry_1_example_075_comment_1_threshold_0_3_6,c4472511-751b-43dc-a149-48c4f3e198fa,4ce403f9-c662-4caa-8576-c10e71f01c4b,2026-04-10 19:15:17.174123+00:00,pending,1,63.75,8,True,,True,0.0
B_weighted_7d_entry_1_example_075_comment_1_threshold_0_3_6,9ff2460f-20e0-46cf-af52-4965eb173f53,4ce403f9-c662-4caa-8576-c10e71f01c4b,2026-04-10 19:20:03.435847+00:00,pending,2,63.75,9,True,,True,0.0
B_weighted_7d_entry_1_example_075_comment_1_threshold_0_3_6,c3df13be-b19f-4691-9d63-5b9028269aad,4ce403f9-c662-4caa-8576-c10e71f01c4b,2026-04-10 19:24:01.225780+00:00,pending,1,63.75,10,True,,True,0.0
B_weighted_7d_entry_1_example_075_comment_1_threshold_0_3_6,f9f7dbaf-7a24-48b0-a9e0-3ecbccaf2b27,a57f0fd6-6977-43c3-86bb-cd34ef2a7a29,2026-04-10 20:16:55.738678+00:00,pending,0,88.25,0,True,,True,0.0
B_weighted_7d_entry_1_example_075_comment_1_threshold_0_3_6,d5829b6e-4db1-4f05-8484-5069f8b6927a,4ce403f9-c662-4caa-8576-c10e71f01c4b,2026-04-10 20:36:26.401835+00:00,approved,1,63.75,11,True,,True,0.0
B_weighted_7d_entry_1_example_075_comment_1_threshold_0_3_6,cf47bb54-a267-47cd-903c-e783e18b5ad6,4ce403f9-c662-4caa-8576-c10e71f01c4b,2026-04-10 20:41:54.144329+00:00,approved,1,63.75,12,True,,True,0.0
B_weighted_7d_entry_1_example_075_comment_1_threshold_0_3_6,ae09bd9d-a52a-4ca9-83db-7f318e1443b3,4ce403f9-c662-4caa-8576-c10e71f01c4b,2026-04-10 20:44:30.117651+00:00,pending,2,63.75,13,True,,True,0.0
B_weighted_7d_entry_1_example_075_comment_1_threshold_0_3_6,ab228ccc-24a8-49d0-a42f-aef7be7c68eb,4ce403f9-c662-4caa-8576-c10e71f01c4b,2026-04-10 20:47:42.406970+00:00,approved,2,63.75,14,True,,True,0.0
B_weighted_7d_entry_1_example_075_comment_1_threshold_0_3_6,88bd0278-b66a-4836-8d0e-0887afb4853b,a57f0fd6-6977-43c3-86bb-cd34ef2a7a29,2026-04-10 21:34:41.077704+00:00,approved,1,92.25,1,True,,True,0.0
B_weighted_7d_entry_1_example_075_comment_1_threshold_0_3_6,bb702e61-9d7e-46bf-a8e6-951d106134ef,a57f0fd6-6977-43c3-86bb-cd34ef2a7a29,2026-04-11 10:09:38.646854+00:00,pending,1,98.25,0,True,,True,0.0
B_weighted_7d_entry_1_example_075_comment_1_threshold_0_3_6,ee785f6c-2751-467a-8e3e-6eae6ad147c6,a57f0fd6-6977-43c3-86bb-cd34ef2a7a29,2026-04-11 10:20:42.275846+00:00,approved,1,98.25,1,True,,True,0.0
B_weighted_7d_entry_1_example_075_comment_1_threshold_0_3_6,8fb46c93-a45f-4ad1-8a7c-ead24433ed85,a57f0fd6-6977-43c3-86bb-cd34ef2a7a29,2026-04-11 10:56:13.935259+00:00,approved,1,98.25,2,True,,True,0.0
B_weighted_7d_entry_1_example_075_comment_1_threshold_0_3_6,41fd6db1-6290-42e9-b15a-a5fe77e9bcd0,69ce191d-25f7-4ae6-b5fc-26bdc90e84aa,2026-04-11 14:06:20.728967+00:00,approved,2,36.75,0,True,,True,0.0
B_weighted_7d_entry_1_example_075_comment_1_threshold_0_3_6,77274b01-ab23-45ee-bb13-ef8e009325de,69ce191d-25f7-4ae6-b5fc-26bdc90e84aa,2026-04-11 14:25:26.255782+00:00,approved,2,38.75,1,True,,True,0.0
B_weighted_7d_entry_1_example_075_comment_1_threshold_0_3_6,fbbcfa44-2b40-4e67-9624-fa65db741726,a57f0fd6-6977-43c3-86bb-cd34ef2a7a29,2026-04-11 17:22:41.004636+00:00,pending,1,95.75,3,True,,True,0.0
B_weighted_7d_entry_1_example_075_comment_1_threshold_0_3_6,f803d8fa-37b5-4a3e-b256-a2c29f417715,4ce403f9-c662-4caa-8576-c10e71f01c4b,2026-04-11 19:15:15.855688+00:00,approved,2,59.75,0,True,,True,0.0
B_weighted_7d_entry_1_example_075_comment_1_threshold_0_3_6,2c9bcfcc-1aef-4868-992d-a0acc9eaa635,a57f0fd6-6977-43c3-86bb-cd34ef2a7a29,2026-04-12 00:44:26.001063+00:00,pending,0,98.75,0,True,,True,0.0
B_weighted_7d_entry_1_example_075_comment_1_threshold_0_3_6,0377de0a-3a4f-4095-b954-1cad82a73d1f,a57f0fd6-6977-43c3-86bb-cd34ef2a7a29,2026-04-12 12:32:29.811761+00:00,pending,3,83.0,1,True,,True,0.0
B_weighted_7d_entry_1_example_075_comment_1_threshold_0_3_6,fc1a7636-b194-418e-baee-e58c2f573d1e,a57f0fd6-6977-43c3-86bb-cd34ef2a7a29,2026-04-12 14:34:18.970569+00:00,pending,1,81.0,2,True,,True,0.0
B_weighted_7d_entry_1_example_075_comment_1_threshold_0_3_6,2fcb5d2e-512a-4542-9702-193df73c8f35,a57f0fd6-6977-43c3-86bb-cd34ef2a7a29,2026-04-12 14:39:45.097544+00:00,pending,2,81.0,3,True,,True,0.0
B_weighted_7d_entry_1_example_075_comment_1_threshold_0_3_6,3a86f5ff-b486-4b1e-9480-98e9bcd7afc8,a57f0fd6-6977-43c3-86bb-cd34ef2a7a29,2026-04-12 14:54:46.676431+00:00,pending,-1,81.0,4,True,,True,0.0
B_weighted_7d_entry_1_example_075_comment_1_threshold_0_3_6,27c36138-7835-407a-aa22-cfac4cdc403b,a57f0fd6-6977-43c3-86bb-cd34ef2a7a29,2026-04-12 15:01:25.876558+00:00,pending,-1,81.0,5,True,,True,0.0
B_weighted_7d_entry_1_example_075_comment_1_threshold_0_3_6,822770b0-fdf1-4f55-a0fb-9f69e75ff13a,a57f0fd6-6977-43c3-86bb-cd34ef2a7a29,2026-04-12 15:04:46.533408+00:00,pending,-1,81.0,6,True,,True,0.0
B_weighted_7d_entry_1_example_075_comment_1_threshold_0_3_6,7484ac17-73b2-45d4-9ae7-3e1a8ede2905,a57f0fd6-6977-43c3-86bb-cd34ef2a7a29,2026-04-12 15:07:44.353168+00:00,approved,0,81.0,7,True,,True,0.0
B_weighted_7d_entry_1_example_075_comment_1_threshold_0_3_6,70117813-54bb-45e1-a4ff-fce1cf73e19b,a57f0fd6-6977-43c3-86bb-cd34ef2a7a29,2026-04-12 18:15:30.688067+00:00,pending,0,81.0,8,True,,True,0.0
B_weighted_7d_entry_1_example_075_comment_1_threshold_0_3_6,065a1cd9-345a-4ea7-b04a-9f7544a1d2f7,a57f0fd6-6977-43c3-86bb-cd34ef2a7a29,2026-04-12 18:19:55.929840+00:00,pending,0,81.0,9,True,,True,0.0
B_weighted_7d_entry_1_example_075_comment_1_threshold_0_3_6,d9d7f08e-7454-41e3-834f-4cca6ffc586f,a57f0fd6-6977-43c3-86bb-cd34ef2a7a29,2026-04-12 20:05:16.261333+00:00,approved,2,81.0,10,True,,True,0.0
B_weighted_7d_entry_1_example_075_comment_1_threshold_0_3_6,8b30bdb8-92de-4cbc-8e2c-cc363ecd99b2,a57f0fd6-6977-43c3-86bb-cd34ef2a7a29,2026-04-12 20:49:18.921282+00:00,pending,1,81.0,11,True,,True,0.0
B_weighted_7d_entry_1_example_075_comment_1_threshold_0_3_6,874812dd-4a8e-4fd9-8060-2f842ad4ca7e,a57f0fd6-6977-43c3-86bb-cd34ef2a7a29,2026-04-12 23:04:20.444762+00:00,pending,3,81.0,12,True,,True,0.0
B_weighted_7d_entry_1_example_075_comment_1_threshold_0_3_6,74c14866-c8be-44aa-9904-6ecbf0d7cac6,a57f0fd6-6977-43c3-86bb-cd34ef2a7a29,2026-04-13 13:43:04.181632+00:00,pending,1,79.0,0,True,,True,0.0
B_weighted_7d_entry_1_example_075_comment_1_threshold_0_3_6,6e9e356c-b064-4c4b-aba2-662c92e3ba7b,a57f0fd6-6977-43c3-86bb-cd34ef2a7a29,2026-04-13 13:48:46.148146+00:00,pending,1,79.0,1,True,,True,0.0
B_weighted_7d_entry_1_example_075_comment_1_threshold_0_3_6,6cc38f95-261d-4fe5-aeef-9ff7f05c037e,a57f0fd6-6977-43c3-86bb-cd34ef2a7a29,2026-04-13 19:02:49.386568+00:00,pending,1,77.0,2,True,,True,0.0
B_weighted_7d_entry_1_example_075_comment_1_threshold_0_3_6,9a013578-2dd6-4e23-9b2a-1758c949c6df,a57f0fd6-6977-43c3-86bb-cd34ef2a7a29,2026-04-14 13:24:15.813345+00:00,pending,1,70.0,0,True,,True,0.0
B_weighted_7d_entry_1_example_075_comment_1_threshold_0_3_6,4d8c4ed6-9831-4789-9436-f65e8b948e97,fd9b7f36-2943-4ceb-b658-83c814782ac3,2026-04-14 13:41:00.198037+00:00,pending,-1,15.0,0,True,,True,0.0
B_weighted_7d_entry_1_example_075_comment_1_threshold_0_3_6,32e7a341-9b53-41b5-9b94-1656d9da4d7b,fd9b7f36-2943-4ceb-b658-83c814782ac3,2026-04-14 13:43:46.900546+00:00,pending,0,15.0,1,True,,True,0.0
B_weighted_7d_entry_1_example_075_comment_1_threshold_0_3_6,a5d68ecb-164d-4a0b-9c39-2b0f133b83ca,fd9b7f36-2943-4ceb-b658-83c814782ac3,2026-04-14 14:12:04.608465+00:00,approved,2,15.0,2,True,,True,0.0
B_weighted_7d_entry_1_example_075_comment_1_threshold_0_3_6,8db3b8a2-ec75-4486-a7fa-68799e95ce58,a57f0fd6-6977-43c3-86bb-cd34ef2a7a29,2026-04-14 14:27:59.607735+00:00,pending,1,74.0,1,True,,True,0.0
B_weighted_7d_entry_1_example_075_comment_1_threshold_0_3_6,3dd9881e-c7b0-44ee-9b57-59fbc34de5b3,fd9b7f36-2943-4ceb-b658-83c814782ac3,2026-04-14 14:36:46.403901+00:00,approved,2,15.0,3,True,,True,0.0
B_weighted_7d_entry_1_example_075_comment_1_threshold_0_3_6,0060495f-869a-43a3-bff1-9bb060a7f50c,fd9b7f36-2943-4ceb-b658-83c814782ac3,2026-04-14 14:40:10.974547+00:00,approved,2,15.0,4,True,,True,0.0
B_weighted_7d_entry_1_example_075_comment_1_threshold_0_3_6,95e004cd-cde1-41a1-8809-aa88d60584dc,a57f0fd6-6977-43c3-86bb-cd34ef2a7a29,2026-04-14 17:48:34.919081+00:00,approved,2,76.0,2,True,,True,0.0
B_weighted_7d_entry_1_example_075_comment_1_threshold_0_3_6,332ece9d-bc5e-42db-9b83-ad2a0793d7fd,a57f0fd6-6977-43c3-86bb-cd34ef2a7a29,2026-04-14 18:23:20.807033+00:00,pending,1,76.0,3,True,,True,0.0
B_weighted_7d_entry_1_example_075_comment_1_threshold_0_3_6,4667e4c7-1112-4334-b255-8eb2e45b19ef,a57f0fd6-6977-43c3-86bb-cd34ef2a7a29,2026-04-14 18:27:37.725221+00:00,pending,0,76.0,4,True,,True,0.0
B_weighted_7d_entry_1_example_075_comment_1_threshold_0_3_6,45543dee-e2d9-4520-b5f7-c39cbea778aa,a57f0fd6-6977-43c3-86bb-cd34ef2a7a29,2026-04-14 18:33:11.562451+00:00,pending,2,76.0,5,True,,True,0.0
B_weighted_7d_entry_1_example_075_comment_1_threshold_0_3_6,fc005273-2c89-48ed-83dc-93970d76ac96,a57f0fd6-6977-43c3-86bb-cd34ef2a7a29,2026-04-14 18:42:35.535309+00:00,pending,2,76.0,6,True,,True,0.0
B_weighted_7d_entry_1_example_075_comment_1_threshold_0_3_6,3642b719-da35-4af2-96f6-ea44d4724d20,a57f0fd6-6977-43c3-86bb-cd34ef2a7a29,2026-04-14 22:06:35.620329+00:00,pending,2,76.0,7,True,,True,0.0
B_weighted_7d_entry_1_example_075_comment_1_threshold_0_3_6,39b4e48b-0a33-4a20-9a46-7b9572d2b453,ce6e5c8c-b2e1-4acd-89fe-b42fe49a86bc,2026-04-15 00:46:30.112719+00:00,pending,2,7.0,0,True,,True,0.0
B_weighted_7d_entry_1_example_075_comment_1_threshold_0_3_6,ccdd2ba6-8ee6-49d0-9804-0a4d942a437e,a57f0fd6-6977-43c3-86bb-cd34ef2a7a29,2026-04-15 14:16:14.938967+00:00,pending,1,76.0,0,True,,True,0.0
B_weighted_7d_entry_1_example_075_comment_1_threshold_0_3_6,fddd9c73-bc5e-4062-9161-d645add18aea,a57f0fd6-6977-43c3-86bb-cd34ef2a7a29,2026-04-15 15:34:33.839534+00:00,pending,1,76.0,1,True,,True,0.0
B_weighted_7d_entry_1_example_075_comment_1_threshold_0_3_6,ebe500fd-27f3-4b76-b3c7-3c31a107d94a,392a03db-0ab2-42c7-bf58-3acde7de9d5d,2026-04-15 16:23:39.686499+00:00,approved,1,3.0,0,True,2.0,False,3.0
B_weighted_7d_entry_1_example_075_comment_1_threshold_0_3_6,28adb370-197d-43af-9796-b17d63b7f1c2,a57f0fd6-6977-43c3-86bb-cd34ef2a7a29,2026-04-15 16:57:34.295233+00:00,pending,1,76.0,2,True,,True,0.0
B_weighted_7d_entry_1_example_075_comment_1_threshold_0_3_6,797e16cb-5a7d-436e-a40c-38711e6fceab,a57f0fd6-6977-43c3-86bb-cd34ef2a7a29,2026-04-15 19:22:28.708096+00:00,pending,1,76.0,3,True,,True,0.0
B_weighted_7d_entry_1_example_075_comment_1_threshold_0_3_6,f8e1029f-e86c-4e40-bb79-31e587ed3113,fd9b7f36-2943-4ceb-b658-83c814782ac3,2026-04-15 19:28:35.317005+00:00,approved,1,27.0,0,True,,True,0.0
B_weighted_7d_entry_1_example_075_comment_1_threshold_0_3_6,575a9052-1a64-41e3-ab93-55ea913f9fbc,fd9b7f36-2943-4ceb-b658-83c814782ac3,2026-04-15 19:33:44.402991+00:00,approved,1,27.0,1,True,,True,0.0
B_weighted_7d_entry_1_example_075_comment_1_threshold_0_3_6,8770249a-3efc-481a-8c9d-9a08194b803b,392a03db-0ab2-42c7-bf58-3acde7de9d5d,2026-04-15 20:00:33.997771+00:00,approved,1,6.0,1,True,,True,0.0
B_weighted_7d_entry_1_example_075_comment_1_threshold_0_3_6,4c12dbdc-d0f0-4c38-83de-451e410e4009,392a03db-0ab2-42c7-bf58-3acde7de9d5d,2026-04-15 20:14:07.943870+00:00,approved,1,6.0,2,True,,True,0.0
B_weighted_7d_entry_1_example_075_comment_1_threshold_0_3_6,70596937-62d2-44de-9293-8e44ff0a8e62,392a03db-0ab2-42c7-bf58-3acde7de9d5d,2026-04-15 20:29:02.151173+00:00,approved,1,6.0,3,True,,True,0.0
B_weighted_7d_entry_1_example_075_comment_1_threshold_0_3_6,9dfdc66d-bca2-4803-ae0e-17af9366ef0d,fd9b7f36-2943-4ceb-b658-83c814782ac3,2026-04-15 20:42:54.469438+00:00,pending,0,27.0,2,True,,True,0.0
B_weighted_7d_entry_1_example_075_comment_1_threshold_0_3_6,04e8ba6e-7d06-4c87-aace-d666892ce7fd,392a03db-0ab2-42c7-bf58-3acde7de9d5d,2026-04-15 21:17:09.115441+00:00,approved,1,6.0,4,True,,True,0.0
B_weighted_7d_entry_1_example_075_comment_1_threshold_0_3_6,0301b1e5-9672-4e69-afbb-9b39bd02fa64,a57f0fd6-6977-43c3-86bb-cd34ef2a7a29,2026-04-15 21:31:08.880407+00:00,pending,1,78.0,4,True,,True,0.0
B_weighted_7d_entry_1_example_075_comment_1_threshold_0_3_6,225887b4-3e76-4d67-8b13-086514a6413f,a57f0fd6-6977-43c3-86bb-cd34ef2a7a29,2026-04-15 21:45:08.664001+00:00,pending,1,78.0,5,True,,True,0.0
B_weighted_7d_entry_1_example_075_comment_1_threshold_0_3_6,1b7bfebd-eff7-452f-9f40-1770f4768d97,392a03db-0ab2-42c7-bf58-3acde7de9d5d,2026-04-15 23:50:20.872751+00:00,approved,1,6.0,5,True,,True,0.0
B_weighted_7d_entry_1_example_075_comment_1_threshold_0_3_6,e53cf49e-1029-4bee-940a-d8f0d588ea8b,392a03db-0ab2-42c7-bf58-3acde7de9d5d,2026-04-16 00:23:26.928233+00:00,approved,1,10.0,0,True,,True,0.0
B_weighted_7d_entry_1_example_075_comment_1_threshold_0_3_6,859aa600-4177-41ee-b69e-382d93aaf8a0,a57f0fd6-6977-43c3-86bb-cd34ef2a7a29,2026-04-16 00:34:16.656080+00:00,pending,1,80.0,0,True,,True,0.0
B_weighted_7d_entry_1_example_075_comment_1_threshold_0_3_6,f6fdb04f-0b04-46a8-a78d-75e6f2788d63,a57f0fd6-6977-43c3-86bb-cd34ef2a7a29,2026-04-16 00:40:26.877376+00:00,pending,1,80.0,1,True,,True,0.0
B_weighted_7d_entry_1_example_075_comment_1_threshold_0_3_6,10c45b0d-90a2-49b3-961a-52887e77ff2a,a57f0fd6-6977-43c3-86bb-cd34ef2a7a29,2026-04-16 01:04:04.714100+00:00,pending,1,80.0,2,True,,True,0.0
B_weighted_7d_entry_1_example_075_comment_1_threshold_0_3_6,66d22b00-b121-42ff-bc80-07d9a74745f9,a57f0fd6-6977-43c3-86bb-cd34ef2a7a29,2026-04-16 01:16:12.718270+00:00,pending,0,80.0,3,True,,True,0.0
B_weighted_7d_entry_1_example_075_comment_1_threshold_0_3_6,5334d367-bd0a-486b-9496-794e260906b7,a57f0fd6-6977-43c3-86bb-cd34ef2a7a29,2026-04-16 01:20:39.584592+00:00,pending,0,80.0,4,True,,True,0.0
B_weighted_7d_entry_1_example_075_comment_1_threshold_0_3_6,14c40b60-cfd7-40ba-a519-e965c4562806,a57f0fd6-6977-43c3-86bb-cd34ef2a7a29,2026-04-16 01:26:37.570500+00:00,pending,1,80.0,5,True,,True,0.0
B_weighted_7d_entry_1_example_075_comment_1_threshold_0_3_6,a9938e2c-cfc0-4f85-af0e-23f5a7b7c9ba,a57f0fd6-6977-43c3-86bb-cd34ef2a7a29,2026-04-16 01:33:11.612212+00:00,pending,1,80.0,6,True,,True,0.0
B_weighted_7d_entry_1_example_075_comment_1_threshold_0_3_6,55f59f23-8154-4b80-bb46-76bf263cff5f,a57f0fd6-6977-43c3-86bb-cd34ef2a7a29,2026-04-16 01:58:17.939640+00:00,pending,1,80.0,7,True,,True,0.0
B_weighted_7d_entry_1_example_075_comment_1_threshold_0_3_6,1d8f6210-ebc1-4b1f-a17c-78a5fe7a7dac,a57f0fd6-6977-43c3-86bb-cd34ef2a7a29,2026-04-16 11:29:18.176019+00:00,approved,1,79.0,8,True,,True,0.0
B_weighted_7d_entry_1_example_075_comment_1_threshold_0_3_6,aa8ecd86-9859-4ee5-921e-a60c8da5dd85,a57f0fd6-6977-43c3-86bb-cd34ef2a7a29,2026-04-16 11:33:17.473515+00:00,approved,1,79.0,9,True,,True,0.0
B_weighted_7d_entry_1_example_075_comment_1_threshold_0_3_6,227f7669-2337-4aaf-b3e2-47c0527d5a87,a57f0fd6-6977-43c3-86bb-cd34ef2a7a29,2026-04-16 11:40:55.155566+00:00,pending,1,79.0,10,True,,True,0.0
B_weighted_7d_entry_1_example_075_comment_1_threshold_0_3_6,72fe924a-371c-4bea-a995-ecf2ce1c5cfd,a57f0fd6-6977-43c3-86bb-cd34ef2a7a29,2026-04-16 11:53:12.069332+00:00,pending,1,80.0,11,True,,True,0.0
B_weighted_7d_entry_1_example_075_comment_1_threshold_0_3_6,86c05373-b7f0-4a19-b903-306768f90722,a57f0fd6-6977-43c3-86bb-cd34ef2a7a29,2026-04-16 11:56:57.392687+00:00,approved,2,80.0,12,True,,True,0.0
B_weighted_7d_entry_1_example_075_comment_1_threshold_0_3_6,456514a4-4913-4827-8d91-ad9b91b9bda3,a57f0fd6-6977-43c3-86bb-cd34ef2a7a29,2026-04-16 11:58:45.017065+00:00,approved,2,80.0,13,True,,True,0.0
B_weighted_7d_entry_1_example_075_comment_1_threshold_0_3_6,cce27aa3-ca35-485a-973a-ddc13a6b0425,392a03db-0ab2-42c7-bf58-3acde7de9d5d,2026-04-16 17:35:52.155675+00:00,approved,1,15.0,1,True,,True,0.0
B_weighted_7d_entry_1_example_075_comment_1_threshold_0_3_6,e34d20b4-73df-467c-a286-d4a7ce3a3ae1,a57f0fd6-6977-43c3-86bb-cd34ef2a7a29,2026-04-16 20:01:13.160825+00:00,pending,2,79.0,14,True,,True,0.0
B_weighted_7d_entry_1_example_075_comment_1_threshold_0_3_6,3a63c04b-d89e-4c96-9891-12cb3fe29f91,a57f0fd6-6977-43c3-86bb-cd34ef2a7a29,2026-04-16 20:26:53.650493+00:00,pending,3,79.0,15,True,,True,0.0
B_weighted_7d_entry_1_example_075_comment_1_threshold_0_3_6,83831632-5742-404e-a708-a4f410b143ea,a57f0fd6-6977-43c3-86bb-cd34ef2a7a29,2026-04-16 20:58:15.266001+00:00,pending,2,79.0,16,True,,True,0.0
B_weighted_7d_entry_1_example_075_comment_1_threshold_0_3_6,cd74bac3-a1ad-4479-9dd4-e837284cbd7e,a57f0fd6-6977-43c3-86bb-cd34ef2a7a29,2026-04-16 22:15:49.985278+00:00,pending,2,79.0,17,True,,True,0.0
B_weighted_7d_entry_1_example_075_comment_1_threshold_0_3_6,c0a85f66-c0d5-41f3-a717-670748d0088b,392a03db-0ab2-42c7-bf58-3acde7de9d5d,2026-04-16 22:29:09.364833+00:00,approved,2,15.0,2,True,,True,0.0
B_weighted_7d_entry_1_example_075_comment_1_threshold_0_3_6,ba80fcb6-6e11-4e18-9e08-e8fd714812e0,392a03db-0ab2-42c7-bf58-3acde7de9d5d,2026-04-16 22:33:34.219091+00:00,pending,1,15.0,3,True,,True,0.0
B_weighted_7d_entry_1_example_075_comment_1_threshold_0_3_6,87d03fe9-efd7-4768-b1d9-1b661eb8cc2f,392a03db-0ab2-42c7-bf58-3acde7de9d5d,2026-04-16 22:40:57.924456+00:00,pending,2,15.0,4,True,,True,0.0
B_weighted_7d_entry_1_example_075_comment_1_threshold_0_3_6,f7628df8-ce1e-45fe-b469-220d3f250dd2,392a03db-0ab2-42c7-bf58-3acde7de9d5d,2026-04-16 22:47:40.614695+00:00,approved,3,15.0,5,True,,True,0.0
B_weighted_7d_entry_1_example_075_comment_1_threshold_0_3_6,c8421a3d-cd85-4951-b70e-4f68f8eaa71e,392a03db-0ab2-42c7-bf58-3acde7de9d5d,2026-04-16 22:54:16.871019+00:00,approved,2,15.0,6,True,,True,0.0
B_weighted_7d_entry_1_example_075_comment_1_threshold_0_3_6,74c6ae67-f75c-4cdd-b5f3-e9e76a4d426a,392a03db-0ab2-42c7-bf58-3acde7de9d5d,2026-04-16 22:58:07.424834+00:00,approved,4,15.0,7,True,,True,0.0
B_weighted_7d_entry_1_example_075_comment_1_threshold_0_3_6,20f70b28-dfac-4228-9122-c615d7bb23d6,392a03db-0ab2-42c7-bf58-3acde7de9d5d,2026-04-16 23:02:16.841255+00:00,approved,2,15.0,8,True,,True,0.0
B_weighted_7d_entry_1_example_075_comment_1_threshold_0_3_6,bc1c9483-ba77-435d-aed9-e1990cad7609,a57f0fd6-6977-43c3-86bb-cd34ef2a7a29,2026-04-17 13:57:05.967004+00:00,pending,1,72.5,0,True,,True,0.0
B_weighted_7d_entry_1_example_075_comment_1_threshold_0_3_6,5878d3c0-204a-4701-8050-089d53d04803,a57f0fd6-6977-43c3-86bb-cd34ef2a7a29,2026-04-17 14:35:08.883040+00:00,pending,1,72.5,1,True,,True,0.0
B_weighted_7d_entry_1_example_075_comment_1_threshold_0_3_6,09487269-ba97-4199-9666-f7385e0ca46f,a57f0fd6-6977-43c3-86bb-cd34ef2a7a29,2026-04-17 18:06:35.193034+00:00,pending,1,72.5,2,True,,True,0.0
B_weighted_7d_entry_1_example_075_comment_1_threshold_0_3_6,f1cb12cf-484f-40c0-b762-e822cc14b952,a57f0fd6-6977-43c3-86bb-cd34ef2a7a29,2026-04-17 18:18:35.894494+00:00,pending,3,72.5,3,True,,True,0.0
B_weighted_7d_entry_1_example_075_comment_1_threshold_0_3_6,38fca065-b03e-44ce-a1f0-38a28df86325,4ce403f9-c662-4caa-8576-c10e71f01c4b,2026-04-17 19:42:50.478406+00:00,pending,2,27.75,0,True,,True,0.0
B_weighted_7d_entry_1_example_075_comment_1_threshold_0_3_6,838f9867-6d6d-4019-afe2-ce01d9b9432d,4ce403f9-c662-4caa-8576-c10e71f01c4b,2026-04-17 19:44:59.822102+00:00,pending,2,27.75,1,True,,True,0.0
B_weighted_7d_entry_1_example_075_comment_1_threshold_0_3_6,980ccafe-c454-4903-b2cc-16ed817cd67e,a57f0fd6-6977-43c3-86bb-cd34ef2a7a29,2026-04-17 19:55:15.132300+00:00,pending,2,72.5,4,True,,True,0.0
B_weighted_7d_entry_1_example_075_comment_1_threshold_0_3_6,af228821-af4a-4f94-89a7-710e28fcc49f,a57f0fd6-6977-43c3-86bb-cd34ef2a7a29,2026-04-17 20:06:54.978003+00:00,pending,2,68.5,5,True,,True,0.0
B_weighted_7d_entry_1_example_075_comment_1_threshold_0_3_6,3580b235-f813-40f5-a638-10b5dc0890c0,a57f0fd6-6977-43c3-86bb-cd34ef2a7a29,2026-04-17 20:17:17.107907+00:00,pending,2,68.5,6,True,,True,0.0
B_weighted_7d_entry_1_example_075_comment_1_threshold_0_3_6,1cfe8b08-dd4d-4a82-a836-c9f9a9e106cc,4ce403f9-c662-4caa-8576-c10e71f01c4b,2026-04-17 21:52:15.388621+00:00,pending,3,26.75,2,True,,True,0.0
B_weighted_7d_entry_1_example_075_comment_1_threshold_0_3_6,5b955585-b85a-4cec-aaae-2ecaa11d9a9c,a57f0fd6-6977-43c3-86bb-cd34ef2a7a29,2026-04-18 00:15:24.212370+00:00,pending,2,70.5,0,True,,True,0.0
B_weighted_7d_entry_1_example_075_comment_1_threshold_0_3_6,584dd41b-7c09-46c0-9c0e-f44188a707cd,a57f0fd6-6977-43c3-86bb-cd34ef2a7a29,2026-04-18 00:27:51.074083+00:00,pending,2,70.5,1,True,,True,0.0
B_weighted_7d_entry_1_example_075_comment_1_threshold_0_3_6,fa632f8a-6661-408c-bd7b-b29035dce656,392a03db-0ab2-42c7-bf58-3acde7de9d5d,2026-04-18 02:01:21.134858+00:00,pending,4,18.0,0,True,,True,0.0
B_weighted_7d_entry_1_example_075_comment_1_threshold_0_3_6,a0e0cb9c-ce18-4327-a6b3-1846c877281a,392a03db-0ab2-42c7-bf58-3acde7de9d5d,2026-04-18 02:13:03.746119+00:00,approved,2,21.0,1,True,,True,0.0
B_weighted_7d_entry_1_example_075_comment_1_threshold_0_3_6,d129c327-56a6-4452-993f-d80b5ca8a6e7,a57f0fd6-6977-43c3-86bb-cd34ef2a7a29,2026-04-18 03:17:24.671702+00:00,pending,1,71.5,2,True,,True,0.0
B_weighted_7d_entry_1_example_075_comment_1_threshold_0_3_6,fc89967e-af03-4de0-ac8b-5c81471c29d6,392a03db-0ab2-42c7-bf58-3acde7de9d5d,2026-04-18 14:41:42.285259+00:00,pending,2,22.0,2,True,,True,0.0
B_weighted_7d_entry_1_example_075_comment_1_threshold_0_3_6,af6c3b42-1ffc-4188-a335-a3de5af08fae,392a03db-0ab2-42c7-bf58-3acde7de9d5d,2026-04-18 15:15:41.774206+00:00,approved,5,22.0,3,True,,True,0.0
B_weighted_7d_entry_1_example_075_comment_1_threshold_0_3_6,cdbd38f6-f2f3-4d46-875a-29c4bb33d40d,392a03db-0ab2-42c7-bf58-3acde7de9d5d,2026-04-18 18:04:18.728856+00:00,approved,2,22.0,4,True,,True,0.0
B_weighted_7d_entry_1_example_075_comment_1_threshold_0_3_6,1a060bef-914f-42bf-9899-f86e1ffcd699,ce6e5c8c-b2e1-4acd-89fe-b42fe49a86bc,2026-04-18 18:25:58.517742+00:00,approved,4,21.0,0,True,,True,0.0
B_weighted_7d_entry_1_example_075_comment_1_threshold_0_3_6,d597dc05-4f94-4cb0-bebc-34c6effe56c9,4ce403f9-c662-4caa-8576-c10e71f01c4b,2026-04-18 20:28:31.254844+00:00,pending,2,23.0,0,True,,True,0.0
B_weighted_7d_entry_1_example_075_comment_1_threshold_0_3_6,190e5cc6-d246-4bb8-9ec3-d320f1a74b11,68094f87-01d0-4966-aae7-21eb452e918d,2026-04-18 23:08:37.198011+00:00,approved,3,11.0,0,True,,True,0.0
B_weighted_7d_entry_1_example_075_comment_1_threshold_0_3_6,5cd78345-dbb7-430d-b879-6f028e735930,68094f87-01d0-4966-aae7-21eb452e918d,2026-04-18 23:17:36.316891+00:00,approved,4,11.0,1,True,,True,0.0
B_weighted_7d_entry_1_example_075_comment_1_threshold_0_3_6,e49fb55a-021e-4958-8e3f-82227c64b0cc,a57f0fd6-6977-43c3-86bb-cd34ef2a7a29,2026-04-18 23:56:45.621707+00:00,approved,3,60.0,3,True,,True,0.0
B_weighted_7d_entry_1_example_075_comment_1_threshold_0_3_6,32191593-d0c7-4536-a046-f0f3da62c0a9,a57f0fd6-6977-43c3-86bb-cd34ef2a7a29,2026-04-19 00:12:47.551636+00:00,pending,3,69.0,0,True,,True,0.0
B_weighted_7d_entry_1_example_075_comment_1_threshold_0_3_6,f2c575aa-3534-45be-9db1-498fe9686b5b,a57f0fd6-6977-43c3-86bb-cd34ef2a7a29,2026-04-19 00:21:52.666661+00:00,pending,1,69.0,1,True,,True,0.0
B_weighted_7d_entry_1_example_075_comment_1_threshold_0_3_6,42c04f89-150a-4fd5-997f-fcd66b17210e,a57f0fd6-6977-43c3-86bb-cd34ef2a7a29,2026-04-19 00:38:14.828239+00:00,pending,2,66.0,2,True,,True,0.0
B_weighted_7d_entry_1_example_075_comment_1_threshold_0_3_6,02b42f60-e086-474f-a6bd-6c4eadea3a4c,4ce403f9-c662-4caa-8576-c10e71f01c4b,2026-04-19 03:25:17.779442+00:00,approved,2,33.0,0,True,,True,0.0
B_weighted_7d_entry_1_example_075_comment_1_threshold_0_3_6,44996974-7584-450d-b4a1-db3b522f0e9c,4ce403f9-c662-4caa-8576-c10e71f01c4b,2026-04-19 03:46:24.644515+00:00,pending,1,33.0,1,True,,True,0.0
B_weighted_7d_entry_1_example_075_comment_1_threshold_0_3_6,02e8813d-1a1f-43c1-a2db-8c4507020d54,4ce403f9-c662-4caa-8576-c10e71f01c4b,2026-04-19 03:55:23.819416+00:00,pending,1,33.0,2,True,,True,0.0
B_weighted_7d_entry_1_example_075_comment_1_threshold_0_3_6,b544b2cf-a659-43ec-acf3-7935c3d2fe6b,4ce403f9-c662-4caa-8576-c10e71f01c4b,2026-04-19 04:23:55.055074+00:00,pending,1,33.0,3,True,,True,0.0
B_weighted_7d_entry_1_example_075_comment_1_threshold_0_3_6,f91233a0-d2f7-4f62-99c9-7811d5d8bc0c,4ce403f9-c662-4caa-8576-c10e71f01c4b,2026-04-19 04:30:53.751654+00:00,pending,1,33.0,4,True,,True,0.0
B_weighted_7d_entry_1_example_075_comment_1_threshold_0_3_6,3d4a44c7-f4e5-406c-b578-43e865a5b13a,4ce403f9-c662-4caa-8576-c10e71f01c4b,2026-04-19 04:35:43.444196+00:00,pending,2,33.0,5,True,,True,0.0
B_weighted_7d_entry_1_example_075_comment_1_threshold_0_3_6,c80e1419-6331-4396-857f-fbb808ac36b2,4ce403f9-c662-4caa-8576-c10e71f01c4b,2026-04-19 04:40:51.246881+00:00,pending,2,33.0,6,True,,True,0.0
B_weighted_7d_entry_1_example_075_comment_1_threshold_0_3_6,b5f7a4db-c7bc-4a77-916d-9028301bf5fc,4ce403f9-c662-4caa-8576-c10e71f01c4b,2026-04-19 04:44:44.257879+00:00,approved,2,33.0,7,True,,True,0.0
B_weighted_7d_entry_1_example_075_comment_1_threshold_0_3_6,9a9ade01-bd42-42dc-af47-1a9eb309d970,4ce403f9-c662-4caa-8576-c10e71f01c4b,2026-04-19 04:47:24.654038+00:00,approved,2,33.0,8,True,,True,0.0
B_weighted_7d_entry_1_example_075_comment_1_threshold_0_3_6,a7ceceb8-b488-49f7-9feb-a8b5220bec57,a57f0fd6-6977-43c3-86bb-cd34ef2a7a29,2026-04-19 12:52:02.015472+00:00,pending,2,61.0,3,True,,True,0.0
B_weighted_7d_entry_1_example_075_comment_1_threshold_0_3_6,68f72ef3-3228-4b12-ab9f-fb567650d7cf,a57f0fd6-6977-43c3-86bb-cd34ef2a7a29,2026-04-19 15:43:17.718537+00:00,pending,2,61.0,4,True,,True,0.0
B_weighted_7d_entry_1_example_075_comment_1_threshold_0_3_6,cdcb1425-4e88-4a51-a862-003a25f4bcee,a57f0fd6-6977-43c3-86bb-cd34ef2a7a29,2026-04-19 15:47:12.994733+00:00,pending,2,61.0,5,True,,True,0.0
B_weighted_7d_entry_1_example_075_comment_1_threshold_0_3_6,bd10d1fc-9736-4278-8a8c-980bb47aca68,392a03db-0ab2-42c7-bf58-3acde7de9d5d,2026-04-19 16:28:37.807544+00:00,pending,0,26.0,0,True,,True,0.0
B_weighted_7d_entry_1_example_075_comment_1_threshold_0_3_6,f98aea1f-fa85-44a7-97b2-5406ac7cec09,a57f0fd6-6977-43c3-86bb-cd34ef2a7a29,2026-04-19 19:39:51.380414+00:00,pending,3,61.0,6,True,,True,0.0
B_weighted_7d_entry_1_example_075_comment_1_threshold_0_3_6,5d9fbd2f-696a-4382-982a-49b151d26b2c,a57f0fd6-6977-43c3-86bb-cd34ef2a7a29,2026-04-19 23:59:57.800393+00:00,pending,2,61.0,7,True,,True,0.0
B_weighted_7d_entry_1_example_075_comment_1_threshold_0_3_6,2926d25c-727a-4376-8f46-2f11706b9308,a57f0fd6-6977-43c3-86bb-cd34ef2a7a29,2026-04-20 14:56:21.637710+00:00,pending,2,57.0,0,True,,True,0.0
B_weighted_7d_entry_1_example_075_comment_1_threshold_0_3_6,37fccae0-58a4-4b76-8c99-aba46a5f8d6c,392a03db-0ab2-42c7-bf58-3acde7de9d5d,2026-04-20 15:03:13.561334+00:00,pending,2,29.0,0,True,,True,0.0
B_weighted_7d_entry_1_example_075_comment_1_threshold_0_3_6,5935e8aa-6452-47ad-ae59-5f38a1a53268,a57f0fd6-6977-43c3-86bb-cd34ef2a7a29,2026-04-20 17:04:44.923694+00:00,pending,2,60.0,1,True,,True,0.0
B_weighted_7d_entry_1_example_075_comment_1_threshold_0_3_6,639809cf-83b5-47ba-a25c-45a0358f7797,a57f0fd6-6977-43c3-86bb-cd34ef2a7a29,2026-04-20 20:07:18.679294+00:00,pending,1,60.0,2,True,,True,0.0
B_weighted_7d_entry_1_example_075_comment_1_threshold_0_3_6,89ba2262-f3c5-4742-9f1c-d270433c2dd3,a57f0fd6-6977-43c3-86bb-cd34ef2a7a29,2026-04-20 20:39:03.435082+00:00,pending,1,60.0,3,True,,True,0.0
B_weighted_7d_entry_1_example_075_comment_1_threshold_0_3_6,0405fae8-11a4-478b-86e2-ed60e9a4a553,a57f0fd6-6977-43c3-86bb-cd34ef2a7a29,2026-04-20 20:47:39.666781+00:00,pending,1,60.0,4,True,,True,0.0
B_weighted_7d_entry_1_example_075_comment_1_threshold_0_3_6,39dd3801-1da4-432e-ae39-58660f1eb025,fd9b7f36-2943-4ceb-b658-83c814782ac3,2026-04-20 21:03:52.061313+00:00,approved,3,27.0,0,True,,True,0.0
B_weighted_7d_entry_1_example_075_comment_1_threshold_0_3_6,857572ac-0235-4ee4-9be2-343dca03d4fb,fd9b7f36-2943-4ceb-b658-83c814782ac3,2026-04-20 21:07:15.244606+00:00,approved,3,27.0,1,True,,True,0.0
B_weighted_7d_entry_1_example_075_comment_1_threshold_0_3_6,fd6c2eb7-0b67-4cf0-8995-5f833db2de7c,fd9b7f36-2943-4ceb-b658-83c814782ac3,2026-04-20 21:24:46.025928+00:00,approved,2,27.0,2,True,,True,0.0
B_weighted_7d_entry_1_example_075_comment_1_threshold_0_3_6,925e6ba8-9a3b-47f5-8267-819fce140b29,392a03db-0ab2-42c7-bf58-3acde7de9d5d,2026-04-20 21:56:01.354668+00:00,pending,0,32.0,1,True,,True,0.0
B_weighted_7d_entry_1_example_075_comment_1_threshold_0_3_6,c1b877a0-fc59-4924-a732-d7acb60add21,a57f0fd6-6977-43c3-86bb-cd34ef2a7a29,2026-04-20 22:21:25.228603+00:00,pending,3,62.0,5,True,,True,0.0
B_weighted_7d_entry_1_example_075_comment_1_threshold_0_3_6,3ce80d5a-b18d-49df-83d3-1bd8c05b29c8,392a03db-0ab2-42c7-bf58-3acde7de9d5d,2026-04-21 00:25:04.911204+00:00,pending,1,35.0,0,True,,True,0.0
B_weighted_7d_entry_1_example_075_comment_1_threshold_0_3_6,bd09e29c-76e6-4948-9ef1-f449a6e32c3d,fd9b7f36-2943-4ceb-b658-83c814782ac3,2026-04-21 02:45:57.447735+00:00,approved,2,33.0,0,True,,True,0.0
B_weighted_7d_entry_1_example_075_comment_1_threshold_0_3_6,f6fedc31-c141-42ac-bf7f-768eb1fba166,392a03db-0ab2-42c7-bf58-3acde7de9d5d,2026-04-21 03:26:02.023980+00:00,approved,3,38.0,1,True,,True,0.0
B_weighted_7d_entry_1_example_075_comment_1_threshold_0_3_6,d69a4f94-1f5a-4041-89f0-29e5f90a67ab,392a03db-0ab2-42c7-bf58-3acde7de9d5d,2026-04-21 04:09:18.084619+00:00,approved,1,38.0,2,True,,True,0.0
B_weighted_7d_entry_1_example_075_comment_1_threshold_0_3_6,c71db8b6-09cb-4491-b83c-0d396bac7a9e,392a03db-0ab2-42c7-bf58-3acde7de9d5d,2026-04-21 04:23:06.806990+00:00,approved,2,38.0,3,True,,True,0.0
B_weighted_7d_entry_1_example_075_comment_1_threshold_0_3_6,10c5e7ae-0a82-411a-8935-437970326f9b,392a03db-0ab2-42c7-bf58-3acde7de9d5d,2026-04-21 16:55:45.479127+00:00,pending,1,39.0,4,True,,True,0.0
B_weighted_7d_entry_1_example_075_comment_1_threshold_0_3_6,8677f3ed-2a98-478b-bcfa-bda614539b64,392a03db-0ab2-42c7-bf58-3acde7de9d5d,2026-04-21 17:01:47.864082+00:00,pending,0,39.0,5,True,,True,0.0
B_weighted_7d_entry_1_example_075_comment_1_threshold_0_3_6,c373da49-ee5f-4e09-a637-f9771a79b52c,392a03db-0ab2-42c7-bf58-3acde7de9d5d,2026-04-21 17:05:26.603280+00:00,pending,0,39.0,6,True,,True,0.0
B_weighted_7d_entry_1_example_075_comment_1_threshold_0_3_6,b71e2c04-bca2-4ac2-aee1-f876bf9ec139,392a03db-0ab2-42c7-bf58-3acde7de9d5d,2026-04-21 17:57:02.711606+00:00,pending,0,39.0,7,True,,True,0.0
B_weighted_7d_entry_1_example_075_comment_1_threshold_0_3_6,760810ad-f67b-4907-9538-41c07686095c,392a03db-0ab2-42c7-bf58-3acde7de9d5d,2026-04-21 21:13:42.061578+00:00,pending,0,39.0,8,True,,True,0.0
B_weighted_7d_entry_1_example_075_comment_1_threshold_0_3_6,5a41911b-3db6-4c2a-8b96-12db217cf850,392a03db-0ab2-42c7-bf58-3acde7de9d5d,2026-04-22 00:02:39.889179+00:00,pending,0,42.0,0,True,,True,0.0
B_weighted_7d_entry_1_example_075_comment_1_threshold_0_3_6,41f30708-2e2a-486b-bda8-b990008183b4,392a03db-0ab2-42c7-bf58-3acde7de9d5d,2026-04-22 00:11:18.298241+00:00,pending,0,45.0,1,True,,True,0.0
B_weighted_7d_entry_1_example_075_comment_1_threshold_0_3_6,d9b483d8-5193-4f23-99d4-c343f81bb410,392a03db-0ab2-42c7-bf58-3acde7de9d5d,2026-04-22 00:42:56.943524+00:00,pending,1,45.0,2,True,,True,0.0
B_weighted_7d_entry_1_example_075_comment_1_threshold_0_3_6,5f00eb22-a793-40f7-b829-0f6b136fe951,392a03db-0ab2-42c7-bf58-3acde7de9d5d,2026-04-22 03:51:05.853886+00:00,pending,0,45.0,3,True,,True,0.0
B_weighted_7d_entry_1_example_075_comment_1_threshold_0_3_6,216ce11e-a7d9-45f8-996d-3afe35e36be6,392a03db-0ab2-42c7-bf58-3acde7de9d5d,2026-04-22 15:36:51.417391+00:00,approved,1,45.0,4,True,,True,0.0
B_weighted_7d_entry_1_example_075_comment_1_threshold_0_3_6,2c029705-a38a-47a2-94d6-881887522d0b,392a03db-0ab2-42c7-bf58-3acde7de9d5d,2026-04-22 15:49:32.242549+00:00,approved,1,45.0,5,True,,True,0.0
B_weighted_7d_entry_1_example_075_comment_1_threshold_0_3_6,7c076b17-8360-4d23-8e52-d83f7a0473ab,a57f0fd6-6977-43c3-86bb-cd34ef2a7a29,2026-04-22 17:01:30.494248+00:00,pending,1,51.0,0,True,,True,0.0
B_weighted_7d_entry_1_example_075_comment_1_threshold_0_3_6,bafa397b-8767-4d13-be64-07de8e226d07,392a03db-0ab2-42c7-bf58-3acde7de9d5d,2026-04-22 21:32:25.658050+00:00,pending,-1,42.0,6,True,,True,0.0
B_weighted_7d_entry_1_example_075_comment_1_threshold_0_3_6,66b42626-3f13-473c-a9cb-e658335f6b28,392a03db-0ab2-42c7-bf58-3acde7de9d5d,2026-04-22 21:34:43.837084+00:00,approved,2,42.0,7,True,,True,0.0
B_weighted_7d_entry_1_example_075_comment_1_threshold_0_3_6,3f13697b-8984-4f68-8007-b58e5c89a281,a57f0fd6-6977-43c3-86bb-cd34ef2a7a29,2026-04-22 23:32:10.106790+00:00,pending,0,52.0,1,True,,True,0.0
B_weighted_7d_entry_1_example_075_comment_1_threshold_0_3_6,cefaf20a-a919-42e2-ae46-706c3cfe60c0,fd9b7f36-2943-4ceb-b658-83c814782ac3,2026-04-23 02:17:28.928469+00:00,pending,0,20.0,0,True,,True,0.0
B_weighted_7d_entry_1_example_075_comment_1_threshold_0_3_6,f1bb68fb-ea55-4515-814b-5f8d16ce4876,fd9b7f36-2943-4ceb-b658-83c814782ac3,2026-04-23 02:39:02.579148+00:00,pending,1,20.0,1,True,,True,0.0
B_weighted_7d_entry_1_example_075_comment_1_threshold_0_3_6,13b37226-3ad0-4175-a391-2245ed0189bd,fd9b7f36-2943-4ceb-b658-83c814782ac3,2026-04-23 02:52:55.161676+00:00,pending,0,20.0,2,True,,True,0.0
B_weighted_7d_entry_1_example_075_comment_1_threshold_0_3_6,3035c992-455f-4f6e-9217-c0e883713600,fd9b7f36-2943-4ceb-b658-83c814782ac3,2026-04-23 03:23:13.893026+00:00,pending,1,20.0,3,True,,True,0.0
B_weighted_7d_entry_1_example_075_comment_1_threshold_0_3_6,84faab01-303e-4e90-95c4-c1332c456999,fd9b7f36-2943-4ceb-b658-83c814782ac3,2026-04-23 03:32:33.473055+00:00,pending,0,20.0,4,True,,True,0.0
B_weighted_7d_entry_1_example_075_comment_1_threshold_0_3_6,39c9b9a1-2c08-455f-bfe5-2dee5a1f2091,fd9b7f36-2943-4ceb-b658-83c814782ac3,2026-04-23 04:17:56.382850+00:00,pending,1,20.0,5,True,,True,0.0
B_weighted_7d_entry_1_example_075_comment_1_threshold_0_3_6,a8f4693d-ae2c-4ede-81d6-24da37de6333,392a03db-0ab2-42c7-bf58-3acde7de9d5d,2026-04-23 04:27:46.677841+00:00,pending,0,40.0,0,True,,True,0.0
B_weighted_7d_entry_1_example_075_comment_1_threshold_0_3_6,3676fab2-3ba7-40e4-9e50-4b2dda419021,fd9b7f36-2943-4ceb-b658-83c814782ac3,2026-04-23 04:29:15.032854+00:00,pending,1,20.0,6,True,,True,0.0
B_weighted_7d_entry_1_example_075_comment_1_threshold_0_3_6,d675590c-30b6-4d08-93d3-c3c3287aa5af,392a03db-0ab2-42c7-bf58-3acde7de9d5d,2026-04-23 04:42:20.720666+00:00,pending,0,43.0,1,True,,True,0.0
B_weighted_7d_entry_1_example_075_comment_1_threshold_0_3_6,0e9dc353-e081-4af3-b427-9374dd613f55,392a03db-0ab2-42c7-bf58-3acde7de9d5d,2026-04-23 05:04:33.850263+00:00,pending,1,44.0,2,True,,True,0.0
B_weighted_7d_entry_1_example_075_comment_1_threshold_0_3_6,f2f48a46-184a-436b-96ac-68214a69ac1f,a57f0fd6-6977-43c3-86bb-cd34ef2a7a29,2026-04-23 11:03:06.729989+00:00,pending,0,50.0,0,True,,True,0.0
B_weighted_7d_entry_1_example_075_comment_1_threshold_0_3_6,14dd599c-1f0f-42db-bbaa-2378626058f9,68094f87-01d0-4966-aae7-21eb452e918d,2026-04-23 12:53:28.648495+00:00,approved,1,18.0,0,True,,True,0.0
B_weighted_7d_entry_1_example_075_comment_1_threshold_0_3_6,5d5ec15d-997d-4085-859a-7697821ef619,68094f87-01d0-4966-aae7-21eb452e918d,2026-04-23 12:57:12.311955+00:00,approved,1,18.0,1,True,,True,0.0
B_weighted_7d_entry_1_example_075_comment_1_threshold_0_3_6,fbfa501c-b933-4ef8-a9c4-76e4e3d86f10,a57f0fd6-6977-43c3-86bb-cd34ef2a7a29,2026-04-23 13:39:04.289041+00:00,pending,1,52.0,1,True,,True,0.0
B_weighted_7d_entry_1_example_075_comment_1_threshold_0_3_6,e0bdd64a-d824-499e-84ea-1beb17f68e41,a57f0fd6-6977-43c3-86bb-cd34ef2a7a29,2026-04-23 13:40:23.558036+00:00,pending,1,52.0,2,True,,True,0.0
B_weighted_7d_entry_1_example_075_comment_1_threshold_0_3_6,4e679b0d-0eac-49ef-b9d0-e507c53510e1,a57f0fd6-6977-43c3-86bb-cd34ef2a7a29,2026-04-23 13:53:51.438518+00:00,pending,1,52.0,3,True,,True,0.0
B_weighted_7d_entry_1_example_075_comment_1_threshold_0_3_6,11c97a8f-951c-4d17-b936-9e1f36727e03,fd9b7f36-2943-4ceb-b658-83c814782ac3,2026-04-23 14:06:40.933024+00:00,approved,1,19.0,7,True,,True,0.0
B_weighted_7d_entry_1_example_075_comment_1_threshold_0_3_6,b4eae83b-1512-4989-bb17-229a33471cf0,fd9b7f36-2943-4ceb-b658-83c814782ac3,2026-04-23 14:18:38.796016+00:00,approved,1,19.0,8,True,,True,0.0
B_weighted_7d_entry_1_example_075_comment_1_threshold_0_3_6,9d9f7995-fc23-4438-9343-5b7b64d30ef2,fd9b7f36-2943-4ceb-b658-83c814782ac3,2026-04-23 14:26:18.471395+00:00,pending,0,19.0,9,True,,True,0.0
B_weighted_7d_entry_1_example_075_comment_1_threshold_0_3_6,6535ab26-7cc7-4e1a-bcd5-c9ccaf41a0c7,fd9b7f36-2943-4ceb-b658-83c814782ac3,2026-04-23 15:44:47.964355+00:00,approved,0,19.0,10,True,,True,0.0
B_weighted_7d_entry_1_example_075_comment_1_threshold_0_3_6,0bc00399-96e9-4634-8cdf-fc6a615b8128,a57f0fd6-6977-43c3-86bb-cd34ef2a7a29,2026-04-23 20:59:27.129002+00:00,approved,1,53.0,4,True,,True,0.0
B_weighted_7d_entry_1_example_075_comment_1_threshold_0_3_6,5cf1f5e8-fc0b-4014-a3ec-1290365803cb,a57f0fd6-6977-43c3-86bb-cd34ef2a7a29,2026-04-23 21:09:14.097552+00:00,approved,1,53.0,5,True,,True,0.0
B_weighted_7d_entry_1_example_075_comment_1_threshold_0_3_6,b60b327e-7e64-4719-8e86-80a63f9a62e6,392a03db-0ab2-42c7-bf58-3acde7de9d5d,2026-04-23 21:48:26.062181+00:00,rejected,0,40.0,3,True,,True,0.0
B_weighted_7d_entry_1_example_075_comment_1_threshold_0_3_6,e40500b1-6382-4d49-ba26-f479ad3f3c7a,392a03db-0ab2-42c7-bf58-3acde7de9d5d,2026-04-23 21:57:03.423844+00:00,pending,0,40.0,4,True,,True,0.0
B_weighted_7d_entry_1_example_075_comment_1_threshold_0_3_6,7d1c5441-c973-4308-a1a9-afc452046490,69ce191d-25f7-4ae6-b5fc-26bdc90e84aa,2026-04-23 22:26:40.210131+00:00,pending,0,12.0,0,True,,True,0.0
B_weighted_7d_entry_1_example_075_comment_1_threshold_0_3_6,be9840da-6763-4d04-af37-6587408eda67,392a03db-0ab2-42c7-bf58-3acde7de9d5d,2026-04-24 02:00:36.899016+00:00,pending,0,43.0,0,True,,True,0.0
B_weighted_7d_entry_1_example_075_comment_1_threshold_0_3_6,d6c07639-0259-4817-a25a-b89c3f82829e,392a03db-0ab2-42c7-bf58-3acde7de9d5d,2026-04-24 02:06:33.619193+00:00,approved,1,45.0,1,True,,True,0.0
C_pr17_current_4d_weighted_threshold_3_5_6,5331584a-56bb-46d0-9493-56b622c9e4bf,a57f0fd6-6977-43c3-86bb-cd34ef2a7a29,2026-03-14 18:40:57.454405+00:00,approved,1,2.0,0,False,0.0,False,1.0
C_pr17_current_4d_weighted_threshold_3_5_6,32262f76-1a59-43d6-9a94-840a38a79439,a57f0fd6-6977-43c3-86bb-cd34ef2a7a29,2026-03-14 18:54:05.649655+00:00,approved,0,2.0,1,False,0.0,False,1.0
C_pr17_current_4d_weighted_threshold_3_5_6,e38bbdb3-dab1-4f9c-8956-21842cdf509b,a57f0fd6-6977-43c3-86bb-cd34ef2a7a29,2026-03-14 20:07:34.507547+00:00,approved,0,2.0,2,False,0.0,False,1.0
C_pr17_current_4d_weighted_threshold_3_5_6,c106ddb2-8db7-44a3-942d-cacf45f27430,a57f0fd6-6977-43c3-86bb-cd34ef2a7a29,2026-03-14 20:18:35.154922+00:00,approved,-1,2.0,3,False,0.0,False,1.0
C_pr17_current_4d_weighted_threshold_3_5_6,393477f3-c9f7-49f2-a6e5-025c8ea2ca3f,60264769-e015-4dba-b2f4-6bfdffed12b3,2026-03-14 20:35:41.056139+00:00,approved,3,0.0,0,False,0.0,False,3.0
C_pr17_current_4d_weighted_threshold_3_5_6,61866180-9717-41cc-8e26-f90cd8775298,a57f0fd6-6977-43c3-86bb-cd34ef2a7a29,2026-03-14 20:54:18.168454+00:00,approved,1,2.0,4,False,0.0,False,1.0
C_pr17_current_4d_weighted_threshold_3_5_6,449a3467-b150-4f07-9ed7-3a3804f6f525,68094f87-01d0-4966-aae7-21eb452e918d,2026-03-14 21:15:17.675527+00:00,approved,2,0.0,0,False,0.0,False,3.0
C_pr17_current_4d_weighted_threshold_3_5_6,d3772e60-a8c7-4ad7-ad14-4e30f67ef7ed,a57f0fd6-6977-43c3-86bb-cd34ef2a7a29,2026-03-14 21:26:35.667080+00:00,approved,0,2.0,5,False,0.0,False,1.0
C_pr17_current_4d_weighted_threshold_3_5_6,a6e2e580-3be5-411b-8ece-7b2b12663cf7,a57f0fd6-6977-43c3-86bb-cd34ef2a7a29,2026-03-14 21:34:28.210456+00:00,approved,1,2.0,6,False,0.0,False,1.0
C_pr17_current_4d_weighted_threshold_3_5_6,c33c69e0-9ab8-401f-8b56-d1f8a735649f,69ce191d-25f7-4ae6-b5fc-26bdc90e84aa,2026-03-14 22:45:39.748380+00:00,rejected,0,24.0,0,True,,True,0.0
C_pr17_current_4d_weighted_threshold_3_5_6,f605b9e6-29c7-49a0-adfc-b8f4138f32a3,69ce191d-25f7-4ae6-b5fc-26bdc90e84aa,2026-03-14 22:50:32.694247+00:00,rejected,0,24.0,1,True,,True,0.0
C_pr17_current_4d_weighted_threshold_3_5_6,6250524e-c541-4d10-bab9-ea97aabacb43,69ce191d-25f7-4ae6-b5fc-26bdc90e84aa,2026-03-15 00:41:50.652765+00:00,approved,1,28.0,0,True,,True,0.0
C_pr17_current_4d_weighted_threshold_3_5_6,6752d281-bca4-45dc-af62-e8ffdbb6df8e,69ce191d-25f7-4ae6-b5fc-26bdc90e84aa,2026-03-15 02:47:58.927216+00:00,approved,1,28.0,1,True,,True,0.0
C_pr17_current_4d_weighted_threshold_3_5_6,9a275745-4d67-4fac-ad72-dd5f78b54891,69ce191d-25f7-4ae6-b5fc-26bdc90e84aa,2026-03-15 12:36:10.145621+00:00,approved,0,28.0,2,True,,True,0.0
C_pr17_current_4d_weighted_threshold_3_5_6,0f077339-92ef-453d-8e12-bf329e96840b,a57f0fd6-6977-43c3-86bb-cd34ef2a7a29,2026-03-15 13:53:41.279663+00:00,approved,2,8.0,0,True,,True,0.0
C_pr17_current_4d_weighted_threshold_3_5_6,05a7c900-212c-47d0-a604-08d140972f39,69ce191d-25f7-4ae6-b5fc-26bdc90e84aa,2026-03-15 13:54:25.369228+00:00,approved,2,28.0,3,True,,True,0.0
C_pr17_current_4d_weighted_threshold_3_5_6,f64ac8c8-2cb4-45cf-99a0-82e63aa16cb2,a57f0fd6-6977-43c3-86bb-cd34ef2a7a29,2026-03-15 14:50:21.225860+00:00,approved,3,8.0,1,True,,True,0.0
C_pr17_current_4d_weighted_threshold_3_5_6,02ca4dcf-9767-4ca0-b57e-cfbea954d3ba,a57f0fd6-6977-43c3-86bb-cd34ef2a7a29,2026-03-15 15:00:20.072486+00:00,approved,1,8.0,2,True,,True,0.0
C_pr17_current_4d_weighted_threshold_3_5_6,595627e7-5482-4e29-8b00-817bc0024341,a57f0fd6-6977-43c3-86bb-cd34ef2a7a29,2026-03-16 10:27:01.354071+00:00,approved,1,14.0,0,True,,True,0.0
C_pr17_current_4d_weighted_threshold_3_5_6,aeef017d-33b4-4175-b9c9-b4bd065a1fcd,10293b59-6af4-4de0-9a6d-b87c2ed343a1,2026-03-16 15:28:13.382405+00:00,approved,2,0.0,0,False,0.0,False,3.0
C_pr17_current_4d_weighted_threshold_3_5_6,690426b4-a430-4b09-b9e9-a19aa2737b42,8f2ee531-41f7-4433-a49a-712adb50c585,2026-03-16 15:39:23.355309+00:00,approved,3,0.0,0,False,0.0,False,3.0
C_pr17_current_4d_weighted_threshold_3_5_6,1de3eb0a-a6a5-4ba3-a24c-3c87e83ee7f3,8f2ee531-41f7-4433-a49a-712adb50c585,2026-03-16 15:46:52.287348+00:00,approved,2,0.0,1,False,0.0,False,3.0
C_pr17_current_4d_weighted_threshold_3_5_6,8e1eaeb9-6bd0-4a03-95d5-1c70ba7dd28b,8f2ee531-41f7-4433-a49a-712adb50c585,2026-03-16 15:58:53.504299+00:00,approved,1,0.0,2,False,0.0,False,3.0
C_pr17_current_4d_weighted_threshold_3_5_6,7d41ac98-8b30-44e7-a06f-bf54f2061b0d,8f2ee531-41f7-4433-a49a-712adb50c585,2026-03-16 16:04:07.212810+00:00,pending,0,0.0,3,False,0.0,False,3.0
C_pr17_current_4d_weighted_threshold_3_5_6,d75c2ac8-8787-41c8-b255-55f8c28bec7b,8f2ee531-41f7-4433-a49a-712adb50c585,2026-03-16 16:08:26.937596+00:00,approved,1,0.0,4,False,0.0,False,3.0
C_pr17_current_4d_weighted_threshold_3_5_6,a41727d6-20d6-4b81-961f-915ca3bf2196,8f2ee531-41f7-4433-a49a-712adb50c585,2026-03-16 16:13:10.493301+00:00,approved,4,0.0,5,False,0.0,False,3.0
C_pr17_current_4d_weighted_threshold_3_5_6,1e4a525f-8ed6-4ac1-9209-53b24434739b,a57f0fd6-6977-43c3-86bb-cd34ef2a7a29,2026-03-16 16:37:45.247056+00:00,approved,1,38.0,1,True,,True,0.0
C_pr17_current_4d_weighted_threshold_3_5_6,66c9a1a9-81d1-4976-80bb-bebfae5be88e,a57f0fd6-6977-43c3-86bb-cd34ef2a7a29,2026-03-16 16:53:37.868843+00:00,approved,1,38.0,2,True,,True,0.0
C_pr17_current_4d_weighted_threshold_3_5_6,4aaa6014-d8b3-45dd-ba59-8b49c9948665,36e75d85-db7f-499d-8d6b-ee983421a046,2026-03-16 17:41:51.212050+00:00,approved,2,0.0,0,False,0.0,False,3.0
C_pr17_current_4d_weighted_threshold_3_5_6,4b1e0615-6f87-4a75-9a64-5fab90bd763a,36e75d85-db7f-499d-8d6b-ee983421a046,2026-03-16 17:50:35.625234+00:00,pending,0,0.0,1,False,0.0,False,3.0
C_pr17_current_4d_weighted_threshold_3_5_6,c449a355-4fae-426f-98cb-1b5538b688d5,36e75d85-db7f-499d-8d6b-ee983421a046,2026-03-16 17:55:09.206859+00:00,approved,1,0.0,2,False,0.0,False,3.0
C_pr17_current_4d_weighted_threshold_3_5_6,21114c30-137b-4f51-b197-eef3673caadd,36e75d85-db7f-499d-8d6b-ee983421a046,2026-03-16 17:58:34.654377+00:00,approved,2,0.0,3,False,0.0,False,3.0
C_pr17_current_4d_weighted_threshold_3_5_6,1c66ddd2-7036-4c2f-a514-234b6fc453c5,36e75d85-db7f-499d-8d6b-ee983421a046,2026-03-16 18:04:20.908920+00:00,approved,1,0.0,4,False,0.0,False,3.0
C_pr17_current_4d_weighted_threshold_3_5_6,8b6021d1-ac56-4778-8a6f-6ed1a30138ca,36e75d85-db7f-499d-8d6b-ee983421a046,2026-03-16 18:08:15.920953+00:00,pending,0,0.0,5,False,0.0,False,3.0
C_pr17_current_4d_weighted_threshold_3_5_6,e267eb2b-9598-4f0f-9fba-a07fb73b5173,36e75d85-db7f-499d-8d6b-ee983421a046,2026-03-16 18:12:11.007718+00:00,pending,0,0.0,6,False,0.0,False,3.0
C_pr17_current_4d_weighted_threshold_3_5_6,433c9453-c3ee-4ada-b85a-441711c227c5,36e75d85-db7f-499d-8d6b-ee983421a046,2026-03-16 18:26:38.197371+00:00,pending,-1,3.0,7,False,1.0,False,2.0
C_pr17_current_4d_weighted_threshold_3_5_6,5d62e42e-fc95-403a-b265-dd56eb40b260,36e75d85-db7f-499d-8d6b-ee983421a046,2026-03-16 18:28:42.441781+00:00,approved,1,3.0,8,False,1.0,False,2.0
C_pr17_current_4d_weighted_threshold_3_5_6,63a6fc40-0d1e-4fde-9cd6-50f41df5ffc6,36e75d85-db7f-499d-8d6b-ee983421a046,2026-03-16 19:32:00.877372+00:00,pending,1,3.0,9,False,1.0,False,2.0
C_pr17_current_4d_weighted_threshold_3_5_6,a58b2fdd-5377-41f3-8e14-d8a793af1942,36e75d85-db7f-499d-8d6b-ee983421a046,2026-03-16 20:00:55.490116+00:00,pending,0,3.0,10,False,1.0,False,2.0
C_pr17_current_4d_weighted_threshold_3_5_6,2f9a9db3-10e4-4ae3-bd86-bfd2041bfeb1,36e75d85-db7f-499d-8d6b-ee983421a046,2026-03-16 20:26:15.397670+00:00,approved,1,3.0,11,False,1.0,False,2.0
C_pr17_current_4d_weighted_threshold_3_5_6,ffcc8121-91cb-40c2-ab36-4b8f94889260,36e75d85-db7f-499d-8d6b-ee983421a046,2026-03-16 20:39:57.894230+00:00,pending,1,4.0,12,False,1.0,False,1.0
C_pr17_current_4d_weighted_threshold_3_5_6,f84f7d7c-802f-41ee-88ec-c8ea3073cbf5,36e75d85-db7f-499d-8d6b-ee983421a046,2026-03-16 22:38:02.462374+00:00,approved,1,7.0,13,True,,True,0.0
C_pr17_current_4d_weighted_threshold_3_5_6,57e222a9-1143-416b-b24f-fb170a059722,36e75d85-db7f-499d-8d6b-ee983421a046,2026-03-16 22:43:43.457705+00:00,approved,1,7.0,14,True,,True,0.0
C_pr17_current_4d_weighted_threshold_3_5_6,9faa7537-17b1-4492-8399-a67cf278e5f1,36e75d85-db7f-499d-8d6b-ee983421a046,2026-03-16 23:27:26.123294+00:00,approved,1,7.0,15,True,,True,0.0
C_pr17_current_4d_weighted_threshold_3_5_6,9c6412f6-86a4-4932-95b1-b1aa8e604735,36e75d85-db7f-499d-8d6b-ee983421a046,2026-03-16 23:46:13.726291+00:00,approved,2,7.0,16,True,,True,0.0
C_pr17_current_4d_weighted_threshold_3_5_6,48d8dcc8-692b-4156-aa4f-625f8aea1661,36e75d85-db7f-499d-8d6b-ee983421a046,2026-03-17 00:09:10.369848+00:00,approved,1,7.0,0,True,,True,0.0
C_pr17_current_4d_weighted_threshold_3_5_6,c7092743-11a3-42bb-86e5-7e8117a5757f,36e75d85-db7f-499d-8d6b-ee983421a046,2026-03-17 00:14:34.852001+00:00,pending,0,7.0,1,True,,True,0.0
C_pr17_current_4d_weighted_threshold_3_5_6,b51c9675-6b80-44f8-a229-cf44ccb88c92,36e75d85-db7f-499d-8d6b-ee983421a046,2026-03-17 00:19:54.819121+00:00,pending,0,7.0,2,True,,True,0.0
C_pr17_current_4d_weighted_threshold_3_5_6,ee9dc332-6561-477d-af1c-22cd1384e475,a57f0fd6-6977-43c3-86bb-cd34ef2a7a29,2026-03-17 18:49:43.545135+00:00,pending,0,39.0,0,True,,True,0.0
C_pr17_current_4d_weighted_threshold_3_5_6,d5f1ee08-36df-40e6-8e6a-1c56e912594a,a57f0fd6-6977-43c3-86bb-cd34ef2a7a29,2026-03-17 18:58:47.606389+00:00,pending,2,39.0,1,True,,True,0.0
C_pr17_current_4d_weighted_threshold_3_5_6,2ea36044-6d48-4371-8c5d-d955df6d68ea,a57f0fd6-6977-43c3-86bb-cd34ef2a7a29,2026-03-17 20:20:28.233580+00:00,pending,2,42.0,2,True,,True,0.0
C_pr17_current_4d_weighted_threshold_3_5_6,8096ff40-3c0b-414e-a6e1-eef07aa99e7f,a57f0fd6-6977-43c3-86bb-cd34ef2a7a29,2026-03-17 20:26:15.254983+00:00,pending,2,42.0,3,True,,True,0.0
C_pr17_current_4d_weighted_threshold_3_5_6,418e4cd0-6103-4f1b-9eaf-69931c1674c8,a3cd0e01-82b4-4a40-bbfd-448afbe493a5,2026-03-17 21:01:19.683095+00:00,pending,0,0.0,0,False,0.0,False,3.0
C_pr17_current_4d_weighted_threshold_3_5_6,14752602-af47-46be-92b7-1006e2fd594c,cdbc2977-3feb-4b78-967e-7636db3986d5,2026-03-17 21:10:01.275748+00:00,pending,2,0.0,0,False,0.0,False,3.0
C_pr17_current_4d_weighted_threshold_3_5_6,c311b020-b9b7-4474-be49-ecb53356f56c,cdbc2977-3feb-4b78-967e-7636db3986d5,2026-03-17 21:17:04.016034+00:00,pending,3,0.0,1,False,0.0,False,3.0
C_pr17_current_4d_weighted_threshold_3_5_6,b397c158-17f5-4db5-aed6-af055438c82a,cdbc2977-3feb-4b78-967e-7636db3986d5,2026-03-17 21:29:05.622704+00:00,approved,2,0.0,2,False,0.0,False,3.0
C_pr17_current_4d_weighted_threshold_3_5_6,19fe85b3-e0df-49ba-9aaa-c48ad5b6fcf4,cdbc2977-3feb-4b78-967e-7636db3986d5,2026-03-17 21:48:12.648546+00:00,pending,0,0.0,3,False,0.0,False,3.0
C_pr17_current_4d_weighted_threshold_3_5_6,3427d60c-c677-4b79-bd9e-0c05512302bd,cdbc2977-3feb-4b78-967e-7636db3986d5,2026-03-17 21:54:05.533970+00:00,approved,1,0.0,4,False,0.0,False,3.0
C_pr17_current_4d_weighted_threshold_3_5_6,a0b62e05-8af4-4fa3-be0d-0571bc14da76,cdbc2977-3feb-4b78-967e-7636db3986d5,2026-03-17 22:10:42.802094+00:00,approved,1,0.0,5,False,0.0,False,3.0
C_pr17_current_4d_weighted_threshold_3_5_6,dfafca12-f628-4370-977b-59dd682e4375,cdbc2977-3feb-4b78-967e-7636db3986d5,2026-03-17 22:18:28.552148+00:00,approved,3,0.0,6,False,0.0,False,3.0
C_pr17_current_4d_weighted_threshold_3_5_6,3ef7bfd5-624d-4768-a779-ece5c2f129a1,cdbc2977-3feb-4b78-967e-7636db3986d5,2026-03-17 22:36:31.395437+00:00,approved,1,0.0,7,False,0.0,False,3.0
C_pr17_current_4d_weighted_threshold_3_5_6,0dddc6bb-3c37-4214-964c-77907c7601ea,36e75d85-db7f-499d-8d6b-ee983421a046,2026-03-18 00:58:51.421217+00:00,pending,0,13.0,0,True,,True,0.0
C_pr17_current_4d_weighted_threshold_3_5_6,c009a013-aeed-4725-9630-a88eaa40ebac,a57f0fd6-6977-43c3-86bb-cd34ef2a7a29,2026-03-18 02:57:16.836460+00:00,approved,1,42.0,0,True,,True,0.0
C_pr17_current_4d_weighted_threshold_3_5_6,a3a49861-8ca9-4bd7-a8a0-7ca7c39e2ed4,a57f0fd6-6977-43c3-86bb-cd34ef2a7a29,2026-03-18 03:01:11.061988+00:00,approved,2,42.0,1,True,,True,0.0
C_pr17_current_4d_weighted_threshold_3_5_6,0d1e4266-0db8-4823-bca4-32ed82383bc0,69ce191d-25f7-4ae6-b5fc-26bdc90e84aa,2026-03-18 15:24:05.807237+00:00,approved,1,88.0,0,True,,True,0.0
C_pr17_current_4d_weighted_threshold_3_5_6,835de9cc-b5da-42e0-8f78-0c96ddcf42f6,a57f0fd6-6977-43c3-86bb-cd34ef2a7a29,2026-03-18 15:54:03.287158+00:00,approved,0,49.0,2,True,,True,0.0
C_pr17_current_4d_weighted_threshold_3_5_6,dae06965-2c2a-4de2-ad93-eab99d273db4,a57f0fd6-6977-43c3-86bb-cd34ef2a7a29,2026-03-18 16:05:34.392396+00:00,approved,0,49.0,3,True,,True,0.0
C_pr17_current_4d_weighted_threshold_3_5_6,ef677fa9-4d7e-41d4-a8d0-cdefb9b9bd52,a57f0fd6-6977-43c3-86bb-cd34ef2a7a29,2026-03-18 16:09:10.773825+00:00,approved,2,49.0,4,True,,True,0.0
C_pr17_current_4d_weighted_threshold_3_5_6,0484e948-9f4b-4745-ab84-5b8e2e137c97,a57f0fd6-6977-43c3-86bb-cd34ef2a7a29,2026-03-18 16:28:36.712114+00:00,approved,1,49.0,5,True,,True,0.0
C_pr17_current_4d_weighted_threshold_3_5_6,8d47ea60-8e9c-4e1e-9b90-308c1a5aa8dd,a57f0fd6-6977-43c3-86bb-cd34ef2a7a29,2026-03-18 16:31:51.909477+00:00,approved,-1,49.0,6,True,,True,0.0
C_pr17_current_4d_weighted_threshold_3_5_6,9fb0874e-d656-4c62-bc9e-793f083c4aec,36e75d85-db7f-499d-8d6b-ee983421a046,2026-03-18 17:51:39.958836+00:00,pending,0,14.0,1,True,,True,0.0
C_pr17_current_4d_weighted_threshold_3_5_6,6111c7a3-134a-4bc6-9f9c-02d907550d59,36e75d85-db7f-499d-8d6b-ee983421a046,2026-03-18 18:06:03.180098+00:00,pending,0,14.0,2,True,,True,0.0
C_pr17_current_4d_weighted_threshold_3_5_6,2d70c0ee-49e2-40cc-8ef4-398a015b31ba,36e75d85-db7f-499d-8d6b-ee983421a046,2026-03-18 18:13:37.334836+00:00,pending,0,14.0,3,True,,True,0.0
C_pr17_current_4d_weighted_threshold_3_5_6,384fc819-2ab4-431d-8f75-5c0757e6b525,a57f0fd6-6977-43c3-86bb-cd34ef2a7a29,2026-03-18 18:19:02.925571+00:00,approved,1,49.0,7,True,,True,0.0
C_pr17_current_4d_weighted_threshold_3_5_6,66461198-07c6-48c4-ab40-a02eb5d6bde7,36e75d85-db7f-499d-8d6b-ee983421a046,2026-03-18 18:20:18.239183+00:00,pending,0,14.0,4,True,,True,0.0
C_pr17_current_4d_weighted_threshold_3_5_6,67abe8d6-eb4b-4771-adf0-9fecffee7139,a57f0fd6-6977-43c3-86bb-cd34ef2a7a29,2026-03-19 18:29:05.346131+00:00,approved,1,35.0,0,True,,True,0.0
C_pr17_current_4d_weighted_threshold_3_5_6,f85ed7c0-d67c-4d5a-9dfa-09eca6f5fcf7,a57f0fd6-6977-43c3-86bb-cd34ef2a7a29,2026-03-19 18:33:07.613704+00:00,approved,0,35.0,1,True,,True,0.0
C_pr17_current_4d_weighted_threshold_3_5_6,9a8011df-915a-4a0d-9dcf-bd245536203d,a57f0fd6-6977-43c3-86bb-cd34ef2a7a29,2026-03-19 18:36:55.954681+00:00,approved,0,35.0,2,True,,True,0.0
C_pr17_current_4d_weighted_threshold_3_5_6,e67af038-f163-4b95-8d31-8c003ca8318e,a57f0fd6-6977-43c3-86bb-cd34ef2a7a29,2026-03-19 18:39:26.892431+00:00,approved,0,35.0,3,True,,True,0.0
C_pr17_current_4d_weighted_threshold_3_5_6,895dd77b-e931-4b45-bc3b-337dc5cab355,a57f0fd6-6977-43c3-86bb-cd34ef2a7a29,2026-03-19 18:41:22.002985+00:00,approved,0,35.0,4,True,,True,0.0
C_pr17_current_4d_weighted_threshold_3_5_6,8ef6e1b0-dd24-4784-8aaa-51a26340a1a9,e118f03c-0bb2-4c81-903d-b02f4aa15f26,2026-03-20 12:31:25.048261+00:00,approved,1,0.0,0,False,0.0,False,3.0
C_pr17_current_4d_weighted_threshold_3_5_6,d54d8072-5523-4404-9066-5ec556fea623,a57f0fd6-6977-43c3-86bb-cd34ef2a7a29,2026-03-20 13:18:19.806689+00:00,approved,0,73.0,0,True,,True,0.0
C_pr17_current_4d_weighted_threshold_3_5_6,a8f8e90b-bf84-4c42-80c2-7c961cb8df24,e118f03c-0bb2-4c81-903d-b02f4aa15f26,2026-03-20 20:56:09.032185+00:00,approved,2,0.0,1,False,0.0,False,3.0
C_pr17_current_4d_weighted_threshold_3_5_6,c3de7c3b-9136-4c78-82e3-9e478074b36e,a57f0fd6-6977-43c3-86bb-cd34ef2a7a29,2026-03-20 21:48:15.445281+00:00,approved,0,53.0,1,True,,True,0.0
C_pr17_current_4d_weighted_threshold_3_5_6,7ccb6046-0ee7-49bd-a053-6a31624f6266,36e75d85-db7f-499d-8d6b-ee983421a046,2026-03-21 22:03:47.611550+00:00,pending,1,25.0,0,True,,True,0.0
C_pr17_current_4d_weighted_threshold_3_5_6,8175e9d8-7fe3-4004-af4c-5e20150faf4f,fd9b7f36-2943-4ceb-b658-83c814782ac3,2026-03-23 16:01:44.463596+00:00,approved,3,0.0,0,False,0.0,False,3.0
C_pr17_current_4d_weighted_threshold_3_5_6,7a87f3fb-fb63-49df-b252-314e9c2d979f,36e75d85-db7f-499d-8d6b-ee983421a046,2026-03-23 16:19:42.291725+00:00,pending,-2,3.0,0,True,1.0,False,2.0
C_pr17_current_4d_weighted_threshold_3_5_6,ccc8ddea-af31-4cf3-980e-a80c23c040bc,a57f0fd6-6977-43c3-86bb-cd34ef2a7a29,2026-03-23 20:07:13.840083+00:00,approved,1,10.0,0,True,,True,0.0
C_pr17_current_4d_weighted_threshold_3_5_6,9abe6a8f-e1f0-40e8-a26b-e925b5da9d7f,a57f0fd6-6977-43c3-86bb-cd34ef2a7a29,2026-03-24 00:29:00.388204+00:00,approved,1,13.0,0,True,,True,0.0
C_pr17_current_4d_weighted_threshold_3_5_6,d4b0dcb4-ad94-47f1-b879-9a849ea28078,ce6e5c8c-b2e1-4acd-89fe-b42fe49a86bc,2026-03-24 00:29:00.682685+00:00,approved,1,26.0,0,True,,True,0.0
C_pr17_current_4d_weighted_threshold_3_5_6,2f5b98a7-ba9e-46ab-8371-93d9184220b5,a57f0fd6-6977-43c3-86bb-cd34ef2a7a29,2026-03-24 00:33:38.065395+00:00,approved,2,13.0,1,True,,True,0.0
C_pr17_current_4d_weighted_threshold_3_5_6,46ca0aad-95f5-4fbd-960d-46f69c7e7b4b,a57f0fd6-6977-43c3-86bb-cd34ef2a7a29,2026-03-24 00:43:41.171414+00:00,approved,1,13.0,2,True,,True,0.0
C_pr17_current_4d_weighted_threshold_3_5_6,710898ff-ce7e-4920-a828-3896c0baecbf,e118f03c-0bb2-4c81-903d-b02f4aa15f26,2026-03-24 00:43:44.593683+00:00,approved,1,0.0,0,False,0.0,False,3.0
C_pr17_current_4d_weighted_threshold_3_5_6,f5f43cd0-bdfa-49aa-8f22-43ddfc5e4a7a,a57f0fd6-6977-43c3-86bb-cd34ef2a7a29,2026-03-24 00:50:19.133495+00:00,approved,0,13.0,3,True,,True,0.0
C_pr17_current_4d_weighted_threshold_3_5_6,cb87c5b0-2bc5-46cf-aaba-4ee6b5f589f1,a57f0fd6-6977-43c3-86bb-cd34ef2a7a29,2026-03-24 00:55:31.737668+00:00,approved,0,18.0,4,True,,True,0.0
C_pr17_current_4d_weighted_threshold_3_5_6,3989f0d8-2cea-4103-8c9a-27010f70bafd,a57f0fd6-6977-43c3-86bb-cd34ef2a7a29,2026-03-24 02:34:16.530377+00:00,approved,0,24.0,5,True,,True,0.0
C_pr17_current_4d_weighted_threshold_3_5_6,98a17281-10ba-49d5-af16-cd6992c9f9bc,a57f0fd6-6977-43c3-86bb-cd34ef2a7a29,2026-03-24 13:25:46.923702+00:00,approved,0,19.0,6,True,,True,0.0
C_pr17_current_4d_weighted_threshold_3_5_6,039e2055-8b61-4dbd-9999-0152e8d15509,69ce191d-25f7-4ae6-b5fc-26bdc90e84aa,2026-03-24 13:33:28.584503+00:00,approved,1,0.0,0,False,0.0,False,3.0
C_pr17_current_4d_weighted_threshold_3_5_6,50486d05-3d87-4323-91b2-41d3db524ab9,68094f87-01d0-4966-aae7-21eb452e918d,2026-03-24 13:49:35.111701+00:00,approved,1,0.0,0,False,0.0,False,3.0
C_pr17_current_4d_weighted_threshold_3_5_6,40cb1f23-379a-4c3b-a365-9c75203aebfb,a57f0fd6-6977-43c3-86bb-cd34ef2a7a29,2026-03-24 13:58:55.232309+00:00,approved,0,19.0,7,True,,True,0.0
C_pr17_current_4d_weighted_threshold_3_5_6,fe24a861-b46e-4c92-b031-bf2d434efca9,a57f0fd6-6977-43c3-86bb-cd34ef2a7a29,2026-03-24 14:08:26.910264+00:00,approved,1,25.0,8,True,,True,0.0
C_pr17_current_4d_weighted_threshold_3_5_6,8bc389d6-4dbd-4646-a873-e09be9be7d42,f63c93e7-16f1-4495-8e5f-220cf1bd0587,2026-03-24 14:31:00.736632+00:00,approved,2,0.0,0,False,0.0,False,3.0
C_pr17_current_4d_weighted_threshold_3_5_6,cf6e1226-db19-48c6-919b-e6d0afad6504,f63c93e7-16f1-4495-8e5f-220cf1bd0587,2026-03-24 14:35:55.424486+00:00,approved,2,0.0,1,False,0.0,False,3.0
C_pr17_current_4d_weighted_threshold_3_5_6,5df003db-e875-476e-be06-c29095117b6f,ce6e5c8c-b2e1-4acd-89fe-b42fe49a86bc,2026-03-25 00:04:06.339787+00:00,approved,1,51.0,0,True,,True,0.0
C_pr17_current_4d_weighted_threshold_3_5_6,41792c0f-bd2b-4346-9fd0-17bba1c412b6,36e75d85-db7f-499d-8d6b-ee983421a046,2026-03-25 00:15:56.900776+00:00,approved,2,3.0,0,True,1.0,False,2.0
C_pr17_current_4d_weighted_threshold_3_5_6,909fed24-4625-460b-81a3-95b29b105583,a57f0fd6-6977-43c3-86bb-cd34ef2a7a29,2026-03-25 02:43:59.972057+00:00,approved,0,36.0,0,True,,True,0.0
C_pr17_current_4d_weighted_threshold_3_5_6,bd7afdaf-ebe7-4255-9e0e-9626a686a9b4,68094f87-01d0-4966-aae7-21eb452e918d,2026-03-25 03:41:26.813222+00:00,approved,1,0.0,0,False,0.0,False,3.0
C_pr17_current_4d_weighted_threshold_3_5_6,4a15402c-a9f0-4441-846a-10155ff370b7,a57f0fd6-6977-43c3-86bb-cd34ef2a7a29,2026-03-25 03:46:24.362693+00:00,approved,1,39.0,1,True,,True,0.0
C_pr17_current_4d_weighted_threshold_3_5_6,48a1f266-be42-4660-8520-cf8dae598de7,a57f0fd6-6977-43c3-86bb-cd34ef2a7a29,2026-03-25 03:51:50.900434+00:00,approved,3,39.0,2,True,,True,0.0
C_pr17_current_4d_weighted_threshold_3_5_6,9acfb7dc-b0a8-4339-82bf-005dde6940ab,a57f0fd6-6977-43c3-86bb-cd34ef2a7a29,2026-03-25 03:59:26.187461+00:00,approved,0,39.0,3,True,,True,0.0
C_pr17_current_4d_weighted_threshold_3_5_6,271e9035-005a-45dc-b5eb-d8ae8b7d4737,ce6e5c8c-b2e1-4acd-89fe-b42fe49a86bc,2026-03-25 15:06:51.088392+00:00,approved,1,55.0,1,True,,True,0.0
C_pr17_current_4d_weighted_threshold_3_5_6,59b36345-9456-4037-bd22-7c804979f3d9,a57f0fd6-6977-43c3-86bb-cd34ef2a7a29,2026-03-25 16:04:41.051777+00:00,approved,0,39.0,4,True,,True,0.0
C_pr17_current_4d_weighted_threshold_3_5_6,2651bdd6-a63b-4429-ba43-76dd4213ba0a,36e75d85-db7f-499d-8d6b-ee983421a046,2026-03-25 19:21:33.255784+00:00,approved,3,6.0,1,True,,True,0.0
C_pr17_current_4d_weighted_threshold_3_5_6,a6d143d3-15cd-4596-a6bb-36a90cc9af9d,a57f0fd6-6977-43c3-86bb-cd34ef2a7a29,2026-03-25 19:58:54.898847+00:00,approved,0,48.0,5,True,,True,0.0
C_pr17_current_4d_weighted_threshold_3_5_6,deaaf2c8-f914-4f34-bf79-21ab6c9307b9,a57f0fd6-6977-43c3-86bb-cd34ef2a7a29,2026-03-25 20:00:33.948670+00:00,approved,0,48.0,6,True,,True,0.0
C_pr17_current_4d_weighted_threshold_3_5_6,5fa1cfb2-82dd-480e-b2f0-f1565347220f,a57f0fd6-6977-43c3-86bb-cd34ef2a7a29,2026-03-25 20:04:18.047108+00:00,approved,-1,48.0,7,True,,True,0.0
C_pr17_current_4d_weighted_threshold_3_5_6,9b7d7d4a-86f2-4cfc-8ae5-372ac09c46e2,cdbc2977-3feb-4b78-967e-7636db3986d5,2026-03-26 00:42:44.739480+00:00,approved,1,0.0,0,False,0.0,False,3.0
C_pr17_current_4d_weighted_threshold_3_5_6,529a54aa-ad2d-4163-836d-ceda5273336e,cdbc2977-3feb-4b78-967e-7636db3986d5,2026-03-26 00:49:52.549284+00:00,approved,1,0.0,1,False,0.0,False,3.0
C_pr17_current_4d_weighted_threshold_3_5_6,7d6e2e33-ea84-4c57-b088-3eaf88ae72ae,cdbc2977-3feb-4b78-967e-7636db3986d5,2026-03-26 00:56:44.813002+00:00,approved,1,0.0,2,False,0.0,False,3.0
C_pr17_current_4d_weighted_threshold_3_5_6,e58dc241-590b-4397-af24-b574f45cc38a,cdbc2977-3feb-4b78-967e-7636db3986d5,2026-03-26 01:03:28.754845+00:00,approved,2,0.0,3,False,0.0,False,3.0
C_pr17_current_4d_weighted_threshold_3_5_6,05cca096-e76d-403e-8ff3-07ff16326292,cdbc2977-3feb-4b78-967e-7636db3986d5,2026-03-26 01:06:21.788478+00:00,approved,2,0.0,4,False,0.0,False,3.0
C_pr17_current_4d_weighted_threshold_3_5_6,ae18153d-1566-4101-9c30-e30a9cb50c74,cdbc2977-3feb-4b78-967e-7636db3986d5,2026-03-26 01:13:21.322766+00:00,approved,1,0.0,5,False,0.0,False,3.0
C_pr17_current_4d_weighted_threshold_3_5_6,ed72e73f-5e2b-44ab-b1b5-faadf0033305,cdbc2977-3feb-4b78-967e-7636db3986d5,2026-03-26 01:15:41.032953+00:00,approved,1,0.0,6,False,0.0,False,3.0
C_pr17_current_4d_weighted_threshold_3_5_6,4e8d55f4-97c0-48fd-8a05-4c98e1cdd508,a57f0fd6-6977-43c3-86bb-cd34ef2a7a29,2026-03-26 13:34:58.588690+00:00,approved,0,69.0,0,True,,True,0.0
C_pr17_current_4d_weighted_threshold_3_5_6,49a0985f-3024-46c4-83c8-397151acbd26,a57f0fd6-6977-43c3-86bb-cd34ef2a7a29,2026-03-26 14:41:41.523654+00:00,approved,-1,69.0,1,True,,True,0.0
C_pr17_current_4d_weighted_threshold_3_5_6,8521b44b-61ba-4e85-b88d-faca23a6f2f7,e118f03c-0bb2-4c81-903d-b02f4aa15f26,2026-03-26 15:34:29.167463+00:00,approved,3,3.0,0,True,1.0,False,2.0
C_pr17_current_4d_weighted_threshold_3_5_6,31227dae-0ba6-4134-979a-d792170b42d5,69ce191d-25f7-4ae6-b5fc-26bdc90e84aa,2026-03-27 14:18:40.852148+00:00,approved,0,8.0,0,True,,True,0.0
C_pr17_current_4d_weighted_threshold_3_5_6,0cc9b2f0-8cc7-4904-b683-bca09422145e,69ce191d-25f7-4ae6-b5fc-26bdc90e84aa,2026-03-27 20:12:01.864203+00:00,approved,1,14.0,1,True,,True,0.0
C_pr17_current_4d_weighted_threshold_3_5_6,7bc9ea61-83be-4bc4-9f8a-378e1a57ae2f,69ce191d-25f7-4ae6-b5fc-26bdc90e84aa,2026-03-27 20:17:54.998575+00:00,approved,-1,14.0,2,True,,True,0.0
C_pr17_current_4d_weighted_threshold_3_5_6,5b20b634-e8a8-42c0-940e-225e94fc563c,69ce191d-25f7-4ae6-b5fc-26bdc90e84aa,2026-03-27 20:24:44.188316+00:00,approved,3,14.0,3,True,,True,0.0
C_pr17_current_4d_weighted_threshold_3_5_6,9de4932a-7187-4fde-ab27-97531771c594,69ce191d-25f7-4ae6-b5fc-26bdc90e84aa,2026-03-27 20:30:35.860854+00:00,approved,1,14.0,4,True,,True,0.0
C_pr17_current_4d_weighted_threshold_3_5_6,a903e5ec-388f-40ce-9371-6404be81c3a5,69ce191d-25f7-4ae6-b5fc-26bdc90e84aa,2026-03-27 20:39:04.859726+00:00,approved,0,14.0,5,True,,True,0.0
C_pr17_current_4d_weighted_threshold_3_5_6,cdf5bda1-b8d1-4b10-b17e-d388781c55a1,69ce191d-25f7-4ae6-b5fc-26bdc90e84aa,2026-03-27 20:50:58.103371+00:00,approved,1,14.0,6,True,,True,0.0
C_pr17_current_4d_weighted_threshold_3_5_6,506ef1ca-696d-4f92-981c-8c5066a1b8d7,69ce191d-25f7-4ae6-b5fc-26bdc90e84aa,2026-03-27 20:54:44.405442+00:00,approved,-2,14.0,7,True,,True,0.0
C_pr17_current_4d_weighted_threshold_3_5_6,c14c6789-6aac-4c2c-90a0-0a067eaa1328,69ce191d-25f7-4ae6-b5fc-26bdc90e84aa,2026-03-27 20:58:24.793597+00:00,approved,1,14.0,8,True,,True,0.0
C_pr17_current_4d_weighted_threshold_3_5_6,b8cd81c8-3ece-4072-844d-fb159d70cc2a,a57f0fd6-6977-43c3-86bb-cd34ef2a7a29,2026-03-27 21:22:03.212497+00:00,approved,0,79.0,0,True,,True,0.0
C_pr17_current_4d_weighted_threshold_3_5_6,662ac2e6-e1d5-4cb1-81d5-60f3eeb9a86b,cdbc2977-3feb-4b78-967e-7636db3986d5,2026-03-28 00:53:31.175200+00:00,pending,0,0.0,0,False,0.0,False,3.0
C_pr17_current_4d_weighted_threshold_3_5_6,9cf7d488-6117-488c-be04-b933971c02df,cdbc2977-3feb-4b78-967e-7636db3986d5,2026-03-28 00:57:48.234085+00:00,pending,0,0.0,1,False,0.0,False,3.0
C_pr17_current_4d_weighted_threshold_3_5_6,d1afceeb-221f-484e-9e6b-985611fc16ef,cdbc2977-3feb-4b78-967e-7636db3986d5,2026-03-28 01:03:14.354676+00:00,pending,0,0.0,2,False,0.0,False,3.0
C_pr17_current_4d_weighted_threshold_3_5_6,6ba03b31-d756-4c27-917c-4192b8f1eef7,cdbc2977-3feb-4b78-967e-7636db3986d5,2026-03-28 01:18:55.400944+00:00,approved,1,0.0,3,False,0.0,False,3.0
C_pr17_current_4d_weighted_threshold_3_5_6,920bc032-10d8-42b3-8a40-3b55dc88e9c2,cdbc2977-3feb-4b78-967e-7636db3986d5,2026-03-28 01:54:57.515224+00:00,approved,2,9.0,4,True,,True,0.0
C_pr17_current_4d_weighted_threshold_3_5_6,be2c5375-9a79-42e1-97a1-4ef707aefb47,a57f0fd6-6977-43c3-86bb-cd34ef2a7a29,2026-03-29 01:51:24.313175+00:00,approved,1,49.0,0,True,,True,0.0
C_pr17_current_4d_weighted_threshold_3_5_6,788fac9b-e757-42b3-b2a0-ce6d0d84386b,69ce191d-25f7-4ae6-b5fc-26bdc90e84aa,2026-03-29 13:19:23.617782+00:00,approved,2,14.0,0,True,,True,0.0
C_pr17_current_4d_weighted_threshold_3_5_6,4de68fbf-3d0a-4a54-b6de-421f089f46ea,69ce191d-25f7-4ae6-b5fc-26bdc90e84aa,2026-03-29 13:40:53.308702+00:00,approved,0,14.0,1,True,,True,0.0
C_pr17_current_4d_weighted_threshold_3_5_6,00432174-df04-44d2-a021-bcb142791fba,4ce403f9-c662-4caa-8576-c10e71f01c4b,2026-03-30 06:59:43.514591+00:00,pending,2,0.0,0,False,0.0,False,3.0
C_pr17_current_4d_weighted_threshold_3_5_6,ee61cd00-dfca-427c-90a7-72e336c2804b,a57f0fd6-6977-43c3-86bb-cd34ef2a7a29,2026-03-30 11:28:28.135600+00:00,approved,0,31.0,0,True,,True,0.0
C_pr17_current_4d_weighted_threshold_3_5_6,4e7f8ea7-2678-4290-837e-129a5d805d2a,a57f0fd6-6977-43c3-86bb-cd34ef2a7a29,2026-03-30 18:03:39.990127+00:00,approved,0,8.0,1,True,,True,0.0
C_pr17_current_4d_weighted_threshold_3_5_6,67d2925e-aacc-408b-81d5-f0bbdbcd8f25,cdbc2977-3feb-4b78-967e-7636db3986d5,2026-03-30 20:28:39.035599+00:00,approved,1,9.0,0,True,,True,0.0
C_pr17_current_4d_weighted_threshold_3_5_6,0b89993c-fca3-4e23-a4c0-857864547c61,a57f0fd6-6977-43c3-86bb-cd34ef2a7a29,2026-03-30 20:38:49.810654+00:00,approved,1,16.0,2,True,,True,0.0
C_pr17_current_4d_weighted_threshold_3_5_6,f72598fd-701b-4eff-a500-06007ceae2ba,a57f0fd6-6977-43c3-86bb-cd34ef2a7a29,2026-03-30 20:42:16.291398+00:00,approved,0,16.0,3,True,,True,0.0
C_pr17_current_4d_weighted_threshold_3_5_6,aff32161-e65b-4248-9059-f9f9587167e6,cdbc2977-3feb-4b78-967e-7636db3986d5,2026-03-30 20:42:26.732732+00:00,pending,0,12.0,1,True,,True,0.0
C_pr17_current_4d_weighted_threshold_3_5_6,a346ccdb-19c6-4772-a1f9-365d904f4954,cdbc2977-3feb-4b78-967e-7636db3986d5,2026-03-30 20:44:42.548265+00:00,approved,1,12.0,2,True,,True,0.0
C_pr17_current_4d_weighted_threshold_3_5_6,7df1ceec-a971-4f2e-b0d1-0338efd5d658,a57f0fd6-6977-43c3-86bb-cd34ef2a7a29,2026-03-30 20:46:59.231372+00:00,approved,0,16.0,4,True,,True,0.0
C_pr17_current_4d_weighted_threshold_3_5_6,34eaef5b-6a03-410e-9b2d-4021a9a9c1e5,a57f0fd6-6977-43c3-86bb-cd34ef2a7a29,2026-03-30 20:51:50.854584+00:00,approved,0,16.0,5,True,,True,0.0
C_pr17_current_4d_weighted_threshold_3_5_6,d55180e3-8b1b-4878-a4a0-e3119a620cb2,cdbc2977-3feb-4b78-967e-7636db3986d5,2026-03-30 21:14:53.192653+00:00,pending,0,12.0,3,True,,True,0.0
C_pr17_current_4d_weighted_threshold_3_5_6,be4d9360-5665-4b0a-948f-791b10119259,cdbc2977-3feb-4b78-967e-7636db3986d5,2026-03-30 21:26:32.273001+00:00,pending,0,12.0,4,True,,True,0.0
C_pr17_current_4d_weighted_threshold_3_5_6,d70195a4-3836-414a-81bf-469f43272d92,cdbc2977-3feb-4b78-967e-7636db3986d5,2026-03-30 21:49:45.058277+00:00,pending,0,12.0,5,True,,True,0.0
C_pr17_current_4d_weighted_threshold_3_5_6,5b12d1fe-efd8-46f4-9560-34aaa6407c43,4ce403f9-c662-4caa-8576-c10e71f01c4b,2026-03-31 01:59:08.014041+00:00,approved,1,0.0,0,False,0.0,False,3.0
C_pr17_current_4d_weighted_threshold_3_5_6,7934dd1d-047f-4c64-9dcf-3f652c2d1b15,4ce403f9-c662-4caa-8576-c10e71f01c4b,2026-03-31 03:34:41.729245+00:00,pending,-1,0.0,1,False,0.0,False,3.0
C_pr17_current_4d_weighted_threshold_3_5_6,8cd940e6-6fb4-4d8f-a62d-d6a21905765f,4ce403f9-c662-4caa-8576-c10e71f01c4b,2026-03-31 05:46:54.929329+00:00,pending,1,0.0,2,False,0.0,False,3.0
C_pr17_current_4d_weighted_threshold_3_5_6,5725c07e-90ce-4d79-aac3-6735127d1b7a,4ce403f9-c662-4caa-8576-c10e71f01c4b,2026-03-31 06:02:36.104439+00:00,pending,-1,0.0,3,False,0.0,False,3.0
C_pr17_current_4d_weighted_threshold_3_5_6,7dd1333c-965d-46fa-8cd1-ed9b72007ce5,4ce403f9-c662-4caa-8576-c10e71f01c4b,2026-03-31 06:35:11.901306+00:00,approved,2,0.0,4,False,0.0,False,3.0
C_pr17_current_4d_weighted_threshold_3_5_6,7f7d6da9-f3a4-4237-be63-d847b5f3b455,a57f0fd6-6977-43c3-86bb-cd34ef2a7a29,2026-03-31 18:10:49.250948+00:00,approved,1,11.0,0,True,,True,0.0
C_pr17_current_4d_weighted_threshold_3_5_6,e3cf0aa2-3b6e-45a9-935b-7c56fb19885f,a57f0fd6-6977-43c3-86bb-cd34ef2a7a29,2026-03-31 20:20:24.125026+00:00,approved,1,11.0,1,True,,True,0.0
C_pr17_current_4d_weighted_threshold_3_5_6,5600785f-3893-4234-880e-ab0f18e03b3c,cdbc2977-3feb-4b78-967e-7636db3986d5,2026-03-31 20:24:02.325551+00:00,approved,3,25.0,0,True,,True,0.0
C_pr17_current_4d_weighted_threshold_3_5_6,d6b96bdb-f8f0-4c0f-a3a1-3f7006fcf69f,cdbc2977-3feb-4b78-967e-7636db3986d5,2026-03-31 20:26:49.392983+00:00,approved,2,25.0,1,True,,True,0.0
C_pr17_current_4d_weighted_threshold_3_5_6,f7592fa2-4687-422a-8ae9-ca3a26b929cd,cdbc2977-3feb-4b78-967e-7636db3986d5,2026-03-31 20:29:02.854148+00:00,approved,1,25.0,2,True,,True,0.0
C_pr17_current_4d_weighted_threshold_3_5_6,150f31af-7b42-4c71-9226-0721d60164ba,cdbc2977-3feb-4b78-967e-7636db3986d5,2026-03-31 20:33:13.261973+00:00,pending,0,25.0,3,True,,True,0.0
C_pr17_current_4d_weighted_threshold_3_5_6,bf1336e3-b10d-4adb-8fae-0b5406d30bbf,cdbc2977-3feb-4b78-967e-7636db3986d5,2026-03-31 20:36:56.056225+00:00,pending,0,25.0,4,True,,True,0.0
C_pr17_current_4d_weighted_threshold_3_5_6,078f8190-dbf5-44a0-8b08-9ceab0722247,cdbc2977-3feb-4b78-967e-7636db3986d5,2026-03-31 20:43:05.151991+00:00,pending,1,25.0,5,True,,True,0.0
C_pr17_current_4d_weighted_threshold_3_5_6,b365fdd7-00e7-46cd-8fe4-876074e933fa,a57f0fd6-6977-43c3-86bb-cd34ef2a7a29,2026-03-31 20:57:53.782893+00:00,approved,0,11.0,2,True,,True,0.0
C_pr17_current_4d_weighted_threshold_3_5_6,8a6a0f4a-875f-4cac-bce3-5c8f12d6d28e,cdbc2977-3feb-4b78-967e-7636db3986d5,2026-03-31 21:03:18.343126+00:00,pending,0,25.0,6,True,,True,0.0
C_pr17_current_4d_weighted_threshold_3_5_6,c4fe4383-3f4f-4d8f-8baf-e9b7eb3758cc,cdbc2977-3feb-4b78-967e-7636db3986d5,2026-03-31 21:43:37.923715+00:00,pending,2,25.0,7,True,,True,0.0
C_pr17_current_4d_weighted_threshold_3_5_6,f3a3cb58-e119-402e-8059-455ca8627991,4ce403f9-c662-4caa-8576-c10e71f01c4b,2026-03-31 22:01:00.940832+00:00,pending,0,1.0,5,False,0.0,False,2.0
C_pr17_current_4d_weighted_threshold_3_5_6,f04de763-9d17-452d-a25b-e13b6b9e35d4,4ce403f9-c662-4caa-8576-c10e71f01c4b,2026-03-31 22:50:43.428415+00:00,approved,2,1.0,6,False,0.0,False,2.0
C_pr17_current_4d_weighted_threshold_3_5_6,1c4a7f68-52a7-479f-ac16-a920506233cf,4ce403f9-c662-4caa-8576-c10e71f01c4b,2026-03-31 23:42:13.396359+00:00,approved,1,1.0,7,False,0.0,False,2.0
C_pr17_current_4d_weighted_threshold_3_5_6,e4f24900-3c94-4666-b8fa-337950d85dd6,cdbc2977-3feb-4b78-967e-7636db3986d5,2026-04-01 01:29:18.546288+00:00,approved,1,28.0,0,True,,True,0.0
C_pr17_current_4d_weighted_threshold_3_5_6,c03bdfeb-d916-4174-a088-ebc57cb5710c,4ce403f9-c662-4caa-8576-c10e71f01c4b,2026-04-01 01:30:57.337845+00:00,pending,0,1.0,0,False,0.0,False,2.0
C_pr17_current_4d_weighted_threshold_3_5_6,26f301c6-1032-4830-8a1d-8974adb5a46f,cdbc2977-3feb-4b78-967e-7636db3986d5,2026-04-01 01:34:23.308011+00:00,pending,0,19.0,1,True,,True,0.0
C_pr17_current_4d_weighted_threshold_3_5_6,c9160c2a-0f82-463e-ac55-531a292eaba3,cdbc2977-3feb-4b78-967e-7636db3986d5,2026-04-01 01:39:24.751857+00:00,pending,-1,19.0,2,True,,True,0.0
C_pr17_current_4d_weighted_threshold_3_5_6,6a5c2714-d2c1-4207-980f-683c9d2c6562,cdbc2977-3feb-4b78-967e-7636db3986d5,2026-04-01 01:46:23.481365+00:00,pending,1,19.0,3,True,,True,0.0
C_pr17_current_4d_weighted_threshold_3_5_6,cd5dcf31-f9c6-4480-8e0b-f65909e48a84,4ce403f9-c662-4caa-8576-c10e71f01c4b,2026-04-01 02:10:21.943587+00:00,pending,-1,2.0,1,False,0.0,False,1.0
C_pr17_current_4d_weighted_threshold_3_5_6,4da72f27-6d6f-4f46-94d6-42c721fe300e,4ce403f9-c662-4caa-8576-c10e71f01c4b,2026-04-01 06:13:41.760700+00:00,approved,1,5.0,2,False,2.0,False,1.0
C_pr17_current_4d_weighted_threshold_3_5_6,e7746b1d-9c7f-4f55-9df8-b291b48fbb2e,4ce403f9-c662-4caa-8576-c10e71f01c4b,2026-04-01 06:47:56.528688+00:00,pending,-1,5.0,3,False,2.0,False,1.0
C_pr17_current_4d_weighted_threshold_3_5_6,42c2175a-b8d5-42e3-b618-79dbeca4fe70,4ce403f9-c662-4caa-8576-c10e71f01c4b,2026-04-01 06:51:20.418037+00:00,approved,1,5.0,4,False,2.0,False,1.0
C_pr17_current_4d_weighted_threshold_3_5_6,cd5f315d-bfc8-4891-8418-68dd04735f3f,69ce191d-25f7-4ae6-b5fc-26bdc90e84aa,2026-04-01 12:11:36.117507+00:00,approved,1,14.0,0,True,,True,0.0
C_pr17_current_4d_weighted_threshold_3_5_6,8807163f-7635-493b-b640-2ea25f5acf07,a57f0fd6-6977-43c3-86bb-cd34ef2a7a29,2026-04-01 12:25:20.119410+00:00,approved,0,17.0,0,True,,True,0.0
C_pr17_current_4d_weighted_threshold_3_5_6,c8538cd4-e086-446b-99f0-6f6746eb603b,a57f0fd6-6977-43c3-86bb-cd34ef2a7a29,2026-04-01 12:30:52.667839+00:00,approved,0,17.0,1,True,,True,0.0
C_pr17_current_4d_weighted_threshold_3_5_6,399bdc23-c4c3-4b92-b560-baba6bf2963e,a57f0fd6-6977-43c3-86bb-cd34ef2a7a29,2026-04-01 12:49:13.751538+00:00,approved,2,20.0,2,True,,True,0.0
C_pr17_current_4d_weighted_threshold_3_5_6,606b1d84-efaa-43b8-95ef-24c757184970,a57f0fd6-6977-43c3-86bb-cd34ef2a7a29,2026-04-01 13:15:40.341626+00:00,approved,2,20.0,3,True,,True,0.0
C_pr17_current_4d_weighted_threshold_3_5_6,08b228dc-97fc-4395-bbb5-c87a382fd72a,a57f0fd6-6977-43c3-86bb-cd34ef2a7a29,2026-04-01 13:18:44.552678+00:00,approved,3,20.0,4,True,,True,0.0
C_pr17_current_4d_weighted_threshold_3_5_6,0d593837-5e52-49d1-814e-abf4cadfe479,e118f03c-0bb2-4c81-903d-b02f4aa15f26,2026-04-01 13:44:45.611408+00:00,approved,1,6.0,0,True,,True,0.0
C_pr17_current_4d_weighted_threshold_3_5_6,e57dbd18-64f0-48dd-9554-b8ba9d3fed87,fd9b7f36-2943-4ceb-b658-83c814782ac3,2026-04-01 14:00:53.691342+00:00,approved,2,0.0,0,False,0.0,False,3.0
C_pr17_current_4d_weighted_threshold_3_5_6,0596b538-e408-4864-9f50-202e356eb492,a57f0fd6-6977-43c3-86bb-cd34ef2a7a29,2026-04-01 14:04:55.895077+00:00,approved,1,27.0,5,True,,True,0.0
C_pr17_current_4d_weighted_threshold_3_5_6,957b99dc-a63f-4a41-a36c-aab8491473dd,fd9b7f36-2943-4ceb-b658-83c814782ac3,2026-04-01 14:32:23.911170+00:00,approved,1,0.0,1,False,0.0,False,3.0
C_pr17_current_4d_weighted_threshold_3_5_6,b66e8a20-ccdd-4d2a-8b10-38e16a7835ae,fd9b7f36-2943-4ceb-b658-83c814782ac3,2026-04-01 14:41:54.514284+00:00,approved,1,0.0,2,False,0.0,False,3.0
C_pr17_current_4d_weighted_threshold_3_5_6,3044c66d-4008-415b-af59-dee03a16df46,fd9b7f36-2943-4ceb-b658-83c814782ac3,2026-04-01 14:49:19.735910+00:00,approved,2,0.0,3,False,0.0,False,3.0
C_pr17_current_4d_weighted_threshold_3_5_6,047cb2c4-d749-4d46-9032-14b47b06b4cb,fd9b7f36-2943-4ceb-b658-83c814782ac3,2026-04-01 20:41:19.248054+00:00,approved,2,11.0,4,True,,True,0.0
C_pr17_current_4d_weighted_threshold_3_5_6,018ae8b7-87b0-45ba-83a4-a6e04db42692,fd9b7f36-2943-4ceb-b658-83c814782ac3,2026-04-01 22:57:51.666273+00:00,approved,2,21.0,5,True,,True,0.0
C_pr17_current_4d_weighted_threshold_3_5_6,47d010f4-997f-48bc-a3e9-323050ebdb4d,a57f0fd6-6977-43c3-86bb-cd34ef2a7a29,2026-04-02 00:22:15.509691+00:00,pending,2,52.0,0,True,,True,0.0
C_pr17_current_4d_weighted_threshold_3_5_6,c4154a9f-2da6-40cf-a198-a48326bb73f4,fd9b7f36-2943-4ceb-b658-83c814782ac3,2026-04-02 01:11:32.041307+00:00,approved,2,32.0,0,True,,True,0.0
C_pr17_current_4d_weighted_threshold_3_5_6,12300b25-b197-415c-a274-cec66e904e00,fd9b7f36-2943-4ceb-b658-83c814782ac3,2026-04-02 02:16:41.962346+00:00,approved,3,44.0,1,True,,True,0.0
C_pr17_current_4d_weighted_threshold_3_5_6,9244688f-635d-41c3-b510-99e06c485b98,fd9b7f36-2943-4ceb-b658-83c814782ac3,2026-04-02 03:20:08.389727+00:00,pending,-1,54.0,2,True,,True,0.0
C_pr17_current_4d_weighted_threshold_3_5_6,7b423646-314f-4b5d-b7d8-7594dd2e866e,a57f0fd6-6977-43c3-86bb-cd34ef2a7a29,2026-04-02 03:26:08.458871+00:00,pending,0,59.0,1,True,,True,0.0
C_pr17_current_4d_weighted_threshold_3_5_6,aedbe598-910f-42c5-88a7-14659d933b8f,fd9b7f36-2943-4ceb-b658-83c814782ac3,2026-04-02 03:46:58.986955+00:00,approved,2,65.0,3,True,,True,0.0
C_pr17_current_4d_weighted_threshold_3_5_6,594148de-e785-473d-a6b0-cd51dbd1e652,a57f0fd6-6977-43c3-86bb-cd34ef2a7a29,2026-04-02 03:53:24.392373+00:00,approved,2,64.0,2,True,,True,0.0
C_pr17_current_4d_weighted_threshold_3_5_6,6ea78b7c-bd8a-4a77-a7ca-3a4f0708d8a4,fd9b7f36-2943-4ceb-b658-83c814782ac3,2026-04-02 04:17:41.448007+00:00,approved,4,76.0,4,True,,True,0.0
C_pr17_current_4d_weighted_threshold_3_5_6,8435f474-6db5-432c-bcf2-b6136365bb39,4ce403f9-c662-4caa-8576-c10e71f01c4b,2026-04-02 06:05:33.982550+00:00,approved,2,15.0,0,True,,True,0.0
C_pr17_current_4d_weighted_threshold_3_5_6,aed25b1e-60fd-49f2-b039-86ff426c2586,60264769-e015-4dba-b2f4-6bfdffed12b3,2026-04-02 11:58:32.266106+00:00,approved,3,20.0,0,True,,True,0.0
C_pr17_current_4d_weighted_threshold_3_5_6,69d90c73-d0cc-45fe-836b-9c58cfadb029,a57f0fd6-6977-43c3-86bb-cd34ef2a7a29,2026-04-02 12:27:19.740605+00:00,pending,0,82.0,3,True,,True,0.0
C_pr17_current_4d_weighted_threshold_3_5_6,f809db60-c27d-41f2-afd8-d346412f6734,a57f0fd6-6977-43c3-86bb-cd34ef2a7a29,2026-04-02 13:41:30.321714+00:00,pending,3,82.0,4,True,,True,0.0
C_pr17_current_4d_weighted_threshold_3_5_6,754557ee-3ddb-440c-a47d-b1e0815e0066,a57f0fd6-6977-43c3-86bb-cd34ef2a7a29,2026-04-02 14:03:37.718179+00:00,pending,0,82.0,5,True,,True,0.0
C_pr17_current_4d_weighted_threshold_3_5_6,61de7a3e-4e36-444c-965e-031d55bddde0,a57f0fd6-6977-43c3-86bb-cd34ef2a7a29,2026-04-02 14:14:13.354762+00:00,pending,0,82.0,6,True,,True,0.0
C_pr17_current_4d_weighted_threshold_3_5_6,b5014bfa-2df8-45fe-bb96-4ea7f84c4753,fd9b7f36-2943-4ceb-b658-83c814782ac3,2026-04-02 14:29:51.438084+00:00,approved,2,88.0,5,True,,True,0.0
C_pr17_current_4d_weighted_threshold_3_5_6,2537b9f3-bc4d-4093-9156-ec03a414b729,fd9b7f36-2943-4ceb-b658-83c814782ac3,2026-04-02 14:35:46.954194+00:00,approved,3,88.0,6,True,,True,0.0
C_pr17_current_4d_weighted_threshold_3_5_6,68a4975d-f7e0-4380-9021-5fa359464f37,fd9b7f36-2943-4ceb-b658-83c814782ac3,2026-04-02 15:03:22.036503+00:00,pending,1,88.0,7,True,,True,0.0
C_pr17_current_4d_weighted_threshold_3_5_6,7d38c07a-ef26-4d6f-813d-a47a1c405e48,fd9b7f36-2943-4ceb-b658-83c814782ac3,2026-04-02 15:08:37.601899+00:00,pending,1,88.0,8,True,,True,0.0
C_pr17_current_4d_weighted_threshold_3_5_6,e0b80bb7-71c4-4f6a-8618-386b524c5da0,a57f0fd6-6977-43c3-86bb-cd34ef2a7a29,2026-04-02 15:10:27.817668+00:00,pending,0,93.0,7,True,,True,0.0
C_pr17_current_4d_weighted_threshold_3_5_6,e687d8fb-d481-4f2f-b514-22e30ad3daea,a57f0fd6-6977-43c3-86bb-cd34ef2a7a29,2026-04-02 15:20:33.768218+00:00,pending,1,93.0,8,True,,True,0.0
C_pr17_current_4d_weighted_threshold_3_5_6,60457793-86a9-4b09-aaac-6af1d4e12add,a57f0fd6-6977-43c3-86bb-cd34ef2a7a29,2026-04-02 15:26:05.608653+00:00,pending,1,93.0,9,True,,True,0.0
C_pr17_current_4d_weighted_threshold_3_5_6,28624342-9eed-4cf6-a81f-b560acc8ed8c,fd9b7f36-2943-4ceb-b658-83c814782ac3,2026-04-02 15:27:39.085063+00:00,approved,1,88.0,9,True,,True,0.0
C_pr17_current_4d_weighted_threshold_3_5_6,07fbb638-210d-484e-aad7-2677d744c76f,a57f0fd6-6977-43c3-86bb-cd34ef2a7a29,2026-04-02 15:32:51.390694+00:00,rejected,0,93.0,10,True,,True,0.0
C_pr17_current_4d_weighted_threshold_3_5_6,dd5efadf-e3b7-4e46-bff1-ccd718456500,fd9b7f36-2943-4ceb-b658-83c814782ac3,2026-04-02 15:35:30.473144+00:00,approved,2,88.0,10,True,,True,0.0
C_pr17_current_4d_weighted_threshold_3_5_6,48adc6a9-4e27-4a67-adef-85df32250213,fd9b7f36-2943-4ceb-b658-83c814782ac3,2026-04-02 15:42:48.130369+00:00,pending,0,88.0,11,True,,True,0.0
C_pr17_current_4d_weighted_threshold_3_5_6,05e82829-9f6d-4200-9c30-570df20636ef,fd9b7f36-2943-4ceb-b658-83c814782ac3,2026-04-02 15:47:33.074740+00:00,pending,1,88.0,12,True,,True,0.0
C_pr17_current_4d_weighted_threshold_3_5_6,c3da5793-18c1-4758-b50e-4ea08b468bb2,fd9b7f36-2943-4ceb-b658-83c814782ac3,2026-04-02 16:06:51.093054+00:00,pending,1,88.0,13,True,,True,0.0
C_pr17_current_4d_weighted_threshold_3_5_6,94e3f04c-b673-46e5-aea5-4f14d1c1fe84,fd9b7f36-2943-4ceb-b658-83c814782ac3,2026-04-02 16:12:29.834661+00:00,pending,1,88.0,14,True,,True,0.0
C_pr17_current_4d_weighted_threshold_3_5_6,6fbaac12-47f9-4d3d-8a02-d63316e1fa6e,fd9b7f36-2943-4ceb-b658-83c814782ac3,2026-04-02 19:03:34.671735+00:00,pending,1,88.0,15,True,,True,0.0
C_pr17_current_4d_weighted_threshold_3_5_6,7538e10c-eca9-48d6-8bcf-329f7b9a4995,fd9b7f36-2943-4ceb-b658-83c814782ac3,2026-04-02 19:12:49.866848+00:00,pending,1,88.0,16,True,,True,0.0
C_pr17_current_4d_weighted_threshold_3_5_6,ed7478e8-54dc-420e-a8f3-d00f0aae55b1,fd9b7f36-2943-4ceb-b658-83c814782ac3,2026-04-02 20:12:14.272226+00:00,pending,1,88.0,17,True,,True,0.0
C_pr17_current_4d_weighted_threshold_3_5_6,fb386339-7c81-4b1f-87fa-9f0a91b4b54a,fd9b7f36-2943-4ceb-b658-83c814782ac3,2026-04-02 20:20:42.756171+00:00,approved,1,88.0,18,True,,True,0.0
C_pr17_current_4d_weighted_threshold_3_5_6,ddf53381-f643-4aa7-9c18-eee143162a2c,fd9b7f36-2943-4ceb-b658-83c814782ac3,2026-04-02 20:48:51.345377+00:00,pending,1,88.0,19,True,,True,0.0
C_pr17_current_4d_weighted_threshold_3_5_6,f015b413-a37d-495a-ac9c-e93dc4918523,fd9b7f36-2943-4ceb-b658-83c814782ac3,2026-04-02 21:00:21.434388+00:00,approved,3,88.0,20,True,,True,0.0
C_pr17_current_4d_weighted_threshold_3_5_6,1fb4fab8-cafc-4b64-8054-a70ff66a090f,fd9b7f36-2943-4ceb-b658-83c814782ac3,2026-04-02 21:03:36.178992+00:00,approved,3,88.0,21,True,,True,0.0
C_pr17_current_4d_weighted_threshold_3_5_6,96f6ff4b-d250-47c5-a608-ddd1506c6bd2,a57f0fd6-6977-43c3-86bb-cd34ef2a7a29,2026-04-02 21:04:34.221672+00:00,pending,1,99.0,11,True,,True,0.0
C_pr17_current_4d_weighted_threshold_3_5_6,c66bd2a2-e61c-4abf-9cad-36ce19f2ba85,4ce403f9-c662-4caa-8576-c10e71f01c4b,2026-04-02 22:00:24.019440+00:00,approved,1,51.0,1,True,,True,0.0
C_pr17_current_4d_weighted_threshold_3_5_6,bbe47b48-71fe-4f88-bfe3-e1f48818ad37,4ce403f9-c662-4caa-8576-c10e71f01c4b,2026-04-02 22:55:28.659376+00:00,pending,0,51.0,2,True,,True,0.0
C_pr17_current_4d_weighted_threshold_3_5_6,0267ae46-c20c-4071-95e9-0ff88a9ece8f,4ce403f9-c662-4caa-8576-c10e71f01c4b,2026-04-02 23:01:18.725122+00:00,approved,1,51.0,3,True,,True,0.0
C_pr17_current_4d_weighted_threshold_3_5_6,cc8bfadb-f186-400a-8681-7b408be370e3,4ce403f9-c662-4caa-8576-c10e71f01c4b,2026-04-02 23:38:46.870947+00:00,pending,0,51.0,4,True,,True,0.0
C_pr17_current_4d_weighted_threshold_3_5_6,6e7ef973-6252-427c-9513-fe0955adce5b,4ce403f9-c662-4caa-8576-c10e71f01c4b,2026-04-02 23:49:18.605339+00:00,pending,0,51.0,5,True,,True,0.0
C_pr17_current_4d_weighted_threshold_3_5_6,0f4a173d-2e06-4b22-905b-43fbb8d74d4b,4ce403f9-c662-4caa-8576-c10e71f01c4b,2026-04-02 23:52:04.661510+00:00,pending,0,51.0,6,True,,True,0.0
C_pr17_current_4d_weighted_threshold_3_5_6,5596201d-6a5b-4a5e-80de-8910f05b5a10,4ce403f9-c662-4caa-8576-c10e71f01c4b,2026-04-02 23:55:06.653973+00:00,pending,0,51.0,7,True,,True,0.0
C_pr17_current_4d_weighted_threshold_3_5_6,4af01bf0-135e-48e0-94d9-fe0a270a9404,4ce403f9-c662-4caa-8576-c10e71f01c4b,2026-04-02 23:57:36.854359+00:00,pending,0,51.0,8,True,,True,0.0
C_pr17_current_4d_weighted_threshold_3_5_6,66b09d28-15a6-4b66-8a4b-28a7773b7953,4ce403f9-c662-4caa-8576-c10e71f01c4b,2026-04-03 00:17:21.893646+00:00,pending,2,60.0,0,True,,True,0.0
C_pr17_current_4d_weighted_threshold_3_5_6,e3eea416-e0a2-4953-8977-869eafb6c355,4ce403f9-c662-4caa-8576-c10e71f01c4b,2026-04-03 06:35:04.424526+00:00,pending,0,69.0,1,True,,True,0.0
C_pr17_current_4d_weighted_threshold_3_5_6,996c89f0-177b-43b1-8252-60b346c78bd6,4ce403f9-c662-4caa-8576-c10e71f01c4b,2026-04-03 06:42:21.047785+00:00,pending,0,69.0,2,True,,True,0.0
C_pr17_current_4d_weighted_threshold_3_5_6,ef462d91-2d83-4acf-a6f7-8abad2744856,4ce403f9-c662-4caa-8576-c10e71f01c4b,2026-04-03 06:52:20.285591+00:00,pending,1,69.0,3,True,,True,0.0
C_pr17_current_4d_weighted_threshold_3_5_6,641522c1-8f0b-4b68-a4b0-2a883cf07321,4ce403f9-c662-4caa-8576-c10e71f01c4b,2026-04-03 07:11:19.151774+00:00,approved,1,69.0,4,True,,True,0.0
C_pr17_current_4d_weighted_threshold_3_5_6,d5ec5e8a-80bb-4f6d-8b69-ae3e0db13986,4ce403f9-c662-4caa-8576-c10e71f01c4b,2026-04-03 07:21:11.190958+00:00,approved,1,69.0,5,True,,True,0.0
C_pr17_current_4d_weighted_threshold_3_5_6,b938d7f0-383a-4aec-8cc3-f6889cb94d2a,4ce403f9-c662-4caa-8576-c10e71f01c4b,2026-04-03 07:29:34.429285+00:00,approved,1,69.0,6,True,,True,0.0
C_pr17_current_4d_weighted_threshold_3_5_6,c7c4a630-2143-467e-a791-39c5f22d4944,4ce403f9-c662-4caa-8576-c10e71f01c4b,2026-04-03 07:42:42.221449+00:00,approved,1,69.0,7,True,,True,0.0
C_pr17_current_4d_weighted_threshold_3_5_6,2a76ef0b-eac8-41c7-905d-1d00ddcc76ad,4ce403f9-c662-4caa-8576-c10e71f01c4b,2026-04-03 07:50:07.155085+00:00,pending,1,69.0,8,True,,True,0.0
C_pr17_current_4d_weighted_threshold_3_5_6,a4915154-ebf7-493a-98fc-98642b777d58,cdbc2977-3feb-4b78-967e-7636db3986d5,2026-04-03 12:49:56.084612+00:00,approved,1,48.0,0,True,,True,0.0
C_pr17_current_4d_weighted_threshold_3_5_6,ee7c8d2f-cacb-4888-800d-3d7ad12616cc,cdbc2977-3feb-4b78-967e-7636db3986d5,2026-04-03 12:58:12.626244+00:00,approved,1,48.0,1,True,,True,0.0
C_pr17_current_4d_weighted_threshold_3_5_6,d804e43e-f767-40c9-97b5-18926c81a87a,cdbc2977-3feb-4b78-967e-7636db3986d5,2026-04-03 13:13:52.696361+00:00,pending,0,48.0,2,True,,True,0.0
C_pr17_current_4d_weighted_threshold_3_5_6,1500e9df-7a3b-4aa5-826a-9b84a46d112b,cdbc2977-3feb-4b78-967e-7636db3986d5,2026-04-03 13:22:13.207429+00:00,pending,0,48.0,3,True,,True,0.0
C_pr17_current_4d_weighted_threshold_3_5_6,a35dba67-2364-4128-bfe9-d604fc968fd9,a57f0fd6-6977-43c3-86bb-cd34ef2a7a29,2026-04-03 13:31:09.411243+00:00,pending,1,129.0,0,True,,True,0.0
C_pr17_current_4d_weighted_threshold_3_5_6,2bf0597e-eb3a-44ee-b501-ff1e007f43d5,cdbc2977-3feb-4b78-967e-7636db3986d5,2026-04-03 21:02:12.691450+00:00,pending,2,46.0,4,True,,True,0.0
C_pr17_current_4d_weighted_threshold_3_5_6,d048b407-a504-4fe8-a492-2eece7147796,68094f87-01d0-4966-aae7-21eb452e918d,2026-04-03 22:34:17.329054+00:00,approved,1,23.0,0,True,,True,0.0
C_pr17_current_4d_weighted_threshold_3_5_6,595e9508-6dec-41f3-81c9-16025ad09dd0,4ce403f9-c662-4caa-8576-c10e71f01c4b,2026-04-03 23:31:50.582049+00:00,approved,1,75.0,9,True,,True,0.0
C_pr17_current_4d_weighted_threshold_3_5_6,6e411a74-d4bb-4d46-87a1-884a60808f5d,4ce403f9-c662-4caa-8576-c10e71f01c4b,2026-04-03 23:49:35.761407+00:00,approved,1,75.0,10,True,,True,0.0
C_pr17_current_4d_weighted_threshold_3_5_6,6155bd7f-1849-4d19-9ae0-73370015b6b8,4ce403f9-c662-4caa-8576-c10e71f01c4b,2026-04-04 00:20:45.324255+00:00,pending,0,84.0,0,True,,True,0.0
C_pr17_current_4d_weighted_threshold_3_5_6,80b0123a-2fb9-4483-9116-a3cdc7ec6dc4,4ce403f9-c662-4caa-8576-c10e71f01c4b,2026-04-04 00:29:04.106321+00:00,pending,0,93.0,1,True,,True,0.0
C_pr17_current_4d_weighted_threshold_3_5_6,07e2310f-c1d8-4d9e-851f-6900d29df881,4ce403f9-c662-4caa-8576-c10e71f01c4b,2026-04-04 00:45:06.007223+00:00,approved,1,93.0,2,True,,True,0.0
C_pr17_current_4d_weighted_threshold_3_5_6,f6d230fd-898e-41a9-9746-b3043d5deccb,4ce403f9-c662-4caa-8576-c10e71f01c4b,2026-04-04 00:57:10.913673+00:00,pending,-1,93.0,3,True,,True,0.0
C_pr17_current_4d_weighted_threshold_3_5_6,54d84fa7-62f9-418b-bf56-7b00c31baa24,4ce403f9-c662-4caa-8576-c10e71f01c4b,2026-04-04 01:12:40.420062+00:00,approved,1,93.0,4,True,,True,0.0
C_pr17_current_4d_weighted_threshold_3_5_6,b77390c8-efa9-4c7a-afe1-2c276252e22b,4ce403f9-c662-4caa-8576-c10e71f01c4b,2026-04-04 01:20:27.147637+00:00,pending,1,93.0,5,True,,True,0.0
C_pr17_current_4d_weighted_threshold_3_5_6,f5c9980f-5ddf-4029-a3f7-1cd0493bf794,4ce403f9-c662-4caa-8576-c10e71f01c4b,2026-04-04 02:56:42.333439+00:00,approved,1,96.0,6,True,,True,0.0
C_pr17_current_4d_weighted_threshold_3_5_6,8209cd5b-28e0-43d0-af19-410fadcca6db,4ce403f9-c662-4caa-8576-c10e71f01c4b,2026-04-04 03:08:35.068382+00:00,approved,1,96.0,7,True,,True,0.0
C_pr17_current_4d_weighted_threshold_3_5_6,9953d1ec-7be6-425d-8b9c-57e19551a704,4ce403f9-c662-4caa-8576-c10e71f01c4b,2026-04-04 03:40:55.787998+00:00,approved,1,96.0,8,True,,True,0.0
C_pr17_current_4d_weighted_threshold_3_5_6,af979dfd-1137-49f0-96a4-898c512e789f,fd9b7f36-2943-4ceb-b658-83c814782ac3,2026-04-04 05:00:15.738432+00:00,pending,1,112.0,0,True,,True,0.0
C_pr17_current_4d_weighted_threshold_3_5_6,e8999221-7cf3-43bb-8d26-6c1fd19e9aed,fd9b7f36-2943-4ceb-b658-83c814782ac3,2026-04-04 05:06:45.538998+00:00,pending,1,112.0,1,True,,True,0.0
C_pr17_current_4d_weighted_threshold_3_5_6,cd74add1-1863-4364-86dc-2567c80cd3d7,fd9b7f36-2943-4ceb-b658-83c814782ac3,2026-04-04 05:15:56.234550+00:00,approved,2,113.0,2,True,,True,0.0
C_pr17_current_4d_weighted_threshold_3_5_6,9cb4c561-2fda-44af-9e30-1cc83ef9a9e4,fd9b7f36-2943-4ceb-b658-83c814782ac3,2026-04-04 05:24:24.333155+00:00,pending,1,113.0,3,True,,True,0.0
C_pr17_current_4d_weighted_threshold_3_5_6,0cf88b99-2427-42c9-9b29-bef337f8be9d,fd9b7f36-2943-4ceb-b658-83c814782ac3,2026-04-04 05:33:02.696552+00:00,approved,2,113.0,4,True,,True,0.0
C_pr17_current_4d_weighted_threshold_3_5_6,28d0f223-498b-4aeb-a392-a63b8b24dab2,fd9b7f36-2943-4ceb-b658-83c814782ac3,2026-04-04 05:39:54.861459+00:00,approved,1,113.0,5,True,,True,0.0
C_pr17_current_4d_weighted_threshold_3_5_6,79f0b272-93e9-4f14-bdfc-511045f14ea7,fd9b7f36-2943-4ceb-b658-83c814782ac3,2026-04-04 05:55:45.983612+00:00,pending,1,113.0,6,True,,True,0.0
C_pr17_current_4d_weighted_threshold_3_5_6,02b5e106-b701-4655-b445-3d43f7da7876,fd9b7f36-2943-4ceb-b658-83c814782ac3,2026-04-04 06:15:27.955761+00:00,approved,2,113.0,7,True,,True,0.0
C_pr17_current_4d_weighted_threshold_3_5_6,1a223481-c4a6-4217-855c-6741dd0744a1,4ce403f9-c662-4caa-8576-c10e71f01c4b,2026-04-04 06:27:26.216422+00:00,approved,2,99.0,9,True,,True,0.0
C_pr17_current_4d_weighted_threshold_3_5_6,d5664a8a-8b9b-4661-a5fe-5393d6b50cf4,4ce403f9-c662-4caa-8576-c10e71f01c4b,2026-04-04 06:59:51.709528+00:00,approved,3,103.0,10,True,,True,0.0
C_pr17_current_4d_weighted_threshold_3_5_6,888eb6df-d596-42ab-83bb-b5d188312d3e,4ce403f9-c662-4caa-8576-c10e71f01c4b,2026-04-04 07:09:15.937044+00:00,pending,1,103.0,11,True,,True,0.0
C_pr17_current_4d_weighted_threshold_3_5_6,72a5ad2a-1cd3-454e-812b-2537998c12cd,4ce403f9-c662-4caa-8576-c10e71f01c4b,2026-04-04 07:36:21.827961+00:00,approved,2,103.0,12,True,,True,0.0
C_pr17_current_4d_weighted_threshold_3_5_6,1c54a2cf-d893-426e-870d-e0e5c3035b30,cdbc2977-3feb-4b78-967e-7636db3986d5,2026-04-04 13:51:29.205949+00:00,pending,0,65.0,0,True,,True,0.0
C_pr17_current_4d_weighted_threshold_3_5_6,f0349c75-43c2-4673-b279-55079c79e162,cdbc2977-3feb-4b78-967e-7636db3986d5,2026-04-04 13:56:14.488072+00:00,pending,0,65.0,1,True,,True,0.0
C_pr17_current_4d_weighted_threshold_3_5_6,1889f111-4475-4e41-807c-024110eec4f3,cdbc2977-3feb-4b78-967e-7636db3986d5,2026-04-04 16:19:26.735483+00:00,pending,1,65.0,2,True,,True,0.0
C_pr17_current_4d_weighted_threshold_3_5_6,d0d298bf-95d8-4093-b991-f51c9f5cadb0,a57f0fd6-6977-43c3-86bb-cd34ef2a7a29,2026-04-04 16:42:27.283839+00:00,pending,0,149.0,0,True,,True,0.0
C_pr17_current_4d_weighted_threshold_3_5_6,ffcdcdbf-f956-402c-888a-526d0a56bcbf,a57f0fd6-6977-43c3-86bb-cd34ef2a7a29,2026-04-04 16:47:13.564959+00:00,pending,0,149.0,1,True,,True,0.0
C_pr17_current_4d_weighted_threshold_3_5_6,a6000878-affc-49e7-a29d-ec47ff8d9727,fd9b7f36-2943-4ceb-b658-83c814782ac3,2026-04-04 16:48:26.184012+00:00,pending,1,115.0,8,True,,True,0.0
C_pr17_current_4d_weighted_threshold_3_5_6,aa38dbdb-517f-4a6c-8fa3-a314e1d262bf,a57f0fd6-6977-43c3-86bb-cd34ef2a7a29,2026-04-04 16:51:07.557220+00:00,pending,0,149.0,2,True,,True,0.0
C_pr17_current_4d_weighted_threshold_3_5_6,ee877acd-baaf-4342-b34a-a8d5cfd19840,a57f0fd6-6977-43c3-86bb-cd34ef2a7a29,2026-04-04 16:54:55.300756+00:00,pending,0,149.0,3,True,,True,0.0
C_pr17_current_4d_weighted_threshold_3_5_6,2e78c097-7b41-4c6d-85ee-087bb3b1bcb1,fd9b7f36-2943-4ceb-b658-83c814782ac3,2026-04-04 17:01:29.948654+00:00,pending,1,115.0,9,True,,True,0.0
C_pr17_current_4d_weighted_threshold_3_5_6,373912d9-ffb4-4760-8853-7512c64ce1f0,fd9b7f36-2943-4ceb-b658-83c814782ac3,2026-04-04 17:39:33.018229+00:00,pending,0,115.0,10,True,,True,0.0
C_pr17_current_4d_weighted_threshold_3_5_6,dffd1b1f-84bd-4285-b0a3-2a7c0e5f36ef,fd9b7f36-2943-4ceb-b658-83c814782ac3,2026-04-04 17:47:02.449508+00:00,approved,2,115.0,11,True,,True,0.0
C_pr17_current_4d_weighted_threshold_3_5_6,f97ced0b-3518-4a8c-b151-8608a14a2a39,fd9b7f36-2943-4ceb-b658-83c814782ac3,2026-04-04 17:51:36.948182+00:00,approved,1,115.0,12,True,,True,0.0
C_pr17_current_4d_weighted_threshold_3_5_6,ff8bc529-880a-4a01-81cf-691330b75f0b,fd9b7f36-2943-4ceb-b658-83c814782ac3,2026-04-04 18:14:04.658018+00:00,pending,1,115.0,13,True,,True,0.0
C_pr17_current_4d_weighted_threshold_3_5_6,f85fdb8e-2ea5-42d1-8e73-2b1ddb8c66bf,fd9b7f36-2943-4ceb-b658-83c814782ac3,2026-04-04 18:19:21.570919+00:00,approved,1,115.0,14,True,,True,0.0
C_pr17_current_4d_weighted_threshold_3_5_6,e09c5f4b-7115-4c12-a36f-92d32c498044,cdbc2977-3feb-4b78-967e-7636db3986d5,2026-04-04 19:31:59.949779+00:00,approved,1,65.0,3,True,,True,0.0
C_pr17_current_4d_weighted_threshold_3_5_6,e1cdc422-3c9f-4b2e-ac9d-0200440611f1,fd9b7f36-2943-4ceb-b658-83c814782ac3,2026-04-04 22:00:53.826937+00:00,approved,1,115.0,15,True,,True,0.0
C_pr17_current_4d_weighted_threshold_3_5_6,ddd5e090-5f3f-4bd3-a0a3-73b598164a51,4ce403f9-c662-4caa-8576-c10e71f01c4b,2026-04-04 23:43:56.173386+00:00,pending,0,110.0,13,True,,True,0.0
C_pr17_current_4d_weighted_threshold_3_5_6,cc1649b3-8abd-46e9-858f-52aab762c79a,4ce403f9-c662-4caa-8576-c10e71f01c4b,2026-04-04 23:55:36.438001+00:00,pending,1,110.0,14,True,,True,0.0
C_pr17_current_4d_weighted_threshold_3_5_6,4d3b3d1c-100f-4363-9428-3a3e6aafa430,4ce403f9-c662-4caa-8576-c10e71f01c4b,2026-04-05 01:12:10.384931+00:00,approved,3,128.0,0,True,,True,0.0
C_pr17_current_4d_weighted_threshold_3_5_6,23c3000a-bcc1-43f7-b986-8307f23e765d,4ce403f9-c662-4caa-8576-c10e71f01c4b,2026-04-05 01:31:06.040245+00:00,approved,2,128.0,1,True,,True,0.0
C_pr17_current_4d_weighted_threshold_3_5_6,4dc689aa-9b31-4538-bbaa-4e0a4eb698b3,4ce403f9-c662-4caa-8576-c10e71f01c4b,2026-04-05 02:19:42.240499+00:00,approved,3,127.0,2,True,,True,0.0
C_pr17_current_4d_weighted_threshold_3_5_6,29d2c3b9-a751-4734-9d9b-e8edd5dd7d9e,4ce403f9-c662-4caa-8576-c10e71f01c4b,2026-04-05 02:51:26.065753+00:00,approved,2,127.0,3,True,,True,0.0
C_pr17_current_4d_weighted_threshold_3_5_6,fedffe3c-5938-4ac4-9d66-4e9967beb2ad,4ce403f9-c662-4caa-8576-c10e71f01c4b,2026-04-05 03:07:45.075419+00:00,approved,1,127.0,4,True,,True,0.0
C_pr17_current_4d_weighted_threshold_3_5_6,bacd3a57-72ce-4ce9-8339-27b25ed3c349,fd9b7f36-2943-4ceb-b658-83c814782ac3,2026-04-05 03:09:45.200744+00:00,approved,2,137.0,0,True,,True,0.0
C_pr17_current_4d_weighted_threshold_3_5_6,34390624-f5ee-48d5-9b38-d8608aab6140,fd9b7f36-2943-4ceb-b658-83c814782ac3,2026-04-05 03:19:50.172222+00:00,approved,1,137.0,1,True,,True,0.0
C_pr17_current_4d_weighted_threshold_3_5_6,155ddb56-d201-4a31-9968-faae4a2d4d7c,fd9b7f36-2943-4ceb-b658-83c814782ac3,2026-04-05 03:31:51.829993+00:00,approved,1,137.0,2,True,,True,0.0
C_pr17_current_4d_weighted_threshold_3_5_6,48748549-9315-49a8-bca9-b315c6117fa0,fd9b7f36-2943-4ceb-b658-83c814782ac3,2026-04-05 03:37:34.537199+00:00,pending,-1,137.0,3,True,,True,0.0
C_pr17_current_4d_weighted_threshold_3_5_6,76071fe0-82f5-44dd-b7b6-ea94fbb72928,fd9b7f36-2943-4ceb-b658-83c814782ac3,2026-04-05 03:43:53.012512+00:00,approved,2,137.0,4,True,,True,0.0
C_pr17_current_4d_weighted_threshold_3_5_6,3e558a01-2a47-42bc-ab73-b75a623e6cd7,fd9b7f36-2943-4ceb-b658-83c814782ac3,2026-04-05 03:51:35.234202+00:00,approved,3,137.0,5,True,,True,0.0
C_pr17_current_4d_weighted_threshold_3_5_6,5c5232c8-f4e7-41b4-96b5-5af27df07b3e,fd9b7f36-2943-4ceb-b658-83c814782ac3,2026-04-05 03:54:25.215398+00:00,approved,1,137.0,6,True,,True,0.0
C_pr17_current_4d_weighted_threshold_3_5_6,6b289a9d-a9a0-4812-a2ba-e2aaeebb27fe,4ce403f9-c662-4caa-8576-c10e71f01c4b,2026-04-05 07:44:09.224050+00:00,approved,1,129.0,5,True,,True,0.0
C_pr17_current_4d_weighted_threshold_3_5_6,016a545f-fea5-4d60-9324-c5db4b2891b7,4ce403f9-c662-4caa-8576-c10e71f01c4b,2026-04-05 08:01:58.515433+00:00,approved,1,129.0,6,True,,True,0.0
C_pr17_current_4d_weighted_threshold_3_5_6,72a7dbe6-5890-4ffd-944a-cbfb084d4a98,4ce403f9-c662-4caa-8576-c10e71f01c4b,2026-04-05 21:09:39.687849+00:00,pending,0,129.0,7,True,,True,0.0
C_pr17_current_4d_weighted_threshold_3_5_6,8579f12a-1e70-4be7-92e4-8922e5c028ab,4ce403f9-c662-4caa-8576-c10e71f01c4b,2026-04-05 21:48:44.007998+00:00,pending,1,129.0,8,True,,True,0.0
C_pr17_current_4d_weighted_threshold_3_5_6,eefcaf09-f970-4b73-8542-351060a7638e,4ce403f9-c662-4caa-8576-c10e71f01c4b,2026-04-05 23:02:52.094262+00:00,approved,2,129.0,9,True,,True,0.0
C_pr17_current_4d_weighted_threshold_3_5_6,858dea0b-a382-4f19-bc11-05cfae313027,69ce191d-25f7-4ae6-b5fc-26bdc90e84aa,2026-04-06 00:36:15.982864+00:00,pending,0,48.0,0,True,,True,0.0
C_pr17_current_4d_weighted_threshold_3_5_6,954da555-0f8c-4414-8d61-729084046daf,fd9b7f36-2943-4ceb-b658-83c814782ac3,2026-04-06 01:57:16.735908+00:00,pending,1,112.0,0,True,,True,0.0
C_pr17_current_4d_weighted_threshold_3_5_6,87d7f119-8230-463b-a400-fa3784dd8514,fd9b7f36-2943-4ceb-b658-83c814782ac3,2026-04-06 02:06:30.536738+00:00,approved,-1,112.0,1,True,,True,0.0
C_pr17_current_4d_weighted_threshold_3_5_6,5c0d3d21-afa7-4fb0-b3a8-fff4c95b23ed,fd9b7f36-2943-4ceb-b658-83c814782ac3,2026-04-06 02:11:33.826601+00:00,approved,1,112.0,2,True,,True,0.0
C_pr17_current_4d_weighted_threshold_3_5_6,f9ec9e33-6c22-4617-9abb-d12bd455c1bf,fd9b7f36-2943-4ceb-b658-83c814782ac3,2026-04-06 02:15:30.481751+00:00,approved,0,112.0,3,True,,True,0.0
C_pr17_current_4d_weighted_threshold_3_5_6,699d29b3-84e4-4152-b569-14b7b128a820,fd9b7f36-2943-4ceb-b658-83c814782ac3,2026-04-06 02:48:24.458943+00:00,approved,1,105.0,4,True,,True,0.0
C_pr17_current_4d_weighted_threshold_3_5_6,b0161d26-176e-4327-813c-6b47794da10a,fd9b7f36-2943-4ceb-b658-83c814782ac3,2026-04-06 02:51:33.230316+00:00,approved,0,105.0,5,True,,True,0.0
C_pr17_current_4d_weighted_threshold_3_5_6,9e150024-14a9-4f20-a24c-4351c021100d,a57f0fd6-6977-43c3-86bb-cd34ef2a7a29,2026-04-06 03:55:16.590886+00:00,pending,0,164.0,0,True,,True,0.0
C_pr17_current_4d_weighted_threshold_3_5_6,601b7e4f-aaed-454a-88a3-0a910e2e19c0,4ce403f9-c662-4caa-8576-c10e71f01c4b,2026-04-06 04:02:44.937401+00:00,approved,2,149.0,0,True,,True,0.0
C_pr17_current_4d_weighted_threshold_3_5_6,cea27375-c0f5-443f-9b08-15cf622a3585,a57f0fd6-6977-43c3-86bb-cd34ef2a7a29,2026-04-06 04:09:43.778004+00:00,pending,1,173.0,1,True,,True,0.0
C_pr17_current_4d_weighted_threshold_3_5_6,a47b70b5-6919-4204-8a4a-4da3071bb253,a57f0fd6-6977-43c3-86bb-cd34ef2a7a29,2026-04-06 04:22:09.972342+00:00,pending,1,173.0,2,True,,True,0.0
C_pr17_current_4d_weighted_threshold_3_5_6,be645576-35df-4a80-bf66-a88b59f827d2,a57f0fd6-6977-43c3-86bb-cd34ef2a7a29,2026-04-06 04:36:35.970545+00:00,pending,0,173.0,3,True,,True,0.0
C_pr17_current_4d_weighted_threshold_3_5_6,113018f5-0a2f-43c2-96ad-0d175d91e7a3,a57f0fd6-6977-43c3-86bb-cd34ef2a7a29,2026-04-06 04:47:29.576068+00:00,pending,1,173.0,4,True,,True,0.0
C_pr17_current_4d_weighted_threshold_3_5_6,40b82d8e-7d2c-4e68-bebe-6d03c1b3356d,4ce403f9-c662-4caa-8576-c10e71f01c4b,2026-04-06 06:12:41.382321+00:00,pending,0,160.0,1,True,,True,0.0
C_pr17_current_4d_weighted_threshold_3_5_6,6e9d11a7-8c54-46f9-9b6d-4648faf54ffc,4ce403f9-c662-4caa-8576-c10e71f01c4b,2026-04-06 06:21:17.063849+00:00,approved,2,160.0,2,True,,True,0.0
C_pr17_current_4d_weighted_threshold_3_5_6,a86b8cc8-4a40-47de-9a3a-6b35a757e0bc,a57f0fd6-6977-43c3-86bb-cd34ef2a7a29,2026-04-06 11:10:00.489120+00:00,pending,0,162.0,5,True,,True,0.0
C_pr17_current_4d_weighted_threshold_3_5_6,d2f9bc1a-322c-416f-8390-901f4414a2d0,a57f0fd6-6977-43c3-86bb-cd34ef2a7a29,2026-04-06 11:18:49.013117+00:00,pending,0,162.0,6,True,,True,0.0
C_pr17_current_4d_weighted_threshold_3_5_6,543c8110-5c01-4de6-adce-17ab51b5e722,a57f0fd6-6977-43c3-86bb-cd34ef2a7a29,2026-04-06 11:25:01.235512+00:00,pending,0,162.0,7,True,,True,0.0
C_pr17_current_4d_weighted_threshold_3_5_6,9b684f4b-85f0-4ca6-a5f1-c6d5664c7967,a57f0fd6-6977-43c3-86bb-cd34ef2a7a29,2026-04-06 12:51:59.061007+00:00,pending,1,158.0,8,True,,True,0.0
C_pr17_current_4d_weighted_threshold_3_5_6,8676c547-0dc4-4415-9f2b-c673ee67d98d,fd9b7f36-2943-4ceb-b658-83c814782ac3,2026-04-06 15:14:23.379857+00:00,approved,2,68.0,6,True,,True,0.0
C_pr17_current_4d_weighted_threshold_3_5_6,63c85812-22b0-47f3-ab3a-8387dc34eb14,fd9b7f36-2943-4ceb-b658-83c814782ac3,2026-04-06 15:24:30.390242+00:00,approved,4,68.0,7,True,,True,0.0
C_pr17_current_4d_weighted_threshold_3_5_6,1befaada-68f1-45b2-910a-82f7194d7280,fd9b7f36-2943-4ceb-b658-83c814782ac3,2026-04-06 15:33:54.316758+00:00,approved,2,68.0,8,True,,True,0.0
C_pr17_current_4d_weighted_threshold_3_5_6,785706a6-eacd-453c-9d85-723db483f64e,fd9b7f36-2943-4ceb-b658-83c814782ac3,2026-04-06 15:43:20.136528+00:00,approved,3,68.0,9,True,,True,0.0
C_pr17_current_4d_weighted_threshold_3_5_6,3d580b12-f012-4fd4-a811-b9c3661b7106,60264769-e015-4dba-b2f4-6bfdffed12b3,2026-04-06 15:58:48.116866+00:00,pending,1,13.0,0,True,,True,0.0
C_pr17_current_4d_weighted_threshold_3_5_6,acf06857-4004-416b-bc06-5697fe5d2d89,fd9b7f36-2943-4ceb-b658-83c814782ac3,2026-04-06 18:14:25.083161+00:00,approved,4,68.0,10,True,,True,0.0
C_pr17_current_4d_weighted_threshold_3_5_6,5103ad95-4d0e-4712-bd85-cc0298497305,fd9b7f36-2943-4ceb-b658-83c814782ac3,2026-04-06 18:35:12.575385+00:00,approved,3,68.0,11,True,,True,0.0
C_pr17_current_4d_weighted_threshold_3_5_6,d513157c-2d57-41ce-a9a1-4281b5b5b5d8,fd9b7f36-2943-4ceb-b658-83c814782ac3,2026-04-06 18:39:09.364658+00:00,approved,4,68.0,12,True,,True,0.0
C_pr17_current_4d_weighted_threshold_3_5_6,dd2f4e62-5d07-48a9-9ae3-899a1ac4d4bb,fd9b7f36-2943-4ceb-b658-83c814782ac3,2026-04-06 18:41:34.724245+00:00,approved,3,68.0,13,True,,True,0.0
C_pr17_current_4d_weighted_threshold_3_5_6,82430952-49af-4214-8aae-b6bb6d23be04,fd9b7f36-2943-4ceb-b658-83c814782ac3,2026-04-06 20:25:15.203249+00:00,approved,3,68.0,14,True,,True,0.0
C_pr17_current_4d_weighted_threshold_3_5_6,ae402ff9-4610-43da-94bc-c6b1100bfb66,fd9b7f36-2943-4ceb-b658-83c814782ac3,2026-04-06 20:33:01.691251+00:00,approved,3,68.0,15,True,,True,0.0
C_pr17_current_4d_weighted_threshold_3_5_6,3056fba3-8a67-4e48-b7da-67e3bd953310,fd9b7f36-2943-4ceb-b658-83c814782ac3,2026-04-06 20:44:26.502166+00:00,approved,3,68.0,16,True,,True,0.0
C_pr17_current_4d_weighted_threshold_3_5_6,8cadd9ac-7f22-4a46-9d61-600c245038d7,a57f0fd6-6977-43c3-86bb-cd34ef2a7a29,2026-04-06 23:06:44.891040+00:00,pending,1,150.0,9,True,,True,0.0
C_pr17_current_4d_weighted_threshold_3_5_6,57c8bba6-0f23-452f-85aa-5650e286d3cf,4ce403f9-c662-4caa-8576-c10e71f01c4b,2026-04-07 01:11:20.558374+00:00,approved,1,137.0,0,True,,True,0.0
C_pr17_current_4d_weighted_threshold_3_5_6,2d84081c-6a0a-49de-8cce-59c1fa69b879,a57f0fd6-6977-43c3-86bb-cd34ef2a7a29,2026-04-07 01:35:37.067292+00:00,pending,0,165.0,0,True,,True,0.0
C_pr17_current_4d_weighted_threshold_3_5_6,d9c2fc3d-5406-49a4-a12a-9572d9454856,a57f0fd6-6977-43c3-86bb-cd34ef2a7a29,2026-04-07 01:48:52.989226+00:00,pending,0,166.0,1,True,,True,0.0
C_pr17_current_4d_weighted_threshold_3_5_6,457a89ac-7b3d-43c1-9323-fe1835bbb58a,4ce403f9-c662-4caa-8576-c10e71f01c4b,2026-04-07 01:55:26.805566+00:00,pending,1,137.0,1,True,,True,0.0
C_pr17_current_4d_weighted_threshold_3_5_6,525c0f6b-5643-4898-badf-a01bac16c759,4ce403f9-c662-4caa-8576-c10e71f01c4b,2026-04-07 02:09:32.542401+00:00,approved,1,137.0,2,True,,True,0.0
C_pr17_current_4d_weighted_threshold_3_5_6,0651c7b1-69d2-4cba-b7e2-87561cae26dc,fd9b7f36-2943-4ceb-b658-83c814782ac3,2026-04-07 02:23:24.597168+00:00,approved,3,88.0,0,True,,True,0.0
C_pr17_current_4d_weighted_threshold_3_5_6,6d3d999d-b5b1-483f-ac7e-92cc41e3f5e1,fd9b7f36-2943-4ceb-b658-83c814782ac3,2026-04-07 02:28:26.231593+00:00,approved,3,88.0,1,True,,True,0.0
C_pr17_current_4d_weighted_threshold_3_5_6,eefda393-00ef-4da7-b31d-9baa47742560,fd9b7f36-2943-4ceb-b658-83c814782ac3,2026-04-07 03:06:51.933913+00:00,approved,2,88.0,2,True,,True,0.0
C_pr17_current_4d_weighted_threshold_3_5_6,864bdb9c-b795-452f-97c1-3420675b0324,fd9b7f36-2943-4ceb-b658-83c814782ac3,2026-04-07 03:15:33.904961+00:00,pending,2,88.0,3,True,,True,0.0
C_pr17_current_4d_weighted_threshold_3_5_6,eb30ddd1-8650-4782-9694-cafed510cbc8,4ce403f9-c662-4caa-8576-c10e71f01c4b,2026-04-07 03:44:32.843208+00:00,approved,2,128.0,3,True,,True,0.0
C_pr17_current_4d_weighted_threshold_3_5_6,7ada756d-274c-4da0-9347-e6ac9e89f8fd,4ce403f9-c662-4caa-8576-c10e71f01c4b,2026-04-07 06:29:32.735248+00:00,approved,1,128.0,4,True,,True,0.0
C_pr17_current_4d_weighted_threshold_3_5_6,86010be0-64f0-4747-a84d-60368e7f0545,4ce403f9-c662-4caa-8576-c10e71f01c4b,2026-04-07 08:10:17.635781+00:00,approved,1,130.0,5,True,,True,0.0
C_pr17_current_4d_weighted_threshold_3_5_6,56784da5-bfe8-42a6-9701-076ab932c04a,4ce403f9-c662-4caa-8576-c10e71f01c4b,2026-04-07 08:13:43.864689+00:00,approved,2,130.0,6,True,,True,0.0
C_pr17_current_4d_weighted_threshold_3_5_6,ca7d29c7-9d55-4e39-8beb-3a9e5b36a06b,a57f0fd6-6977-43c3-86bb-cd34ef2a7a29,2026-04-07 13:35:44.155143+00:00,pending,0,160.0,2,True,,True,0.0
C_pr17_current_4d_weighted_threshold_3_5_6,a05645ac-a209-41c0-b765-37829acbb666,a57f0fd6-6977-43c3-86bb-cd34ef2a7a29,2026-04-07 13:44:09.240293+00:00,pending,1,160.0,3,True,,True,0.0
C_pr17_current_4d_weighted_threshold_3_5_6,19c7c4fb-1713-4fb1-b5e5-780378d45187,a57f0fd6-6977-43c3-86bb-cd34ef2a7a29,2026-04-07 13:54:52.583140+00:00,approved,1,160.0,4,True,,True,0.0
C_pr17_current_4d_weighted_threshold_3_5_6,3dbdfdbb-b6d0-4353-b506-c5aa6d334ac3,a57f0fd6-6977-43c3-86bb-cd34ef2a7a29,2026-04-07 14:06:43.440222+00:00,pending,0,160.0,5,True,,True,0.0
C_pr17_current_4d_weighted_threshold_3_5_6,d0f40557-2451-47b2-a5d3-a7af3c5fd024,4ce403f9-c662-4caa-8576-c10e71f01c4b,2026-04-07 23:00:26.902358+00:00,approved,2,125.0,7,True,,True,0.0
C_pr17_current_4d_weighted_threshold_3_5_6,ffaaefa2-7d20-498d-9bec-164be6898c7c,69ce191d-25f7-4ae6-b5fc-26bdc90e84aa,2026-04-08 00:51:20.814017+00:00,approved,2,59.0,0,True,,True,0.0
C_pr17_current_4d_weighted_threshold_3_5_6,3c8a5ee7-6210-474a-816d-048744f2c2a6,a57f0fd6-6977-43c3-86bb-cd34ef2a7a29,2026-04-08 02:37:05.051160+00:00,pending,1,178.0,0,True,,True,0.0
C_pr17_current_4d_weighted_threshold_3_5_6,e4594fbd-16fc-4852-94c1-732a0d804a79,4ce403f9-c662-4caa-8576-c10e71f01c4b,2026-04-08 03:26:45.844376+00:00,approved,1,122.0,0,True,,True,0.0
C_pr17_current_4d_weighted_threshold_3_5_6,07c810cf-302f-4a99-afb5-29f4ea344953,4ce403f9-c662-4caa-8576-c10e71f01c4b,2026-04-08 03:49:43.557289+00:00,approved,1,122.0,1,True,,True,0.0
C_pr17_current_4d_weighted_threshold_3_5_6,c776d0de-f669-4c42-9204-855fb2469741,4ce403f9-c662-4caa-8576-c10e71f01c4b,2026-04-08 04:12:11.076157+00:00,approved,1,122.0,2,True,,True,0.0
C_pr17_current_4d_weighted_threshold_3_5_6,14421584-a284-48e7-9bf1-e04d0f632f32,4ce403f9-c662-4caa-8576-c10e71f01c4b,2026-04-08 04:16:46.387185+00:00,approved,1,122.0,3,True,,True,0.0
C_pr17_current_4d_weighted_threshold_3_5_6,8a3bf9bf-0f54-4228-8892-be752bc69470,a57f0fd6-6977-43c3-86bb-cd34ef2a7a29,2026-04-08 13:24:15.156539+00:00,pending,1,181.0,1,True,,True,0.0
C_pr17_current_4d_weighted_threshold_3_5_6,2b2a5b01-96a1-4c3d-888e-0b111bf565b1,a57f0fd6-6977-43c3-86bb-cd34ef2a7a29,2026-04-09 00:24:39.198827+00:00,pending,1,165.0,0,True,,True,0.0
C_pr17_current_4d_weighted_threshold_3_5_6,21ca61c7-3b6d-4ac0-b147-3e1c233777b2,4ce403f9-c662-4caa-8576-c10e71f01c4b,2026-04-09 04:16:06.034144+00:00,approved,1,103.0,0,True,,True,0.0
C_pr17_current_4d_weighted_threshold_3_5_6,24a1588c-3faa-4042-aee6-5361d1c4d051,4ce403f9-c662-4caa-8576-c10e71f01c4b,2026-04-09 04:36:56.091163+00:00,approved,1,103.0,1,True,,True,0.0
C_pr17_current_4d_weighted_threshold_3_5_6,5db56046-47ed-4258-862a-b6f7375eb681,4ce403f9-c662-4caa-8576-c10e71f01c4b,2026-04-09 04:39:55.540133+00:00,approved,1,103.0,2,True,,True,0.0
C_pr17_current_4d_weighted_threshold_3_5_6,0af4f2a6-cf75-4961-83e1-fbc45e3a25c8,4ce403f9-c662-4caa-8576-c10e71f01c4b,2026-04-09 05:02:04.721044+00:00,approved,2,103.0,3,True,,True,0.0
C_pr17_current_4d_weighted_threshold_3_5_6,ff8fdede-a5a9-401d-afdb-2145759eb240,4ce403f9-c662-4caa-8576-c10e71f01c4b,2026-04-09 05:05:39.722765+00:00,approved,1,103.0,4,True,,True,0.0
C_pr17_current_4d_weighted_threshold_3_5_6,7e64475b-24e8-48af-aa17-5eeea7e66b47,4ce403f9-c662-4caa-8576-c10e71f01c4b,2026-04-09 05:51:12.640226+00:00,approved,3,103.0,5,True,,True,0.0
C_pr17_current_4d_weighted_threshold_3_5_6,b6b3f509-da63-40d7-83fa-0c4d0a2feda8,4ce403f9-c662-4caa-8576-c10e71f01c4b,2026-04-09 06:36:29.712767+00:00,approved,2,106.0,6,True,,True,0.0
C_pr17_current_4d_weighted_threshold_3_5_6,fe515e65-d427-4dcc-a9e5-f445eca4e6c7,4ce403f9-c662-4caa-8576-c10e71f01c4b,2026-04-09 07:05:51.541154+00:00,approved,1,106.0,7,True,,True,0.0
C_pr17_current_4d_weighted_threshold_3_5_6,fb0b8ba4-c424-4365-9f9c-5f433eb27d98,4ce403f9-c662-4caa-8576-c10e71f01c4b,2026-04-09 07:24:43.026558+00:00,pending,1,106.0,8,True,,True,0.0
C_pr17_current_4d_weighted_threshold_3_5_6,21bb02e3-b731-4677-bd89-c7bd7ed141f6,4ce403f9-c662-4caa-8576-c10e71f01c4b,2026-04-09 07:31:31.549178+00:00,approved,2,106.0,9,True,,True,0.0
C_pr17_current_4d_weighted_threshold_3_5_6,3a0181d0-2a4c-4d63-af03-5976e81e35ba,4ce403f9-c662-4caa-8576-c10e71f01c4b,2026-04-09 07:56:37.501274+00:00,approved,2,106.0,10,True,,True,0.0
C_pr17_current_4d_weighted_threshold_3_5_6,a663ded7-cdad-46dd-8a95-c8046c52cb02,a57f0fd6-6977-43c3-86bb-cd34ef2a7a29,2026-04-09 12:23:14.921493+00:00,pending,0,116.0,1,True,,True,0.0
C_pr17_current_4d_weighted_threshold_3_5_6,3a3abb50-4570-4a66-a87f-1f180d28a379,a57f0fd6-6977-43c3-86bb-cd34ef2a7a29,2026-04-09 15:58:53.233546+00:00,approved,2,112.0,2,True,,True,0.0
C_pr17_current_4d_weighted_threshold_3_5_6,e7c87f43-7cc5-439c-9a6e-6989bbe0a48a,a57f0fd6-6977-43c3-86bb-cd34ef2a7a29,2026-04-09 16:09:36.131759+00:00,pending,1,115.0,3,True,,True,0.0
C_pr17_current_4d_weighted_threshold_3_5_6,fc22b8db-6c1c-4372-96a3-a1935aea51d3,a57f0fd6-6977-43c3-86bb-cd34ef2a7a29,2026-04-09 16:24:31.910571+00:00,pending,0,115.0,4,True,,True,0.0
C_pr17_current_4d_weighted_threshold_3_5_6,828ee348-a4e7-43d5-8f87-d2a3f006ba2b,a57f0fd6-6977-43c3-86bb-cd34ef2a7a29,2026-04-09 17:37:52.206620+00:00,pending,0,115.0,5,True,,True,0.0
C_pr17_current_4d_weighted_threshold_3_5_6,cf84de9c-ec8f-4ecd-b830-d336e035e729,a57f0fd6-6977-43c3-86bb-cd34ef2a7a29,2026-04-09 17:42:51.111272+00:00,pending,0,115.0,6,True,,True,0.0
C_pr17_current_4d_weighted_threshold_3_5_6,9a802ff7-32a2-45da-affb-ab60886dfd0f,a57f0fd6-6977-43c3-86bb-cd34ef2a7a29,2026-04-09 17:55:19.404772+00:00,pending,1,115.0,7,True,,True,0.0
C_pr17_current_4d_weighted_threshold_3_5_6,ac30f977-d588-4d3f-bc66-bfd66a47a4a2,a57f0fd6-6977-43c3-86bb-cd34ef2a7a29,2026-04-09 17:59:32.755716+00:00,approved,4,115.0,8,True,,True,0.0
C_pr17_current_4d_weighted_threshold_3_5_6,85fa6f4b-0c77-41d8-8898-aedc72fe6815,a57f0fd6-6977-43c3-86bb-cd34ef2a7a29,2026-04-09 19:42:47.736403+00:00,pending,1,115.0,9,True,,True,0.0
C_pr17_current_4d_weighted_threshold_3_5_6,67b2f8ac-1337-4f17-846e-7d908c4bde03,a57f0fd6-6977-43c3-86bb-cd34ef2a7a29,2026-04-09 20:04:53.312527+00:00,pending,3,115.0,10,True,,True,0.0
C_pr17_current_4d_weighted_threshold_3_5_6,f9be94ae-3037-48eb-9790-9157de0f7e43,a57f0fd6-6977-43c3-86bb-cd34ef2a7a29,2026-04-09 20:09:18.067578+00:00,pending,2,115.0,11,True,,True,0.0
C_pr17_current_4d_weighted_threshold_3_5_6,27669fe2-93b4-4697-88c0-90e8f24bfaa2,a57f0fd6-6977-43c3-86bb-cd34ef2a7a29,2026-04-09 20:33:31.526229+00:00,pending,2,115.0,12,True,,True,0.0
C_pr17_current_4d_weighted_threshold_3_5_6,00182208-4a07-4f70-b0b0-f436f3239c5c,a57f0fd6-6977-43c3-86bb-cd34ef2a7a29,2026-04-09 20:56:26.542487+00:00,pending,0,115.0,13,True,,True,0.0
C_pr17_current_4d_weighted_threshold_3_5_6,9d31be9b-abf1-4088-8c95-9b2b42075632,a57f0fd6-6977-43c3-86bb-cd34ef2a7a29,2026-04-09 21:20:49.603776+00:00,approved,1,115.0,14,True,,True,0.0
C_pr17_current_4d_weighted_threshold_3_5_6,607d9f27-5748-475f-950c-16a4e0c6a0e3,a57f0fd6-6977-43c3-86bb-cd34ef2a7a29,2026-04-09 21:25:34.047724+00:00,pending,0,115.0,15,True,,True,0.0
C_pr17_current_4d_weighted_threshold_3_5_6,1d6eb8c2-56e2-4ca0-8669-58900768f074,a57f0fd6-6977-43c3-86bb-cd34ef2a7a29,2026-04-09 21:28:10.585358+00:00,pending,0,115.0,16,True,,True,0.0
C_pr17_current_4d_weighted_threshold_3_5_6,c4cb8fb1-b4ac-4b70-a08d-221b68d65930,a57f0fd6-6977-43c3-86bb-cd34ef2a7a29,2026-04-09 21:31:06.634936+00:00,pending,0,115.0,17,True,,True,0.0
C_pr17_current_4d_weighted_threshold_3_5_6,00ed8ae9-731f-4c3c-ba26-6611d2b37ad5,a57f0fd6-6977-43c3-86bb-cd34ef2a7a29,2026-04-09 21:34:30.504583+00:00,pending,0,115.0,18,True,,True,0.0
C_pr17_current_4d_weighted_threshold_3_5_6,bc70f130-e6ed-49ae-8dc6-f37897f1b73e,cdbc2977-3feb-4b78-967e-7636db3986d5,2026-04-09 23:41:21.554666+00:00,approved,1,13.0,0,True,,True,0.0
C_pr17_current_4d_weighted_threshold_3_5_6,7052b73d-af8a-46ea-89af-c674dc529c2c,cdbc2977-3feb-4b78-967e-7636db3986d5,2026-04-09 23:48:29.816976+00:00,approved,1,18.0,1,True,,True,0.0
C_pr17_current_4d_weighted_threshold_3_5_6,5b43c43f-52ca-443d-b144-13c12d331f24,fd9b7f36-2943-4ceb-b658-83c814782ac3,2026-04-10 01:32:11.013012+00:00,approved,1,48.0,0,True,,True,0.0
C_pr17_current_4d_weighted_threshold_3_5_6,566ba7ec-492c-427c-a940-0e83aebcd359,fd9b7f36-2943-4ceb-b658-83c814782ac3,2026-04-10 01:51:22.250765+00:00,pending,0,39.0,1,True,,True,0.0
C_pr17_current_4d_weighted_threshold_3_5_6,4c7c22bb-be5f-44e0-ad4d-6562a5ccad50,fd9b7f36-2943-4ceb-b658-83c814782ac3,2026-04-10 02:06:35.126171+00:00,approved,2,39.0,2,True,,True,0.0
C_pr17_current_4d_weighted_threshold_3_5_6,aeeaa1a4-9097-4302-93b4-b6fa61bc6f58,fd9b7f36-2943-4ceb-b658-83c814782ac3,2026-04-10 02:17:03.008117+00:00,pending,2,39.0,3,True,,True,0.0
C_pr17_current_4d_weighted_threshold_3_5_6,ab1fc48c-f98e-4da6-9946-f989ff791497,fd9b7f36-2943-4ceb-b658-83c814782ac3,2026-04-10 03:18:05.498624+00:00,approved,1,39.0,4,True,,True,0.0
C_pr17_current_4d_weighted_threshold_3_5_6,13f5a19a-8702-485f-a087-d2d0e74ffdba,fd9b7f36-2943-4ceb-b658-83c814782ac3,2026-04-10 03:30:46.003307+00:00,approved,2,39.0,5,True,,True,0.0
C_pr17_current_4d_weighted_threshold_3_5_6,f9e29f74-277d-4f41-9a59-ca1ea0c97607,fd9b7f36-2943-4ceb-b658-83c814782ac3,2026-04-10 03:48:00.679674+00:00,approved,1,39.0,6,True,,True,0.0
C_pr17_current_4d_weighted_threshold_3_5_6,f70a07fb-c993-44bc-baf9-4e228767a187,fd9b7f36-2943-4ceb-b658-83c814782ac3,2026-04-10 04:03:30.631138+00:00,approved,2,39.0,7,True,,True,0.0
C_pr17_current_4d_weighted_threshold_3_5_6,9813ea1f-39a7-44b2-a085-0e6be45a8e06,4ce403f9-c662-4caa-8576-c10e71f01c4b,2026-04-10 05:48:57.516452+00:00,pending,1,84.0,0,True,,True,0.0
C_pr17_current_4d_weighted_threshold_3_5_6,2b4288f5-0f7c-4471-9e11-457bf1ffbe1b,4ce403f9-c662-4caa-8576-c10e71f01c4b,2026-04-10 05:55:45.129929+00:00,approved,1,84.0,1,True,,True,0.0
C_pr17_current_4d_weighted_threshold_3_5_6,31958ede-704e-40e4-9614-27b080bebc51,4ce403f9-c662-4caa-8576-c10e71f01c4b,2026-04-10 06:48:54.096777+00:00,approved,1,84.0,2,True,,True,0.0
C_pr17_current_4d_weighted_threshold_3_5_6,9331c97e-0917-46d9-9f39-7a24596292a7,4ce403f9-c662-4caa-8576-c10e71f01c4b,2026-04-10 06:53:53.013139+00:00,approved,1,84.0,3,True,,True,0.0
C_pr17_current_4d_weighted_threshold_3_5_6,314c997f-adbe-4d8d-9a29-5df7489119d6,4ce403f9-c662-4caa-8576-c10e71f01c4b,2026-04-10 07:52:54.761889+00:00,approved,1,84.0,4,True,,True,0.0
C_pr17_current_4d_weighted_threshold_3_5_6,89d853b9-d133-4a94-b546-aecc64d6af0d,4ce403f9-c662-4caa-8576-c10e71f01c4b,2026-04-10 08:09:20.873090+00:00,approved,1,84.0,5,True,,True,0.0
C_pr17_current_4d_weighted_threshold_3_5_6,0e966df5-b6b0-44b9-b310-86f050cd0890,4ce403f9-c662-4caa-8576-c10e71f01c4b,2026-04-10 08:27:49.372098+00:00,approved,1,84.0,6,True,,True,0.0
C_pr17_current_4d_weighted_threshold_3_5_6,a3977e6b-8460-46a1-b2f4-96c4b4a679e2,4ce403f9-c662-4caa-8576-c10e71f01c4b,2026-04-10 08:45:39.209368+00:00,approved,2,84.0,7,True,,True,0.0
C_pr17_current_4d_weighted_threshold_3_5_6,bdae7fcc-9ea8-42b4-a79b-5d83c7a7e621,fd9b7f36-2943-4ceb-b658-83c814782ac3,2026-04-10 18:58:48.620746+00:00,pending,1,39.0,8,True,,True,0.0
C_pr17_current_4d_weighted_threshold_3_5_6,98db7e0e-ab23-4847-ad9d-37b3bc52ab9a,fd9b7f36-2943-4ceb-b658-83c814782ac3,2026-04-10 19:10:25.260930+00:00,approved,2,39.0,9,True,,True,0.0
C_pr17_current_4d_weighted_threshold_3_5_6,c4472511-751b-43dc-a149-48c4f3e198fa,4ce403f9-c662-4caa-8576-c10e71f01c4b,2026-04-10 19:15:17.174123+00:00,pending,1,83.0,8,True,,True,0.0
C_pr17_current_4d_weighted_threshold_3_5_6,9ff2460f-20e0-46cf-af52-4965eb173f53,4ce403f9-c662-4caa-8576-c10e71f01c4b,2026-04-10 19:20:03.435847+00:00,pending,2,83.0,9,True,,True,0.0
C_pr17_current_4d_weighted_threshold_3_5_6,c3df13be-b19f-4691-9d63-5b9028269aad,4ce403f9-c662-4caa-8576-c10e71f01c4b,2026-04-10 19:24:01.225780+00:00,pending,1,83.0,10,True,,True,0.0
C_pr17_current_4d_weighted_threshold_3_5_6,f9f7dbaf-7a24-48b0-a9e0-3ecbccaf2b27,a57f0fd6-6977-43c3-86bb-cd34ef2a7a29,2026-04-10 20:16:55.738678+00:00,pending,0,125.0,0,True,,True,0.0
C_pr17_current_4d_weighted_threshold_3_5_6,d5829b6e-4db1-4f05-8484-5069f8b6927a,4ce403f9-c662-4caa-8576-c10e71f01c4b,2026-04-10 20:36:26.401835+00:00,approved,1,83.0,11,True,,True,0.0
C_pr17_current_4d_weighted_threshold_3_5_6,cf47bb54-a267-47cd-903c-e783e18b5ad6,4ce403f9-c662-4caa-8576-c10e71f01c4b,2026-04-10 20:41:54.144329+00:00,approved,1,83.0,12,True,,True,0.0
C_pr17_current_4d_weighted_threshold_3_5_6,ae09bd9d-a52a-4ca9-83db-7f318e1443b3,4ce403f9-c662-4caa-8576-c10e71f01c4b,2026-04-10 20:44:30.117651+00:00,pending,2,83.0,13,True,,True,0.0
C_pr17_current_4d_weighted_threshold_3_5_6,ab228ccc-24a8-49d0-a42f-aef7be7c68eb,4ce403f9-c662-4caa-8576-c10e71f01c4b,2026-04-10 20:47:42.406970+00:00,approved,2,83.0,14,True,,True,0.0
C_pr17_current_4d_weighted_threshold_3_5_6,88bd0278-b66a-4836-8d0e-0887afb4853b,a57f0fd6-6977-43c3-86bb-cd34ef2a7a29,2026-04-10 21:34:41.077704+00:00,approved,1,137.0,1,True,,True,0.0
C_pr17_current_4d_weighted_threshold_3_5_6,bb702e61-9d7e-46bf-a8e6-951d106134ef,a57f0fd6-6977-43c3-86bb-cd34ef2a7a29,2026-04-11 10:09:38.646854+00:00,pending,1,130.0,0,True,,True,0.0
C_pr17_current_4d_weighted_threshold_3_5_6,ee785f6c-2751-467a-8e3e-6eae6ad147c6,a57f0fd6-6977-43c3-86bb-cd34ef2a7a29,2026-04-11 10:20:42.275846+00:00,approved,1,130.0,1,True,,True,0.0
C_pr17_current_4d_weighted_threshold_3_5_6,8fb46c93-a45f-4ad1-8a7c-ead24433ed85,a57f0fd6-6977-43c3-86bb-cd34ef2a7a29,2026-04-11 10:56:13.935259+00:00,approved,1,130.0,2,True,,True,0.0
C_pr17_current_4d_weighted_threshold_3_5_6,41fd6db1-6290-42e9-b15a-a5fe77e9bcd0,69ce191d-25f7-4ae6-b5fc-26bdc90e84aa,2026-04-11 14:06:20.728967+00:00,approved,2,59.0,0,True,,True,0.0
C_pr17_current_4d_weighted_threshold_3_5_6,77274b01-ab23-45ee-bb13-ef8e009325de,69ce191d-25f7-4ae6-b5fc-26bdc90e84aa,2026-04-11 14:25:26.255782+00:00,approved,2,65.0,1,True,,True,0.0
C_pr17_current_4d_weighted_threshold_3_5_6,fbbcfa44-2b40-4e67-9624-fa65db741726,a57f0fd6-6977-43c3-86bb-cd34ef2a7a29,2026-04-11 17:22:41.004636+00:00,pending,1,135.0,3,True,,True,0.0
C_pr17_current_4d_weighted_threshold_3_5_6,f803d8fa-37b5-4a3e-b256-a2c29f417715,4ce403f9-c662-4caa-8576-c10e71f01c4b,2026-04-11 19:15:15.855688+00:00,approved,2,80.0,0,True,,True,0.0
C_pr17_current_4d_weighted_threshold_3_5_6,2c9bcfcc-1aef-4868-992d-a0acc9eaa635,a57f0fd6-6977-43c3-86bb-cd34ef2a7a29,2026-04-12 00:44:26.001063+00:00,pending,0,144.0,0,True,,True,0.0
C_pr17_current_4d_weighted_threshold_3_5_6,0377de0a-3a4f-4095-b954-1cad82a73d1f,a57f0fd6-6977-43c3-86bb-cd34ef2a7a29,2026-04-12 12:32:29.811761+00:00,pending,3,138.0,1,True,,True,0.0
C_pr17_current_4d_weighted_threshold_3_5_6,fc1a7636-b194-418e-baee-e58c2f573d1e,a57f0fd6-6977-43c3-86bb-cd34ef2a7a29,2026-04-12 14:34:18.970569+00:00,pending,1,138.0,2,True,,True,0.0
C_pr17_current_4d_weighted_threshold_3_5_6,2fcb5d2e-512a-4542-9702-193df73c8f35,a57f0fd6-6977-43c3-86bb-cd34ef2a7a29,2026-04-12 14:39:45.097544+00:00,pending,2,138.0,3,True,,True,0.0
C_pr17_current_4d_weighted_threshold_3_5_6,3a86f5ff-b486-4b1e-9480-98e9bcd7afc8,a57f0fd6-6977-43c3-86bb-cd34ef2a7a29,2026-04-12 14:54:46.676431+00:00,pending,-1,138.0,4,True,,True,0.0
C_pr17_current_4d_weighted_threshold_3_5_6,27c36138-7835-407a-aa22-cfac4cdc403b,a57f0fd6-6977-43c3-86bb-cd34ef2a7a29,2026-04-12 15:01:25.876558+00:00,pending,-1,138.0,5,True,,True,0.0
C_pr17_current_4d_weighted_threshold_3_5_6,822770b0-fdf1-4f55-a0fb-9f69e75ff13a,a57f0fd6-6977-43c3-86bb-cd34ef2a7a29,2026-04-12 15:04:46.533408+00:00,pending,-1,138.0,6,True,,True,0.0
C_pr17_current_4d_weighted_threshold_3_5_6,7484ac17-73b2-45d4-9ae7-3e1a8ede2905,a57f0fd6-6977-43c3-86bb-cd34ef2a7a29,2026-04-12 15:07:44.353168+00:00,approved,0,138.0,7,True,,True,0.0
C_pr17_current_4d_weighted_threshold_3_5_6,70117813-54bb-45e1-a4ff-fce1cf73e19b,a57f0fd6-6977-43c3-86bb-cd34ef2a7a29,2026-04-12 18:15:30.688067+00:00,pending,0,138.0,8,True,,True,0.0
C_pr17_current_4d_weighted_threshold_3_5_6,065a1cd9-345a-4ea7-b04a-9f7544a1d2f7,a57f0fd6-6977-43c3-86bb-cd34ef2a7a29,2026-04-12 18:19:55.929840+00:00,pending,0,138.0,9,True,,True,0.0
C_pr17_current_4d_weighted_threshold_3_5_6,d9d7f08e-7454-41e3-834f-4cca6ffc586f,a57f0fd6-6977-43c3-86bb-cd34ef2a7a29,2026-04-12 20:05:16.261333+00:00,approved,2,138.0,10,True,,True,0.0
C_pr17_current_4d_weighted_threshold_3_5_6,8b30bdb8-92de-4cbc-8e2c-cc363ecd99b2,a57f0fd6-6977-43c3-86bb-cd34ef2a7a29,2026-04-12 20:49:18.921282+00:00,pending,1,138.0,11,True,,True,0.0
C_pr17_current_4d_weighted_threshold_3_5_6,874812dd-4a8e-4fd9-8060-2f842ad4ca7e,a57f0fd6-6977-43c3-86bb-cd34ef2a7a29,2026-04-12 23:04:20.444762+00:00,pending,3,138.0,12,True,,True,0.0
C_pr17_current_4d_weighted_threshold_3_5_6,74c14866-c8be-44aa-9904-6ecbf0d7cac6,a57f0fd6-6977-43c3-86bb-cd34ef2a7a29,2026-04-13 13:43:04.181632+00:00,pending,1,150.0,0,True,,True,0.0
C_pr17_current_4d_weighted_threshold_3_5_6,6e9e356c-b064-4c4b-aba2-662c92e3ba7b,a57f0fd6-6977-43c3-86bb-cd34ef2a7a29,2026-04-13 13:48:46.148146+00:00,pending,1,150.0,1,True,,True,0.0
C_pr17_current_4d_weighted_threshold_3_5_6,6cc38f95-261d-4fe5-aeef-9ff7f05c037e,a57f0fd6-6977-43c3-86bb-cd34ef2a7a29,2026-04-13 19:02:49.386568+00:00,pending,1,147.0,2,True,,True,0.0
C_pr17_current_4d_weighted_threshold_3_5_6,9a013578-2dd6-4e23-9b2a-1758c949c6df,a57f0fd6-6977-43c3-86bb-cd34ef2a7a29,2026-04-14 13:24:15.813345+00:00,pending,1,128.0,0,True,,True,0.0
C_pr17_current_4d_weighted_threshold_3_5_6,4d8c4ed6-9831-4789-9436-f65e8b948e97,fd9b7f36-2943-4ceb-b658-83c814782ac3,2026-04-14 13:41:00.198037+00:00,pending,-1,23.0,0,True,,True,0.0
C_pr17_current_4d_weighted_threshold_3_5_6,32e7a341-9b53-41b5-9b94-1656d9da4d7b,fd9b7f36-2943-4ceb-b658-83c814782ac3,2026-04-14 13:43:46.900546+00:00,pending,0,23.0,1,True,,True,0.0
C_pr17_current_4d_weighted_threshold_3_5_6,a5d68ecb-164d-4a0b-9c39-2b0f133b83ca,fd9b7f36-2943-4ceb-b658-83c814782ac3,2026-04-14 14:12:04.608465+00:00,approved,2,23.0,2,True,,True,0.0
C_pr17_current_4d_weighted_threshold_3_5_6,8db3b8a2-ec75-4486-a7fa-68799e95ce58,a57f0fd6-6977-43c3-86bb-cd34ef2a7a29,2026-04-14 14:27:59.607735+00:00,pending,1,139.0,1,True,,True,0.0
C_pr17_current_4d_weighted_threshold_3_5_6,3dd9881e-c7b0-44ee-9b57-59fbc34de5b3,fd9b7f36-2943-4ceb-b658-83c814782ac3,2026-04-14 14:36:46.403901+00:00,approved,2,23.0,3,True,,True,0.0
C_pr17_current_4d_weighted_threshold_3_5_6,0060495f-869a-43a3-bff1-9bb060a7f50c,fd9b7f36-2943-4ceb-b658-83c814782ac3,2026-04-14 14:40:10.974547+00:00,approved,2,23.0,4,True,,True,0.0
C_pr17_current_4d_weighted_threshold_3_5_6,95e004cd-cde1-41a1-8809-aa88d60584dc,a57f0fd6-6977-43c3-86bb-cd34ef2a7a29,2026-04-14 17:48:34.919081+00:00,approved,2,145.0,2,True,,True,0.0
C_pr17_current_4d_weighted_threshold_3_5_6,332ece9d-bc5e-42db-9b83-ad2a0793d7fd,a57f0fd6-6977-43c3-86bb-cd34ef2a7a29,2026-04-14 18:23:20.807033+00:00,pending,1,145.0,3,True,,True,0.0
C_pr17_current_4d_weighted_threshold_3_5_6,4667e4c7-1112-4334-b255-8eb2e45b19ef,a57f0fd6-6977-43c3-86bb-cd34ef2a7a29,2026-04-14 18:27:37.725221+00:00,pending,0,145.0,4,True,,True,0.0
C_pr17_current_4d_weighted_threshold_3_5_6,45543dee-e2d9-4520-b5f7-c39cbea778aa,a57f0fd6-6977-43c3-86bb-cd34ef2a7a29,2026-04-14 18:33:11.562451+00:00,pending,2,145.0,5,True,,True,0.0
C_pr17_current_4d_weighted_threshold_3_5_6,fc005273-2c89-48ed-83dc-93970d76ac96,a57f0fd6-6977-43c3-86bb-cd34ef2a7a29,2026-04-14 18:42:35.535309+00:00,pending,2,145.0,6,True,,True,0.0
C_pr17_current_4d_weighted_threshold_3_5_6,3642b719-da35-4af2-96f6-ea44d4724d20,a57f0fd6-6977-43c3-86bb-cd34ef2a7a29,2026-04-14 22:06:35.620329+00:00,pending,2,121.0,7,True,,True,0.0
C_pr17_current_4d_weighted_threshold_3_5_6,39b4e48b-0a33-4a20-9a46-7b9572d2b453,ce6e5c8c-b2e1-4acd-89fe-b42fe49a86bc,2026-04-15 00:46:30.112719+00:00,pending,2,21.0,0,True,,True,0.0
C_pr17_current_4d_weighted_threshold_3_5_6,ccdd2ba6-8ee6-49d0-9804-0a4d942a437e,a57f0fd6-6977-43c3-86bb-cd34ef2a7a29,2026-04-15 14:16:14.938967+00:00,pending,1,117.0,0,True,,True,0.0
C_pr17_current_4d_weighted_threshold_3_5_6,fddd9c73-bc5e-4062-9161-d645add18aea,a57f0fd6-6977-43c3-86bb-cd34ef2a7a29,2026-04-15 15:34:33.839534+00:00,pending,1,105.0,1,True,,True,0.0
C_pr17_current_4d_weighted_threshold_3_5_6,ebe500fd-27f3-4b76-b3c7-3c31a107d94a,392a03db-0ab2-42c7-bf58-3acde7de9d5d,2026-04-15 16:23:39.686499+00:00,approved,1,9.0,0,True,,True,0.0
C_pr17_current_4d_weighted_threshold_3_5_6,28adb370-197d-43af-9796-b17d63b7f1c2,a57f0fd6-6977-43c3-86bb-cd34ef2a7a29,2026-04-15 16:57:34.295233+00:00,pending,1,105.0,2,True,,True,0.0
C_pr17_current_4d_weighted_threshold_3_5_6,797e16cb-5a7d-436e-a40c-38711e6fceab,a57f0fd6-6977-43c3-86bb-cd34ef2a7a29,2026-04-15 19:22:28.708096+00:00,pending,1,105.0,3,True,,True,0.0
C_pr17_current_4d_weighted_threshold_3_5_6,f8e1029f-e86c-4e40-bb79-31e587ed3113,fd9b7f36-2943-4ceb-b658-83c814782ac3,2026-04-15 19:28:35.317005+00:00,approved,1,47.0,0,True,,True,0.0
C_pr17_current_4d_weighted_threshold_3_5_6,575a9052-1a64-41e3-ab93-55ea913f9fbc,fd9b7f36-2943-4ceb-b658-83c814782ac3,2026-04-15 19:33:44.402991+00:00,approved,1,47.0,1,True,,True,0.0
C_pr17_current_4d_weighted_threshold_3_5_6,8770249a-3efc-481a-8c9d-9a08194b803b,392a03db-0ab2-42c7-bf58-3acde7de9d5d,2026-04-15 20:00:33.997771+00:00,approved,1,18.0,1,True,,True,0.0
C_pr17_current_4d_weighted_threshold_3_5_6,4c12dbdc-d0f0-4c38-83de-451e410e4009,392a03db-0ab2-42c7-bf58-3acde7de9d5d,2026-04-15 20:14:07.943870+00:00,approved,1,18.0,2,True,,True,0.0
C_pr17_current_4d_weighted_threshold_3_5_6,70596937-62d2-44de-9293-8e44ff0a8e62,392a03db-0ab2-42c7-bf58-3acde7de9d5d,2026-04-15 20:29:02.151173+00:00,approved,1,18.0,3,True,,True,0.0
C_pr17_current_4d_weighted_threshold_3_5_6,9dfdc66d-bca2-4803-ae0e-17af9366ef0d,fd9b7f36-2943-4ceb-b658-83c814782ac3,2026-04-15 20:42:54.469438+00:00,pending,0,47.0,2,True,,True,0.0
C_pr17_current_4d_weighted_threshold_3_5_6,04e8ba6e-7d06-4c87-aace-d666892ce7fd,392a03db-0ab2-42c7-bf58-3acde7de9d5d,2026-04-15 21:17:09.115441+00:00,approved,1,18.0,4,True,,True,0.0
C_pr17_current_4d_weighted_threshold_3_5_6,0301b1e5-9672-4e69-afbb-9b39bd02fa64,a57f0fd6-6977-43c3-86bb-cd34ef2a7a29,2026-04-15 21:31:08.880407+00:00,pending,1,109.0,4,True,,True,0.0
C_pr17_current_4d_weighted_threshold_3_5_6,225887b4-3e76-4d67-8b13-086514a6413f,a57f0fd6-6977-43c3-86bb-cd34ef2a7a29,2026-04-15 21:45:08.664001+00:00,pending,1,109.0,5,True,,True,0.0
C_pr17_current_4d_weighted_threshold_3_5_6,1b7bfebd-eff7-452f-9f40-1770f4768d97,392a03db-0ab2-42c7-bf58-3acde7de9d5d,2026-04-15 23:50:20.872751+00:00,approved,1,18.0,5,True,,True,0.0
C_pr17_current_4d_weighted_threshold_3_5_6,e53cf49e-1029-4bee-940a-d8f0d588ea8b,392a03db-0ab2-42c7-bf58-3acde7de9d5d,2026-04-16 00:23:26.928233+00:00,approved,1,30.0,0,True,,True,0.0
C_pr17_current_4d_weighted_threshold_3_5_6,859aa600-4177-41ee-b69e-382d93aaf8a0,a57f0fd6-6977-43c3-86bb-cd34ef2a7a29,2026-04-16 00:34:16.656080+00:00,pending,1,121.0,0,True,,True,0.0
C_pr17_current_4d_weighted_threshold_3_5_6,f6fdb04f-0b04-46a8-a78d-75e6f2788d63,a57f0fd6-6977-43c3-86bb-cd34ef2a7a29,2026-04-16 00:40:26.877376+00:00,pending,1,118.0,1,True,,True,0.0
C_pr17_current_4d_weighted_threshold_3_5_6,10c45b0d-90a2-49b3-961a-52887e77ff2a,a57f0fd6-6977-43c3-86bb-cd34ef2a7a29,2026-04-16 01:04:04.714100+00:00,pending,1,118.0,2,True,,True,0.0
C_pr17_current_4d_weighted_threshold_3_5_6,66d22b00-b121-42ff-bc80-07d9a74745f9,a57f0fd6-6977-43c3-86bb-cd34ef2a7a29,2026-04-16 01:16:12.718270+00:00,pending,0,118.0,3,True,,True,0.0
C_pr17_current_4d_weighted_threshold_3_5_6,5334d367-bd0a-486b-9496-794e260906b7,a57f0fd6-6977-43c3-86bb-cd34ef2a7a29,2026-04-16 01:20:39.584592+00:00,pending,0,118.0,4,True,,True,0.0
C_pr17_current_4d_weighted_threshold_3_5_6,14c40b60-cfd7-40ba-a519-e965c4562806,a57f0fd6-6977-43c3-86bb-cd34ef2a7a29,2026-04-16 01:26:37.570500+00:00,pending,1,118.0,5,True,,True,0.0
C_pr17_current_4d_weighted_threshold_3_5_6,a9938e2c-cfc0-4f85-af0e-23f5a7b7c9ba,a57f0fd6-6977-43c3-86bb-cd34ef2a7a29,2026-04-16 01:33:11.612212+00:00,pending,1,118.0,6,True,,True,0.0
C_pr17_current_4d_weighted_threshold_3_5_6,55f59f23-8154-4b80-bb46-76bf263cff5f,a57f0fd6-6977-43c3-86bb-cd34ef2a7a29,2026-04-16 01:58:17.939640+00:00,pending,1,118.0,7,True,,True,0.0
C_pr17_current_4d_weighted_threshold_3_5_6,1d8f6210-ebc1-4b1f-a17c-78a5fe7a7dac,a57f0fd6-6977-43c3-86bb-cd34ef2a7a29,2026-04-16 11:29:18.176019+00:00,approved,1,118.0,8,True,,True,0.0
C_pr17_current_4d_weighted_threshold_3_5_6,aa8ecd86-9859-4ee5-921e-a60c8da5dd85,a57f0fd6-6977-43c3-86bb-cd34ef2a7a29,2026-04-16 11:33:17.473515+00:00,approved,1,118.0,9,True,,True,0.0
C_pr17_current_4d_weighted_threshold_3_5_6,227f7669-2337-4aaf-b3e2-47c0527d5a87,a57f0fd6-6977-43c3-86bb-cd34ef2a7a29,2026-04-16 11:40:55.155566+00:00,pending,1,118.0,10,True,,True,0.0
C_pr17_current_4d_weighted_threshold_3_5_6,72fe924a-371c-4bea-a995-ecf2ce1c5cfd,a57f0fd6-6977-43c3-86bb-cd34ef2a7a29,2026-04-16 11:53:12.069332+00:00,pending,1,120.0,11,True,,True,0.0
C_pr17_current_4d_weighted_threshold_3_5_6,86c05373-b7f0-4a19-b903-306768f90722,a57f0fd6-6977-43c3-86bb-cd34ef2a7a29,2026-04-16 11:56:57.392687+00:00,approved,2,120.0,12,True,,True,0.0
C_pr17_current_4d_weighted_threshold_3_5_6,456514a4-4913-4827-8d91-ad9b91b9bda3,a57f0fd6-6977-43c3-86bb-cd34ef2a7a29,2026-04-16 11:58:45.017065+00:00,approved,2,120.0,13,True,,True,0.0
C_pr17_current_4d_weighted_threshold_3_5_6,cce27aa3-ca35-485a-973a-ddc13a6b0425,392a03db-0ab2-42c7-bf58-3acde7de9d5d,2026-04-16 17:35:52.155675+00:00,approved,1,45.0,1,True,,True,0.0
C_pr17_current_4d_weighted_threshold_3_5_6,e34d20b4-73df-467c-a286-d4a7ce3a3ae1,a57f0fd6-6977-43c3-86bb-cd34ef2a7a29,2026-04-16 20:01:13.160825+00:00,pending,2,105.0,14,True,,True,0.0
C_pr17_current_4d_weighted_threshold_3_5_6,3a63c04b-d89e-4c96-9891-12cb3fe29f91,a57f0fd6-6977-43c3-86bb-cd34ef2a7a29,2026-04-16 20:26:53.650493+00:00,pending,3,105.0,15,True,,True,0.0
C_pr17_current_4d_weighted_threshold_3_5_6,83831632-5742-404e-a708-a4f410b143ea,a57f0fd6-6977-43c3-86bb-cd34ef2a7a29,2026-04-16 20:58:15.266001+00:00,pending,2,105.0,16,True,,True,0.0
C_pr17_current_4d_weighted_threshold_3_5_6,cd74bac3-a1ad-4479-9dd4-e837284cbd7e,a57f0fd6-6977-43c3-86bb-cd34ef2a7a29,2026-04-16 22:15:49.985278+00:00,pending,2,105.0,17,True,,True,0.0
C_pr17_current_4d_weighted_threshold_3_5_6,c0a85f66-c0d5-41f3-a717-670748d0088b,392a03db-0ab2-42c7-bf58-3acde7de9d5d,2026-04-16 22:29:09.364833+00:00,approved,2,45.0,2,True,,True,0.0
C_pr17_current_4d_weighted_threshold_3_5_6,ba80fcb6-6e11-4e18-9e08-e8fd714812e0,392a03db-0ab2-42c7-bf58-3acde7de9d5d,2026-04-16 22:33:34.219091+00:00,pending,1,45.0,3,True,,True,0.0
C_pr17_current_4d_weighted_threshold_3_5_6,87d03fe9-efd7-4768-b1d9-1b661eb8cc2f,392a03db-0ab2-42c7-bf58-3acde7de9d5d,2026-04-16 22:40:57.924456+00:00,pending,2,45.0,4,True,,True,0.0
C_pr17_current_4d_weighted_threshold_3_5_6,f7628df8-ce1e-45fe-b469-220d3f250dd2,392a03db-0ab2-42c7-bf58-3acde7de9d5d,2026-04-16 22:47:40.614695+00:00,approved,3,45.0,5,True,,True,0.0
C_pr17_current_4d_weighted_threshold_3_5_6,c8421a3d-cd85-4951-b70e-4f68f8eaa71e,392a03db-0ab2-42c7-bf58-3acde7de9d5d,2026-04-16 22:54:16.871019+00:00,approved,2,45.0,6,True,,True,0.0
C_pr17_current_4d_weighted_threshold_3_5_6,74c6ae67-f75c-4cdd-b5f3-e9e76a4d426a,392a03db-0ab2-42c7-bf58-3acde7de9d5d,2026-04-16 22:58:07.424834+00:00,approved,4,45.0,7,True,,True,0.0
C_pr17_current_4d_weighted_threshold_3_5_6,20f70b28-dfac-4228-9122-c615d7bb23d6,392a03db-0ab2-42c7-bf58-3acde7de9d5d,2026-04-16 23:02:16.841255+00:00,approved,2,45.0,8,True,,True,0.0
C_pr17_current_4d_weighted_threshold_3_5_6,bc1c9483-ba77-435d-aed9-e1990cad7609,a57f0fd6-6977-43c3-86bb-cd34ef2a7a29,2026-04-17 13:57:05.967004+00:00,pending,1,96.0,0,True,,True,0.0
C_pr17_current_4d_weighted_threshold_3_5_6,5878d3c0-204a-4701-8050-089d53d04803,a57f0fd6-6977-43c3-86bb-cd34ef2a7a29,2026-04-17 14:35:08.883040+00:00,pending,1,96.0,1,True,,True,0.0
C_pr17_current_4d_weighted_threshold_3_5_6,09487269-ba97-4199-9666-f7385e0ca46f,a57f0fd6-6977-43c3-86bb-cd34ef2a7a29,2026-04-17 18:06:35.193034+00:00,pending,1,96.0,2,True,,True,0.0
C_pr17_current_4d_weighted_threshold_3_5_6,f1cb12cf-484f-40c0-b762-e822cc14b952,a57f0fd6-6977-43c3-86bb-cd34ef2a7a29,2026-04-17 18:18:35.894494+00:00,pending,3,96.0,3,True,,True,0.0
C_pr17_current_4d_weighted_threshold_3_5_6,38fca065-b03e-44ce-a1f0-38a28df86325,4ce403f9-c662-4caa-8576-c10e71f01c4b,2026-04-17 19:42:50.478406+00:00,pending,2,18.0,0,True,,True,0.0
C_pr17_current_4d_weighted_threshold_3_5_6,838f9867-6d6d-4019-afe2-ce01d9b9432d,4ce403f9-c662-4caa-8576-c10e71f01c4b,2026-04-17 19:44:59.822102+00:00,pending,2,18.0,1,True,,True,0.0
C_pr17_current_4d_weighted_threshold_3_5_6,980ccafe-c454-4903-b2cc-16ed817cd67e,a57f0fd6-6977-43c3-86bb-cd34ef2a7a29,2026-04-17 19:55:15.132300+00:00,pending,2,96.0,4,True,,True,0.0
C_pr17_current_4d_weighted_threshold_3_5_6,af228821-af4a-4f94-89a7-710e28fcc49f,a57f0fd6-6977-43c3-86bb-cd34ef2a7a29,2026-04-17 20:06:54.978003+00:00,pending,2,96.0,5,True,,True,0.0
C_pr17_current_4d_weighted_threshold_3_5_6,3580b235-f813-40f5-a638-10b5dc0890c0,a57f0fd6-6977-43c3-86bb-cd34ef2a7a29,2026-04-17 20:17:17.107907+00:00,pending,2,96.0,6,True,,True,0.0
C_pr17_current_4d_weighted_threshold_3_5_6,1cfe8b08-dd4d-4a82-a836-c9f9a9e106cc,4ce403f9-c662-4caa-8576-c10e71f01c4b,2026-04-17 21:52:15.388621+00:00,pending,3,18.0,2,True,,True,0.0
C_pr17_current_4d_weighted_threshold_3_5_6,5b955585-b85a-4cec-aaae-2ecaa11d9a9c,a57f0fd6-6977-43c3-86bb-cd34ef2a7a29,2026-04-18 00:15:24.212370+00:00,pending,2,114.0,0,True,,True,0.0
C_pr17_current_4d_weighted_threshold_3_5_6,584dd41b-7c09-46c0-9c0e-f44188a707cd,a57f0fd6-6977-43c3-86bb-cd34ef2a7a29,2026-04-18 00:27:51.074083+00:00,pending,2,114.0,1,True,,True,0.0
C_pr17_current_4d_weighted_threshold_3_5_6,fa632f8a-6661-408c-bd7b-b29035dce656,392a03db-0ab2-42c7-bf58-3acde7de9d5d,2026-04-18 02:01:21.134858+00:00,pending,4,54.0,0,True,,True,0.0
C_pr17_current_4d_weighted_threshold_3_5_6,a0e0cb9c-ce18-4327-a6b3-1846c877281a,392a03db-0ab2-42c7-bf58-3acde7de9d5d,2026-04-18 02:13:03.746119+00:00,approved,2,63.0,1,True,,True,0.0
C_pr17_current_4d_weighted_threshold_3_5_6,d129c327-56a6-4452-993f-d80b5ca8a6e7,a57f0fd6-6977-43c3-86bb-cd34ef2a7a29,2026-04-18 03:17:24.671702+00:00,pending,1,117.0,2,True,,True,0.0
C_pr17_current_4d_weighted_threshold_3_5_6,fc89967e-af03-4de0-ac8b-5c81471c29d6,392a03db-0ab2-42c7-bf58-3acde7de9d5d,2026-04-18 14:41:42.285259+00:00,pending,2,66.0,2,True,,True,0.0
C_pr17_current_4d_weighted_threshold_3_5_6,af6c3b42-1ffc-4188-a335-a3de5af08fae,392a03db-0ab2-42c7-bf58-3acde7de9d5d,2026-04-18 15:15:41.774206+00:00,approved,5,66.0,3,True,,True,0.0
C_pr17_current_4d_weighted_threshold_3_5_6,cdbd38f6-f2f3-4d46-875a-29c4bb33d40d,392a03db-0ab2-42c7-bf58-3acde7de9d5d,2026-04-18 18:04:18.728856+00:00,approved,2,66.0,4,True,,True,0.0
C_pr17_current_4d_weighted_threshold_3_5_6,1a060bef-914f-42bf-9899-f86e1ffcd699,ce6e5c8c-b2e1-4acd-89fe-b42fe49a86bc,2026-04-18 18:25:58.517742+00:00,approved,4,64.0,0,True,,True,0.0
C_pr17_current_4d_weighted_threshold_3_5_6,d597dc05-4f94-4cb0-bebc-34c6effe56c9,4ce403f9-c662-4caa-8576-c10e71f01c4b,2026-04-18 20:28:31.254844+00:00,pending,2,27.0,0,True,,True,0.0
C_pr17_current_4d_weighted_threshold_3_5_6,190e5cc6-d246-4bb8-9ec3-d320f1a74b11,68094f87-01d0-4966-aae7-21eb452e918d,2026-04-18 23:08:37.198011+00:00,approved,3,29.0,0,True,,True,0.0
C_pr17_current_4d_weighted_threshold_3_5_6,5cd78345-dbb7-430d-b879-6f028e735930,68094f87-01d0-4966-aae7-21eb452e918d,2026-04-18 23:17:36.316891+00:00,approved,4,29.0,1,True,,True,0.0
C_pr17_current_4d_weighted_threshold_3_5_6,e49fb55a-021e-4958-8e3f-82227c64b0cc,a57f0fd6-6977-43c3-86bb-cd34ef2a7a29,2026-04-18 23:56:45.621707+00:00,approved,3,83.0,3,True,,True,0.0
C_pr17_current_4d_weighted_threshold_3_5_6,32191593-d0c7-4536-a046-f0f3da62c0a9,a57f0fd6-6977-43c3-86bb-cd34ef2a7a29,2026-04-19 00:12:47.551636+00:00,pending,3,104.0,0,True,,True,0.0
C_pr17_current_4d_weighted_threshold_3_5_6,f2c575aa-3534-45be-9db1-498fe9686b5b,a57f0fd6-6977-43c3-86bb-cd34ef2a7a29,2026-04-19 00:21:52.666661+00:00,pending,1,104.0,1,True,,True,0.0
C_pr17_current_4d_weighted_threshold_3_5_6,42c04f89-150a-4fd5-997f-fcd66b17210e,a57f0fd6-6977-43c3-86bb-cd34ef2a7a29,2026-04-19 00:38:14.828239+00:00,pending,2,104.0,2,True,,True,0.0
C_pr17_current_4d_weighted_threshold_3_5_6,02b42f60-e086-474f-a6bd-6c4eadea3a4c,4ce403f9-c662-4caa-8576-c10e71f01c4b,2026-04-19 03:25:17.779442+00:00,approved,2,56.0,0,True,,True,0.0
C_pr17_current_4d_weighted_threshold_3_5_6,44996974-7584-450d-b4a1-db3b522f0e9c,4ce403f9-c662-4caa-8576-c10e71f01c4b,2026-04-19 03:46:24.644515+00:00,pending,1,56.0,1,True,,True,0.0
C_pr17_current_4d_weighted_threshold_3_5_6,02e8813d-1a1f-43c1-a2db-8c4507020d54,4ce403f9-c662-4caa-8576-c10e71f01c4b,2026-04-19 03:55:23.819416+00:00,pending,1,56.0,2,True,,True,0.0
C_pr17_current_4d_weighted_threshold_3_5_6,b544b2cf-a659-43ec-acf3-7935c3d2fe6b,4ce403f9-c662-4caa-8576-c10e71f01c4b,2026-04-19 04:23:55.055074+00:00,pending,1,56.0,3,True,,True,0.0
C_pr17_current_4d_weighted_threshold_3_5_6,f91233a0-d2f7-4f62-99c9-7811d5d8bc0c,4ce403f9-c662-4caa-8576-c10e71f01c4b,2026-04-19 04:30:53.751654+00:00,pending,1,56.0,4,True,,True,0.0
C_pr17_current_4d_weighted_threshold_3_5_6,3d4a44c7-f4e5-406c-b578-43e865a5b13a,4ce403f9-c662-4caa-8576-c10e71f01c4b,2026-04-19 04:35:43.444196+00:00,pending,2,56.0,5,True,,True,0.0
C_pr17_current_4d_weighted_threshold_3_5_6,c80e1419-6331-4396-857f-fbb808ac36b2,4ce403f9-c662-4caa-8576-c10e71f01c4b,2026-04-19 04:40:51.246881+00:00,pending,2,56.0,6,True,,True,0.0
C_pr17_current_4d_weighted_threshold_3_5_6,b5f7a4db-c7bc-4a77-916d-9028301bf5fc,4ce403f9-c662-4caa-8576-c10e71f01c4b,2026-04-19 04:44:44.257879+00:00,approved,2,56.0,7,True,,True,0.0
C_pr17_current_4d_weighted_threshold_3_5_6,9a9ade01-bd42-42dc-af47-1a9eb309d970,4ce403f9-c662-4caa-8576-c10e71f01c4b,2026-04-19 04:47:24.654038+00:00,approved,2,56.0,8,True,,True,0.0
C_pr17_current_4d_weighted_threshold_3_5_6,a7ceceb8-b488-49f7-9feb-a8b5220bec57,a57f0fd6-6977-43c3-86bb-cd34ef2a7a29,2026-04-19 12:52:02.015472+00:00,pending,2,101.0,3,True,,True,0.0
C_pr17_current_4d_weighted_threshold_3_5_6,68f72ef3-3228-4b12-ab9f-fb567650d7cf,a57f0fd6-6977-43c3-86bb-cd34ef2a7a29,2026-04-19 15:43:17.718537+00:00,pending,2,85.0,4,True,,True,0.0
C_pr17_current_4d_weighted_threshold_3_5_6,cdcb1425-4e88-4a51-a862-003a25f4bcee,a57f0fd6-6977-43c3-86bb-cd34ef2a7a29,2026-04-19 15:47:12.994733+00:00,pending,2,85.0,5,True,,True,0.0
C_pr17_current_4d_weighted_threshold_3_5_6,bd10d1fc-9736-4278-8a8c-980bb47aca68,392a03db-0ab2-42c7-bf58-3acde7de9d5d,2026-04-19 16:28:37.807544+00:00,pending,0,70.0,0,True,,True,0.0
C_pr17_current_4d_weighted_threshold_3_5_6,f98aea1f-fa85-44a7-97b2-5406ac7cec09,a57f0fd6-6977-43c3-86bb-cd34ef2a7a29,2026-04-19 19:39:51.380414+00:00,pending,3,85.0,6,True,,True,0.0
C_pr17_current_4d_weighted_threshold_3_5_6,5d9fbd2f-696a-4382-982a-49b151d26b2c,a57f0fd6-6977-43c3-86bb-cd34ef2a7a29,2026-04-19 23:59:57.800393+00:00,pending,2,81.0,7,True,,True,0.0
C_pr17_current_4d_weighted_threshold_3_5_6,2926d25c-727a-4376-8f46-2f11706b9308,a57f0fd6-6977-43c3-86bb-cd34ef2a7a29,2026-04-20 14:56:21.637710+00:00,pending,2,72.0,0,True,,True,0.0
C_pr17_current_4d_weighted_threshold_3_5_6,37fccae0-58a4-4b76-8c99-aba46a5f8d6c,392a03db-0ab2-42c7-bf58-3acde7de9d5d,2026-04-20 15:03:13.561334+00:00,pending,2,55.0,0,True,,True,0.0
C_pr17_current_4d_weighted_threshold_3_5_6,5935e8aa-6452-47ad-ae59-5f38a1a53268,a57f0fd6-6977-43c3-86bb-cd34ef2a7a29,2026-04-20 17:04:44.923694+00:00,pending,2,81.0,1,True,,True,0.0
C_pr17_current_4d_weighted_threshold_3_5_6,639809cf-83b5-47ba-a25c-45a0358f7797,a57f0fd6-6977-43c3-86bb-cd34ef2a7a29,2026-04-20 20:07:18.679294+00:00,pending,1,81.0,2,True,,True,0.0
C_pr17_current_4d_weighted_threshold_3_5_6,89ba2262-f3c5-4742-9f1c-d270433c2dd3,a57f0fd6-6977-43c3-86bb-cd34ef2a7a29,2026-04-20 20:39:03.435082+00:00,pending,1,81.0,3,True,,True,0.0
C_pr17_current_4d_weighted_threshold_3_5_6,0405fae8-11a4-478b-86e2-ed60e9a4a553,a57f0fd6-6977-43c3-86bb-cd34ef2a7a29,2026-04-20 20:47:39.666781+00:00,pending,1,81.0,4,True,,True,0.0
C_pr17_current_4d_weighted_threshold_3_5_6,39dd3801-1da4-432e-ae39-58660f1eb025,fd9b7f36-2943-4ceb-b658-83c814782ac3,2026-04-20 21:03:52.061313+00:00,approved,3,18.0,0,True,,True,0.0
C_pr17_current_4d_weighted_threshold_3_5_6,857572ac-0235-4ee4-9be2-343dca03d4fb,fd9b7f36-2943-4ceb-b658-83c814782ac3,2026-04-20 21:07:15.244606+00:00,approved,3,18.0,1,True,,True,0.0
C_pr17_current_4d_weighted_threshold_3_5_6,fd6c2eb7-0b67-4cf0-8995-5f833db2de7c,fd9b7f36-2943-4ceb-b658-83c814782ac3,2026-04-20 21:24:46.025928+00:00,approved,2,18.0,2,True,,True,0.0
C_pr17_current_4d_weighted_threshold_3_5_6,925e6ba8-9a3b-47f5-8267-819fce140b29,392a03db-0ab2-42c7-bf58-3acde7de9d5d,2026-04-20 21:56:01.354668+00:00,pending,0,50.0,1,True,,True,0.0
C_pr17_current_4d_weighted_threshold_3_5_6,c1b877a0-fc59-4924-a732-d7acb60add21,a57f0fd6-6977-43c3-86bb-cd34ef2a7a29,2026-04-20 22:21:25.228603+00:00,pending,3,83.0,5,True,,True,0.0
C_pr17_current_4d_weighted_threshold_3_5_6,3ce80d5a-b18d-49df-83d3-1bd8c05b29c8,392a03db-0ab2-42c7-bf58-3acde7de9d5d,2026-04-21 00:25:04.911204+00:00,pending,1,60.0,0,True,,True,0.0
C_pr17_current_4d_weighted_threshold_3_5_6,bd09e29c-76e6-4948-9ef1-f449a6e32c3d,fd9b7f36-2943-4ceb-b658-83c814782ac3,2026-04-21 02:45:57.447735+00:00,approved,2,36.0,0,True,,True,0.0
C_pr17_current_4d_weighted_threshold_3_5_6,f6fedc31-c141-42ac-bf7f-768eb1fba166,392a03db-0ab2-42c7-bf58-3acde7de9d5d,2026-04-21 03:26:02.023980+00:00,approved,3,69.0,1,True,,True,0.0
C_pr17_current_4d_weighted_threshold_3_5_6,d69a4f94-1f5a-4041-89f0-29e5f90a67ab,392a03db-0ab2-42c7-bf58-3acde7de9d5d,2026-04-21 04:09:18.084619+00:00,approved,1,69.0,2,True,,True,0.0
C_pr17_current_4d_weighted_threshold_3_5_6,c71db8b6-09cb-4491-b83c-0d396bac7a9e,392a03db-0ab2-42c7-bf58-3acde7de9d5d,2026-04-21 04:23:06.806990+00:00,approved,2,69.0,3,True,,True,0.0
C_pr17_current_4d_weighted_threshold_3_5_6,10c5e7ae-0a82-411a-8935-437970326f9b,392a03db-0ab2-42c7-bf58-3acde7de9d5d,2026-04-21 16:55:45.479127+00:00,pending,1,73.0,4,True,,True,0.0
C_pr17_current_4d_weighted_threshold_3_5_6,8677f3ed-2a98-478b-bcfa-bda614539b64,392a03db-0ab2-42c7-bf58-3acde7de9d5d,2026-04-21 17:01:47.864082+00:00,pending,0,73.0,5,True,,True,0.0
C_pr17_current_4d_weighted_threshold_3_5_6,c373da49-ee5f-4e09-a637-f9771a79b52c,392a03db-0ab2-42c7-bf58-3acde7de9d5d,2026-04-21 17:05:26.603280+00:00,pending,0,73.0,6,True,,True,0.0
C_pr17_current_4d_weighted_threshold_3_5_6,b71e2c04-bca2-4ac2-aee1-f876bf9ec139,392a03db-0ab2-42c7-bf58-3acde7de9d5d,2026-04-21 17:57:02.711606+00:00,pending,0,73.0,7,True,,True,0.0
C_pr17_current_4d_weighted_threshold_3_5_6,760810ad-f67b-4907-9538-41c07686095c,392a03db-0ab2-42c7-bf58-3acde7de9d5d,2026-04-21 21:13:42.061578+00:00,pending,0,73.0,8,True,,True,0.0
C_pr17_current_4d_weighted_threshold_3_5_6,5a41911b-3db6-4c2a-8b96-12db217cf850,392a03db-0ab2-42c7-bf58-3acde7de9d5d,2026-04-22 00:02:39.889179+00:00,pending,0,82.0,0,True,,True,0.0
C_pr17_current_4d_weighted_threshold_3_5_6,41f30708-2e2a-486b-bda8-b990008183b4,392a03db-0ab2-42c7-bf58-3acde7de9d5d,2026-04-22 00:11:18.298241+00:00,pending,0,91.0,1,True,,True,0.0
C_pr17_current_4d_weighted_threshold_3_5_6,d9b483d8-5193-4f23-99d4-c343f81bb410,392a03db-0ab2-42c7-bf58-3acde7de9d5d,2026-04-22 00:42:56.943524+00:00,pending,1,92.0,2,True,,True,0.0
C_pr17_current_4d_weighted_threshold_3_5_6,5f00eb22-a793-40f7-b829-0f6b136fe951,392a03db-0ab2-42c7-bf58-3acde7de9d5d,2026-04-22 03:51:05.853886+00:00,pending,0,71.0,3,True,,True,0.0
C_pr17_current_4d_weighted_threshold_3_5_6,216ce11e-a7d9-45f8-996d-3afe35e36be6,392a03db-0ab2-42c7-bf58-3acde7de9d5d,2026-04-22 15:36:51.417391+00:00,approved,1,71.0,4,True,,True,0.0
C_pr17_current_4d_weighted_threshold_3_5_6,2c029705-a38a-47a2-94d6-881887522d0b,392a03db-0ab2-42c7-bf58-3acde7de9d5d,2026-04-22 15:49:32.242549+00:00,approved,1,71.0,5,True,,True,0.0
C_pr17_current_4d_weighted_threshold_3_5_6,7c076b17-8360-4d23-8e52-d83f7a0473ab,a57f0fd6-6977-43c3-86bb-cd34ef2a7a29,2026-04-22 17:01:30.494248+00:00,pending,1,61.0,0,True,,True,0.0
C_pr17_current_4d_weighted_threshold_3_5_6,bafa397b-8767-4d13-be64-07de8e226d07,392a03db-0ab2-42c7-bf58-3acde7de9d5d,2026-04-22 21:32:25.658050+00:00,pending,-1,82.0,6,True,,True,0.0
C_pr17_current_4d_weighted_threshold_3_5_6,66b42626-3f13-473c-a9cb-e658335f6b28,392a03db-0ab2-42c7-bf58-3acde7de9d5d,2026-04-22 21:34:43.837084+00:00,approved,2,82.0,7,True,,True,0.0
C_pr17_current_4d_weighted_threshold_3_5_6,3f13697b-8984-4f68-8007-b58e5c89a281,a57f0fd6-6977-43c3-86bb-cd34ef2a7a29,2026-04-22 23:32:10.106790+00:00,pending,0,71.0,1,True,,True,0.0
C_pr17_current_4d_weighted_threshold_3_5_6,cefaf20a-a919-42e2-ae46-706c3cfe60c0,fd9b7f36-2943-4ceb-b658-83c814782ac3,2026-04-23 02:17:28.928469+00:00,pending,0,55.0,0,True,,True,0.0
C_pr17_current_4d_weighted_threshold_3_5_6,f1bb68fb-ea55-4515-814b-5f8d16ce4876,fd9b7f36-2943-4ceb-b658-83c814782ac3,2026-04-23 02:39:02.579148+00:00,pending,1,55.0,1,True,,True,0.0
C_pr17_current_4d_weighted_threshold_3_5_6,13b37226-3ad0-4175-a391-2245ed0189bd,fd9b7f36-2943-4ceb-b658-83c814782ac3,2026-04-23 02:52:55.161676+00:00,pending,0,55.0,2,True,,True,0.0
C_pr17_current_4d_weighted_threshold_3_5_6,3035c992-455f-4f6e-9217-c0e883713600,fd9b7f36-2943-4ceb-b658-83c814782ac3,2026-04-23 03:23:13.893026+00:00,pending,1,55.0,3,True,,True,0.0
C_pr17_current_4d_weighted_threshold_3_5_6,84faab01-303e-4e90-95c4-c1332c456999,fd9b7f36-2943-4ceb-b658-83c814782ac3,2026-04-23 03:32:33.473055+00:00,pending,0,55.0,4,True,,True,0.0
C_pr17_current_4d_weighted_threshold_3_5_6,39c9b9a1-2c08-455f-bfe5-2dee5a1f2091,fd9b7f36-2943-4ceb-b658-83c814782ac3,2026-04-23 04:17:56.382850+00:00,pending,1,55.0,5,True,,True,0.0
C_pr17_current_4d_weighted_threshold_3_5_6,a8f4693d-ae2c-4ede-81d6-24da37de6333,392a03db-0ab2-42c7-bf58-3acde7de9d5d,2026-04-23 04:27:46.677841+00:00,pending,0,91.0,0,True,,True,0.0
C_pr17_current_4d_weighted_threshold_3_5_6,3676fab2-3ba7-40e4-9e50-4b2dda419021,fd9b7f36-2943-4ceb-b658-83c814782ac3,2026-04-23 04:29:15.032854+00:00,pending,1,55.0,6,True,,True,0.0
C_pr17_current_4d_weighted_threshold_3_5_6,d675590c-30b6-4d08-93d3-c3c3287aa5af,392a03db-0ab2-42c7-bf58-3acde7de9d5d,2026-04-23 04:42:20.720666+00:00,pending,0,100.0,1,True,,True,0.0
C_pr17_current_4d_weighted_threshold_3_5_6,0e9dc353-e081-4af3-b427-9374dd613f55,392a03db-0ab2-42c7-bf58-3acde7de9d5d,2026-04-23 05:04:33.850263+00:00,pending,1,103.0,2,True,,True,0.0
C_pr17_current_4d_weighted_threshold_3_5_6,f2f48a46-184a-436b-96ac-68214a69ac1f,a57f0fd6-6977-43c3-86bb-cd34ef2a7a29,2026-04-23 11:03:06.729989+00:00,pending,0,59.0,0,True,,True,0.0
C_pr17_current_4d_weighted_threshold_3_5_6,14dd599c-1f0f-42db-bbaa-2378626058f9,68094f87-01d0-4966-aae7-21eb452e918d,2026-04-23 12:53:28.648495+00:00,approved,1,20.0,0,True,,True,0.0
C_pr17_current_4d_weighted_threshold_3_5_6,5d5ec15d-997d-4085-859a-7697821ef619,68094f87-01d0-4966-aae7-21eb452e918d,2026-04-23 12:57:12.311955+00:00,approved,1,20.0,1,True,,True,0.0
C_pr17_current_4d_weighted_threshold_3_5_6,fbfa501c-b933-4ef8-a9c4-76e4e3d86f10,a57f0fd6-6977-43c3-86bb-cd34ef2a7a29,2026-04-23 13:39:04.289041+00:00,pending,1,66.0,1,True,,True,0.0
C_pr17_current_4d_weighted_threshold_3_5_6,e0bdd64a-d824-499e-84ea-1beb17f68e41,a57f0fd6-6977-43c3-86bb-cd34ef2a7a29,2026-04-23 13:40:23.558036+00:00,pending,1,66.0,2,True,,True,0.0
C_pr17_current_4d_weighted_threshold_3_5_6,4e679b0d-0eac-49ef-b9d0-e507c53510e1,a57f0fd6-6977-43c3-86bb-cd34ef2a7a29,2026-04-23 13:53:51.438518+00:00,pending,1,66.0,3,True,,True,0.0
C_pr17_current_4d_weighted_threshold_3_5_6,11c97a8f-951c-4d17-b936-9e1f36727e03,fd9b7f36-2943-4ceb-b658-83c814782ac3,2026-04-23 14:06:40.933024+00:00,approved,1,55.0,7,True,,True,0.0
C_pr17_current_4d_weighted_threshold_3_5_6,b4eae83b-1512-4989-bb17-229a33471cf0,fd9b7f36-2943-4ceb-b658-83c814782ac3,2026-04-23 14:18:38.796016+00:00,approved,1,55.0,8,True,,True,0.0
C_pr17_current_4d_weighted_threshold_3_5_6,9d9f7995-fc23-4438-9343-5b7b64d30ef2,fd9b7f36-2943-4ceb-b658-83c814782ac3,2026-04-23 14:26:18.471395+00:00,pending,0,55.0,9,True,,True,0.0
C_pr17_current_4d_weighted_threshold_3_5_6,6535ab26-7cc7-4e1a-bcd5-c9ccaf41a0c7,fd9b7f36-2943-4ceb-b658-83c814782ac3,2026-04-23 15:44:47.964355+00:00,approved,0,57.0,10,True,,True,0.0
C_pr17_current_4d_weighted_threshold_3_5_6,0bc00399-96e9-4634-8cdf-fc6a615b8128,a57f0fd6-6977-43c3-86bb-cd34ef2a7a29,2026-04-23 20:59:27.129002+00:00,approved,1,69.0,4,True,,True,0.0
C_pr17_current_4d_weighted_threshold_3_5_6,5cf1f5e8-fc0b-4014-a3ec-1290365803cb,a57f0fd6-6977-43c3-86bb-cd34ef2a7a29,2026-04-23 21:09:14.097552+00:00,approved,1,69.0,5,True,,True,0.0
C_pr17_current_4d_weighted_threshold_3_5_6,b60b327e-7e64-4719-8e86-80a63f9a62e6,392a03db-0ab2-42c7-bf58-3acde7de9d5d,2026-04-23 21:48:26.062181+00:00,rejected,0,91.0,3,True,,True,0.0
C_pr17_current_4d_weighted_threshold_3_5_6,e40500b1-6382-4d49-ba26-f479ad3f3c7a,392a03db-0ab2-42c7-bf58-3acde7de9d5d,2026-04-23 21:57:03.423844+00:00,pending,0,91.0,4,True,,True,0.0
C_pr17_current_4d_weighted_threshold_3_5_6,7d1c5441-c973-4308-a1a9-afc452046490,69ce191d-25f7-4ae6-b5fc-26bdc90e84aa,2026-04-23 22:26:40.210131+00:00,pending,0,19.0,0,True,,True,0.0
C_pr17_current_4d_weighted_threshold_3_5_6,be9840da-6763-4d04-af37-6587408eda67,392a03db-0ab2-42c7-bf58-3acde7de9d5d,2026-04-24 02:00:36.899016+00:00,pending,0,100.0,0,True,,True,0.0
C_pr17_current_4d_weighted_threshold_3_5_6,d6c07639-0259-4817-a25a-b89c3f82829e,392a03db-0ab2-42c7-bf58-3acde7de9d5d,2026-04-24 02:06:33.619193+00:00,approved,1,106.0,1,True,,True,0.0
D_pr17_scaled_4d_weighted_threshold_0_9_18,5331584a-56bb-46d0-9493-56b622c9e4bf,a57f0fd6-6977-43c3-86bb-cd34ef2a7a29,2026-03-14 18:40:57.454405+00:00,approved,1,2.0,0,True,1.0,False,7.0
D_pr17_scaled_4d_weighted_threshold_0_9_18,32262f76-1a59-43d6-9a94-840a38a79439,a57f0fd6-6977-43c3-86bb-cd34ef2a7a29,2026-03-14 18:54:05.649655+00:00,approved,0,2.0,1,False,1.0,False,7.0
D_pr17_scaled_4d_weighted_threshold_0_9_18,e38bbdb3-dab1-4f9c-8956-21842cdf509b,a57f0fd6-6977-43c3-86bb-cd34ef2a7a29,2026-03-14 20:07:34.507547+00:00,approved,0,2.0,2,False,1.0,False,7.0
D_pr17_scaled_4d_weighted_threshold_0_9_18,c106ddb2-8db7-44a3-942d-cacf45f27430,a57f0fd6-6977-43c3-86bb-cd34ef2a7a29,2026-03-14 20:18:35.154922+00:00,approved,-1,2.0,3,False,1.0,False,7.0
D_pr17_scaled_4d_weighted_threshold_0_9_18,393477f3-c9f7-49f2-a6e5-025c8ea2ca3f,60264769-e015-4dba-b2f4-6bfdffed12b3,2026-03-14 20:35:41.056139+00:00,approved,3,0.0,0,True,1.0,False,9.0
D_pr17_scaled_4d_weighted_threshold_0_9_18,61866180-9717-41cc-8e26-f90cd8775298,a57f0fd6-6977-43c3-86bb-cd34ef2a7a29,2026-03-14 20:54:18.168454+00:00,approved,1,2.0,4,False,1.0,False,7.0
D_pr17_scaled_4d_weighted_threshold_0_9_18,449a3467-b150-4f07-9ed7-3a3804f6f525,68094f87-01d0-4966-aae7-21eb452e918d,2026-03-14 21:15:17.675527+00:00,approved,2,0.0,0,True,1.0,False,9.0
D_pr17_scaled_4d_weighted_threshold_0_9_18,d3772e60-a8c7-4ad7-ad14-4e30f67ef7ed,a57f0fd6-6977-43c3-86bb-cd34ef2a7a29,2026-03-14 21:26:35.667080+00:00,approved,0,2.0,5,False,1.0,False,7.0
D_pr17_scaled_4d_weighted_threshold_0_9_18,a6e2e580-3be5-411b-8ece-7b2b12663cf7,a57f0fd6-6977-43c3-86bb-cd34ef2a7a29,2026-03-14 21:34:28.210456+00:00,approved,1,2.0,6,False,1.0,False,7.0
D_pr17_scaled_4d_weighted_threshold_0_9_18,c33c69e0-9ab8-401f-8b56-d1f8a735649f,69ce191d-25f7-4ae6-b5fc-26bdc90e84aa,2026-03-14 22:45:39.748380+00:00,rejected,0,24.0,0,True,,True,0.0
D_pr17_scaled_4d_weighted_threshold_0_9_18,f605b9e6-29c7-49a0-adfc-b8f4138f32a3,69ce191d-25f7-4ae6-b5fc-26bdc90e84aa,2026-03-14 22:50:32.694247+00:00,rejected,0,24.0,1,True,,True,0.0
D_pr17_scaled_4d_weighted_threshold_0_9_18,6250524e-c541-4d10-bab9-ea97aabacb43,69ce191d-25f7-4ae6-b5fc-26bdc90e84aa,2026-03-15 00:41:50.652765+00:00,approved,1,28.0,0,True,,True,0.0
D_pr17_scaled_4d_weighted_threshold_0_9_18,6752d281-bca4-45dc-af62-e8ffdbb6df8e,69ce191d-25f7-4ae6-b5fc-26bdc90e84aa,2026-03-15 02:47:58.927216+00:00,approved,1,28.0,1,True,,True,0.0
D_pr17_scaled_4d_weighted_threshold_0_9_18,9a275745-4d67-4fac-ad72-dd5f78b54891,69ce191d-25f7-4ae6-b5fc-26bdc90e84aa,2026-03-15 12:36:10.145621+00:00,approved,0,28.0,2,True,,True,0.0
D_pr17_scaled_4d_weighted_threshold_0_9_18,0f077339-92ef-453d-8e12-bf329e96840b,a57f0fd6-6977-43c3-86bb-cd34ef2a7a29,2026-03-15 13:53:41.279663+00:00,approved,2,8.0,0,True,1.0,False,1.0
D_pr17_scaled_4d_weighted_threshold_0_9_18,05a7c900-212c-47d0-a604-08d140972f39,69ce191d-25f7-4ae6-b5fc-26bdc90e84aa,2026-03-15 13:54:25.369228+00:00,approved,2,28.0,3,True,,True,0.0
D_pr17_scaled_4d_weighted_threshold_0_9_18,f64ac8c8-2cb4-45cf-99a0-82e63aa16cb2,a57f0fd6-6977-43c3-86bb-cd34ef2a7a29,2026-03-15 14:50:21.225860+00:00,approved,3,8.0,1,False,1.0,False,1.0
D_pr17_scaled_4d_weighted_threshold_0_9_18,02ca4dcf-9767-4ca0-b57e-cfbea954d3ba,a57f0fd6-6977-43c3-86bb-cd34ef2a7a29,2026-03-15 15:00:20.072486+00:00,approved,1,8.0,2,False,1.0,False,1.0
D_pr17_scaled_4d_weighted_threshold_0_9_18,595627e7-5482-4e29-8b00-817bc0024341,a57f0fd6-6977-43c3-86bb-cd34ef2a7a29,2026-03-16 10:27:01.354071+00:00,approved,1,14.0,0,True,2.0,False,4.0
D_pr17_scaled_4d_weighted_threshold_0_9_18,aeef017d-33b4-4175-b9c9-b4bd065a1fcd,10293b59-6af4-4de0-9a6d-b87c2ed343a1,2026-03-16 15:28:13.382405+00:00,approved,2,0.0,0,True,1.0,False,9.0
D_pr17_scaled_4d_weighted_threshold_0_9_18,690426b4-a430-4b09-b9e9-a19aa2737b42,8f2ee531-41f7-4433-a49a-712adb50c585,2026-03-16 15:39:23.355309+00:00,approved,3,0.0,0,True,1.0,False,9.0
D_pr17_scaled_4d_weighted_threshold_0_9_18,1de3eb0a-a6a5-4ba3-a24c-3c87e83ee7f3,8f2ee531-41f7-4433-a49a-712adb50c585,2026-03-16 15:46:52.287348+00:00,approved,2,0.0,1,False,1.0,False,9.0
D_pr17_scaled_4d_weighted_threshold_0_9_18,8e1eaeb9-6bd0-4a03-95d5-1c70ba7dd28b,8f2ee531-41f7-4433-a49a-712adb50c585,2026-03-16 15:58:53.504299+00:00,approved,1,0.0,2,False,1.0,False,9.0
D_pr17_scaled_4d_weighted_threshold_0_9_18,7d41ac98-8b30-44e7-a06f-bf54f2061b0d,8f2ee531-41f7-4433-a49a-712adb50c585,2026-03-16 16:04:07.212810+00:00,pending,0,0.0,3,False,1.0,False,9.0
D_pr17_scaled_4d_weighted_threshold_0_9_18,d75c2ac8-8787-41c8-b255-55f8c28bec7b,8f2ee531-41f7-4433-a49a-712adb50c585,2026-03-16 16:08:26.937596+00:00,approved,1,0.0,4,False,1.0,False,9.0
D_pr17_scaled_4d_weighted_threshold_0_9_18,a41727d6-20d6-4b81-961f-915ca3bf2196,8f2ee531-41f7-4433-a49a-712adb50c585,2026-03-16 16:13:10.493301+00:00,approved,4,0.0,5,False,1.0,False,9.0
D_pr17_scaled_4d_weighted_threshold_0_9_18,1e4a525f-8ed6-4ac1-9209-53b24434739b,a57f0fd6-6977-43c3-86bb-cd34ef2a7a29,2026-03-16 16:37:45.247056+00:00,approved,1,38.0,1,True,,True,0.0
D_pr17_scaled_4d_weighted_threshold_0_9_18,66c9a1a9-81d1-4976-80bb-bebfae5be88e,a57f0fd6-6977-43c3-86bb-cd34ef2a7a29,2026-03-16 16:53:37.868843+00:00,approved,1,38.0,2,True,,True,0.0
D_pr17_scaled_4d_weighted_threshold_0_9_18,4aaa6014-d8b3-45dd-ba59-8b49c9948665,36e75d85-db7f-499d-8d6b-ee983421a046,2026-03-16 17:41:51.212050+00:00,approved,2,0.0,0,True,1.0,False,9.0
D_pr17_scaled_4d_weighted_threshold_0_9_18,4b1e0615-6f87-4a75-9a64-5fab90bd763a,36e75d85-db7f-499d-8d6b-ee983421a046,2026-03-16 17:50:35.625234+00:00,pending,0,0.0,1,False,1.0,False,9.0
D_pr17_scaled_4d_weighted_threshold_0_9_18,c449a355-4fae-426f-98cb-1b5538b688d5,36e75d85-db7f-499d-8d6b-ee983421a046,2026-03-16 17:55:09.206859+00:00,approved,1,0.0,2,False,1.0,False,9.0
D_pr17_scaled_4d_weighted_threshold_0_9_18,21114c30-137b-4f51-b197-eef3673caadd,36e75d85-db7f-499d-8d6b-ee983421a046,2026-03-16 17:58:34.654377+00:00,approved,2,0.0,3,False,1.0,False,9.0
D_pr17_scaled_4d_weighted_threshold_0_9_18,1c66ddd2-7036-4c2f-a514-234b6fc453c5,36e75d85-db7f-499d-8d6b-ee983421a046,2026-03-16 18:04:20.908920+00:00,approved,1,0.0,4,False,1.0,False,9.0
D_pr17_scaled_4d_weighted_threshold_0_9_18,8b6021d1-ac56-4778-8a6f-6ed1a30138ca,36e75d85-db7f-499d-8d6b-ee983421a046,2026-03-16 18:08:15.920953+00:00,pending,0,0.0,5,False,1.0,False,9.0
D_pr17_scaled_4d_weighted_threshold_0_9_18,e267eb2b-9598-4f0f-9fba-a07fb73b5173,36e75d85-db7f-499d-8d6b-ee983421a046,2026-03-16 18:12:11.007718+00:00,pending,0,0.0,6,False,1.0,False,9.0
D_pr17_scaled_4d_weighted_threshold_0_9_18,433c9453-c3ee-4ada-b85a-441711c227c5,36e75d85-db7f-499d-8d6b-ee983421a046,2026-03-16 18:26:38.197371+00:00,pending,-1,3.0,7,False,1.0,False,6.0
D_pr17_scaled_4d_weighted_threshold_0_9_18,5d62e42e-fc95-403a-b265-dd56eb40b260,36e75d85-db7f-499d-8d6b-ee983421a046,2026-03-16 18:28:42.441781+00:00,approved,1,3.0,8,False,1.0,False,6.0
D_pr17_scaled_4d_weighted_threshold_0_9_18,63a6fc40-0d1e-4fde-9cd6-50f41df5ffc6,36e75d85-db7f-499d-8d6b-ee983421a046,2026-03-16 19:32:00.877372+00:00,pending,1,3.0,9,False,1.0,False,6.0
D_pr17_scaled_4d_weighted_threshold_0_9_18,a58b2fdd-5377-41f3-8e14-d8a793af1942,36e75d85-db7f-499d-8d6b-ee983421a046,2026-03-16 20:00:55.490116+00:00,pending,0,3.0,10,False,1.0,False,6.0
D_pr17_scaled_4d_weighted_threshold_0_9_18,2f9a9db3-10e4-4ae3-bd86-bfd2041bfeb1,36e75d85-db7f-499d-8d6b-ee983421a046,2026-03-16 20:26:15.397670+00:00,approved,1,3.0,11,False,1.0,False,6.0
D_pr17_scaled_4d_weighted_threshold_0_9_18,ffcc8121-91cb-40c2-ab36-4b8f94889260,36e75d85-db7f-499d-8d6b-ee983421a046,2026-03-16 20:39:57.894230+00:00,pending,1,4.0,12,False,1.0,False,5.0
D_pr17_scaled_4d_weighted_threshold_0_9_18,f84f7d7c-802f-41ee-88ec-c8ea3073cbf5,36e75d85-db7f-499d-8d6b-ee983421a046,2026-03-16 22:38:02.462374+00:00,approved,1,7.0,13,False,1.0,False,2.0
D_pr17_scaled_4d_weighted_threshold_0_9_18,57e222a9-1143-416b-b24f-fb170a059722,36e75d85-db7f-499d-8d6b-ee983421a046,2026-03-16 22:43:43.457705+00:00,approved,1,7.0,14,False,1.0,False,2.0
D_pr17_scaled_4d_weighted_threshold_0_9_18,9faa7537-17b1-4492-8399-a67cf278e5f1,36e75d85-db7f-499d-8d6b-ee983421a046,2026-03-16 23:27:26.123294+00:00,approved,1,7.0,15,False,1.0,False,2.0
D_pr17_scaled_4d_weighted_threshold_0_9_18,9c6412f6-86a4-4932-95b1-b1aa8e604735,36e75d85-db7f-499d-8d6b-ee983421a046,2026-03-16 23:46:13.726291+00:00,approved,2,7.0,16,False,1.0,False,2.0
D_pr17_scaled_4d_weighted_threshold_0_9_18,48d8dcc8-692b-4156-aa4f-625f8aea1661,36e75d85-db7f-499d-8d6b-ee983421a046,2026-03-17 00:09:10.369848+00:00,approved,1,7.0,0,True,1.0,False,2.0
D_pr17_scaled_4d_weighted_threshold_0_9_18,c7092743-11a3-42bb-86e5-7e8117a5757f,36e75d85-db7f-499d-8d6b-ee983421a046,2026-03-17 00:14:34.852001+00:00,pending,0,7.0,1,False,1.0,False,2.0
D_pr17_scaled_4d_weighted_threshold_0_9_18,b51c9675-6b80-44f8-a229-cf44ccb88c92,36e75d85-db7f-499d-8d6b-ee983421a046,2026-03-17 00:19:54.819121+00:00,pending,0,7.0,2,False,1.0,False,2.0
D_pr17_scaled_4d_weighted_threshold_0_9_18,ee9dc332-6561-477d-af1c-22cd1384e475,a57f0fd6-6977-43c3-86bb-cd34ef2a7a29,2026-03-17 18:49:43.545135+00:00,pending,0,39.0,0,True,,True,0.0
D_pr17_scaled_4d_weighted_threshold_0_9_18,d5f1ee08-36df-40e6-8e6a-1c56e912594a,a57f0fd6-6977-43c3-86bb-cd34ef2a7a29,2026-03-17 18:58:47.606389+00:00,pending,2,39.0,1,True,,True,0.0
D_pr17_scaled_4d_weighted_threshold_0_9_18,2ea36044-6d48-4371-8c5d-d955df6d68ea,a57f0fd6-6977-43c3-86bb-cd34ef2a7a29,2026-03-17 20:20:28.233580+00:00,pending,2,42.0,2,True,,True,0.0
D_pr17_scaled_4d_weighted_threshold_0_9_18,8096ff40-3c0b-414e-a6e1-eef07aa99e7f,a57f0fd6-6977-43c3-86bb-cd34ef2a7a29,2026-03-17 20:26:15.254983+00:00,pending,2,42.0,3,True,,True,0.0
D_pr17_scaled_4d_weighted_threshold_0_9_18,418e4cd0-6103-4f1b-9eaf-69931c1674c8,a3cd0e01-82b4-4a40-bbfd-448afbe493a5,2026-03-17 21:01:19.683095+00:00,pending,0,0.0,0,True,1.0,False,9.0
D_pr17_scaled_4d_weighted_threshold_0_9_18,14752602-af47-46be-92b7-1006e2fd594c,cdbc2977-3feb-4b78-967e-7636db3986d5,2026-03-17 21:10:01.275748+00:00,pending,2,0.0,0,True,1.0,False,9.0
D_pr17_scaled_4d_weighted_threshold_0_9_18,c311b020-b9b7-4474-be49-ecb53356f56c,cdbc2977-3feb-4b78-967e-7636db3986d5,2026-03-17 21:17:04.016034+00:00,pending,3,0.0,1,False,1.0,False,9.0
D_pr17_scaled_4d_weighted_threshold_0_9_18,b397c158-17f5-4db5-aed6-af055438c82a,cdbc2977-3feb-4b78-967e-7636db3986d5,2026-03-17 21:29:05.622704+00:00,approved,2,0.0,2,False,1.0,False,9.0
D_pr17_scaled_4d_weighted_threshold_0_9_18,19fe85b3-e0df-49ba-9aaa-c48ad5b6fcf4,cdbc2977-3feb-4b78-967e-7636db3986d5,2026-03-17 21:48:12.648546+00:00,pending,0,0.0,3,False,1.0,False,9.0
D_pr17_scaled_4d_weighted_threshold_0_9_18,3427d60c-c677-4b79-bd9e-0c05512302bd,cdbc2977-3feb-4b78-967e-7636db3986d5,2026-03-17 21:54:05.533970+00:00,approved,1,0.0,4,False,1.0,False,9.0
D_pr17_scaled_4d_weighted_threshold_0_9_18,a0b62e05-8af4-4fa3-be0d-0571bc14da76,cdbc2977-3feb-4b78-967e-7636db3986d5,2026-03-17 22:10:42.802094+00:00,approved,1,0.0,5,False,1.0,False,9.0
D_pr17_scaled_4d_weighted_threshold_0_9_18,dfafca12-f628-4370-977b-59dd682e4375,cdbc2977-3feb-4b78-967e-7636db3986d5,2026-03-17 22:18:28.552148+00:00,approved,3,0.0,6,False,1.0,False,9.0
D_pr17_scaled_4d_weighted_threshold_0_9_18,3ef7bfd5-624d-4768-a779-ece5c2f129a1,cdbc2977-3feb-4b78-967e-7636db3986d5,2026-03-17 22:36:31.395437+00:00,approved,1,0.0,7,False,1.0,False,9.0
D_pr17_scaled_4d_weighted_threshold_0_9_18,0dddc6bb-3c37-4214-964c-77907c7601ea,36e75d85-db7f-499d-8d6b-ee983421a046,2026-03-18 00:58:51.421217+00:00,pending,0,13.0,0,True,2.0,False,5.0
D_pr17_scaled_4d_weighted_threshold_0_9_18,c009a013-aeed-4725-9630-a88eaa40ebac,a57f0fd6-6977-43c3-86bb-cd34ef2a7a29,2026-03-18 02:57:16.836460+00:00,approved,1,42.0,0,True,,True,0.0
D_pr17_scaled_4d_weighted_threshold_0_9_18,a3a49861-8ca9-4bd7-a8a0-7ca7c39e2ed4,a57f0fd6-6977-43c3-86bb-cd34ef2a7a29,2026-03-18 03:01:11.061988+00:00,approved,2,42.0,1,True,,True,0.0
D_pr17_scaled_4d_weighted_threshold_0_9_18,0d1e4266-0db8-4823-bca4-32ed82383bc0,69ce191d-25f7-4ae6-b5fc-26bdc90e84aa,2026-03-18 15:24:05.807237+00:00,approved,1,88.0,0,True,,True,0.0
D_pr17_scaled_4d_weighted_threshold_0_9_18,835de9cc-b5da-42e0-8f78-0c96ddcf42f6,a57f0fd6-6977-43c3-86bb-cd34ef2a7a29,2026-03-18 15:54:03.287158+00:00,approved,0,49.0,2,True,,True,0.0
D_pr17_scaled_4d_weighted_threshold_0_9_18,dae06965-2c2a-4de2-ad93-eab99d273db4,a57f0fd6-6977-43c3-86bb-cd34ef2a7a29,2026-03-18 16:05:34.392396+00:00,approved,0,49.0,3,True,,True,0.0
D_pr17_scaled_4d_weighted_threshold_0_9_18,ef677fa9-4d7e-41d4-a8d0-cdefb9b9bd52,a57f0fd6-6977-43c3-86bb-cd34ef2a7a29,2026-03-18 16:09:10.773825+00:00,approved,2,49.0,4,True,,True,0.0
D_pr17_scaled_4d_weighted_threshold_0_9_18,0484e948-9f4b-4745-ab84-5b8e2e137c97,a57f0fd6-6977-43c3-86bb-cd34ef2a7a29,2026-03-18 16:28:36.712114+00:00,approved,1,49.0,5,True,,True,0.0
D_pr17_scaled_4d_weighted_threshold_0_9_18,8d47ea60-8e9c-4e1e-9b90-308c1a5aa8dd,a57f0fd6-6977-43c3-86bb-cd34ef2a7a29,2026-03-18 16:31:51.909477+00:00,approved,-1,49.0,6,True,,True,0.0
D_pr17_scaled_4d_weighted_threshold_0_9_18,9fb0874e-d656-4c62-bc9e-793f083c4aec,36e75d85-db7f-499d-8d6b-ee983421a046,2026-03-18 17:51:39.958836+00:00,pending,0,14.0,1,True,2.0,False,4.0
D_pr17_scaled_4d_weighted_threshold_0_9_18,6111c7a3-134a-4bc6-9f9c-02d907550d59,36e75d85-db7f-499d-8d6b-ee983421a046,2026-03-18 18:06:03.180098+00:00,pending,0,14.0,2,False,2.0,False,4.0
D_pr17_scaled_4d_weighted_threshold_0_9_18,2d70c0ee-49e2-40cc-8ef4-398a015b31ba,36e75d85-db7f-499d-8d6b-ee983421a046,2026-03-18 18:13:37.334836+00:00,pending,0,14.0,3,False,2.0,False,4.0
D_pr17_scaled_4d_weighted_threshold_0_9_18,384fc819-2ab4-431d-8f75-5c0757e6b525,a57f0fd6-6977-43c3-86bb-cd34ef2a7a29,2026-03-18 18:19:02.925571+00:00,approved,1,49.0,7,True,,True,0.0
D_pr17_scaled_4d_weighted_threshold_0_9_18,66461198-07c6-48c4-ab40-a02eb5d6bde7,36e75d85-db7f-499d-8d6b-ee983421a046,2026-03-18 18:20:18.239183+00:00,pending,0,14.0,4,False,2.0,False,4.0
D_pr17_scaled_4d_weighted_threshold_0_9_18,67abe8d6-eb4b-4771-adf0-9fecffee7139,a57f0fd6-6977-43c3-86bb-cd34ef2a7a29,2026-03-19 18:29:05.346131+00:00,approved,1,35.0,0,True,,True,0.0
D_pr17_scaled_4d_weighted_threshold_0_9_18,f85ed7c0-d67c-4d5a-9dfa-09eca6f5fcf7,a57f0fd6-6977-43c3-86bb-cd34ef2a7a29,2026-03-19 18:33:07.613704+00:00,approved,0,35.0,1,True,,True,0.0
D_pr17_scaled_4d_weighted_threshold_0_9_18,9a8011df-915a-4a0d-9dcf-bd245536203d,a57f0fd6-6977-43c3-86bb-cd34ef2a7a29,2026-03-19 18:36:55.954681+00:00,approved,0,35.0,2,True,,True,0.0
D_pr17_scaled_4d_weighted_threshold_0_9_18,e67af038-f163-4b95-8d31-8c003ca8318e,a57f0fd6-6977-43c3-86bb-cd34ef2a7a29,2026-03-19 18:39:26.892431+00:00,approved,0,35.0,3,True,,True,0.0
D_pr17_scaled_4d_weighted_threshold_0_9_18,895dd77b-e931-4b45-bc3b-337dc5cab355,a57f0fd6-6977-43c3-86bb-cd34ef2a7a29,2026-03-19 18:41:22.002985+00:00,approved,0,35.0,4,True,,True,0.0
D_pr17_scaled_4d_weighted_threshold_0_9_18,8ef6e1b0-dd24-4784-8aaa-51a26340a1a9,e118f03c-0bb2-4c81-903d-b02f4aa15f26,2026-03-20 12:31:25.048261+00:00,approved,1,0.0,0,True,1.0,False,9.0
D_pr17_scaled_4d_weighted_threshold_0_9_18,d54d8072-5523-4404-9066-5ec556fea623,a57f0fd6-6977-43c3-86bb-cd34ef2a7a29,2026-03-20 13:18:19.806689+00:00,approved,0,73.0,0,True,,True,0.0
D_pr17_scaled_4d_weighted_threshold_0_9_18,a8f8e90b-bf84-4c42-80c2-7c961cb8df24,e118f03c-0bb2-4c81-903d-b02f4aa15f26,2026-03-20 20:56:09.032185+00:00,approved,2,0.0,1,False,1.0,False,9.0
D_pr17_scaled_4d_weighted_threshold_0_9_18,c3de7c3b-9136-4c78-82e3-9e478074b36e,a57f0fd6-6977-43c3-86bb-cd34ef2a7a29,2026-03-20 21:48:15.445281+00:00,approved,0,53.0,1,True,,True,0.0
D_pr17_scaled_4d_weighted_threshold_0_9_18,7ccb6046-0ee7-49bd-a053-6a31624f6266,36e75d85-db7f-499d-8d6b-ee983421a046,2026-03-21 22:03:47.611550+00:00,pending,1,25.0,0,True,,True,0.0
D_pr17_scaled_4d_weighted_threshold_0_9_18,8175e9d8-7fe3-4004-af4c-5e20150faf4f,fd9b7f36-2943-4ceb-b658-83c814782ac3,2026-03-23 16:01:44.463596+00:00,approved,3,0.0,0,True,1.0,False,9.0
D_pr17_scaled_4d_weighted_threshold_0_9_18,7a87f3fb-fb63-49df-b252-314e9c2d979f,36e75d85-db7f-499d-8d6b-ee983421a046,2026-03-23 16:19:42.291725+00:00,pending,-2,3.0,0,True,1.0,False,6.0
D_pr17_scaled_4d_weighted_threshold_0_9_18,ccc8ddea-af31-4cf3-980e-a80c23c040bc,a57f0fd6-6977-43c3-86bb-cd34ef2a7a29,2026-03-23 20:07:13.840083+00:00,approved,1,10.0,0,True,2.0,False,8.0
D_pr17_scaled_4d_weighted_threshold_0_9_18,9abe6a8f-e1f0-40e8-a26b-e925b5da9d7f,a57f0fd6-6977-43c3-86bb-cd34ef2a7a29,2026-03-24 00:29:00.388204+00:00,approved,1,13.0,0,True,2.0,False,5.0
D_pr17_scaled_4d_weighted_threshold_0_9_18,d4b0dcb4-ad94-47f1-b879-9a849ea28078,ce6e5c8c-b2e1-4acd-89fe-b42fe49a86bc,2026-03-24 00:29:00.682685+00:00,approved,1,26.0,0,True,,True,0.0
D_pr17_scaled_4d_weighted_threshold_0_9_18,2f5b98a7-ba9e-46ab-8371-93d9184220b5,a57f0fd6-6977-43c3-86bb-cd34ef2a7a29,2026-03-24 00:33:38.065395+00:00,approved,2,13.0,1,True,2.0,False,5.0
D_pr17_scaled_4d_weighted_threshold_0_9_18,46ca0aad-95f5-4fbd-960d-46f69c7e7b4b,a57f0fd6-6977-43c3-86bb-cd34ef2a7a29,2026-03-24 00:43:41.171414+00:00,approved,1,13.0,2,False,2.0,False,5.0
D_pr17_scaled_4d_weighted_threshold_0_9_18,710898ff-ce7e-4920-a828-3896c0baecbf,e118f03c-0bb2-4c81-903d-b02f4aa15f26,2026-03-24 00:43:44.593683+00:00,approved,1,0.0,0,True,1.0,False,9.0
D_pr17_scaled_4d_weighted_threshold_0_9_18,f5f43cd0-bdfa-49aa-8f22-43ddfc5e4a7a,a57f0fd6-6977-43c3-86bb-cd34ef2a7a29,2026-03-24 00:50:19.133495+00:00,approved,0,13.0,3,False,2.0,False,5.0
D_pr17_scaled_4d_weighted_threshold_0_9_18,cb87c5b0-2bc5-46cf-aaba-4ee6b5f589f1,a57f0fd6-6977-43c3-86bb-cd34ef2a7a29,2026-03-24 00:55:31.737668+00:00,approved,0,18.0,4,True,,True,0.0
D_pr17_scaled_4d_weighted_threshold_0_9_18,3989f0d8-2cea-4103-8c9a-27010f70bafd,a57f0fd6-6977-43c3-86bb-cd34ef2a7a29,2026-03-24 02:34:16.530377+00:00,approved,0,24.0,5,True,,True,0.0
D_pr17_scaled_4d_weighted_threshold_0_9_18,98a17281-10ba-49d5-af16-cd6992c9f9bc,a57f0fd6-6977-43c3-86bb-cd34ef2a7a29,2026-03-24 13:25:46.923702+00:00,approved,0,19.0,6,True,,True,0.0
D_pr17_scaled_4d_weighted_threshold_0_9_18,039e2055-8b61-4dbd-9999-0152e8d15509,69ce191d-25f7-4ae6-b5fc-26bdc90e84aa,2026-03-24 13:33:28.584503+00:00,approved,1,0.0,0,True,1.0,False,9.0
D_pr17_scaled_4d_weighted_threshold_0_9_18,50486d05-3d87-4323-91b2-41d3db524ab9,68094f87-01d0-4966-aae7-21eb452e918d,2026-03-24 13:49:35.111701+00:00,approved,1,0.0,0,True,1.0,False,9.0
D_pr17_scaled_4d_weighted_threshold_0_9_18,40cb1f23-379a-4c3b-a365-9c75203aebfb,a57f0fd6-6977-43c3-86bb-cd34ef2a7a29,2026-03-24 13:58:55.232309+00:00,approved,0,19.0,7,True,,True,0.0
D_pr17_scaled_4d_weighted_threshold_0_9_18,fe24a861-b46e-4c92-b031-bf2d434efca9,a57f0fd6-6977-43c3-86bb-cd34ef2a7a29,2026-03-24 14:08:26.910264+00:00,approved,1,25.0,8,True,,True,0.0
D_pr17_scaled_4d_weighted_threshold_0_9_18,8bc389d6-4dbd-4646-a873-e09be9be7d42,f63c93e7-16f1-4495-8e5f-220cf1bd0587,2026-03-24 14:31:00.736632+00:00,approved,2,0.0,0,True,1.0,False,9.0
D_pr17_scaled_4d_weighted_threshold_0_9_18,cf6e1226-db19-48c6-919b-e6d0afad6504,f63c93e7-16f1-4495-8e5f-220cf1bd0587,2026-03-24 14:35:55.424486+00:00,approved,2,0.0,1,False,1.0,False,9.0
D_pr17_scaled_4d_weighted_threshold_0_9_18,5df003db-e875-476e-be06-c29095117b6f,ce6e5c8c-b2e1-4acd-89fe-b42fe49a86bc,2026-03-25 00:04:06.339787+00:00,approved,1,51.0,0,True,,True,0.0
D_pr17_scaled_4d_weighted_threshold_0_9_18,41792c0f-bd2b-4346-9fd0-17bba1c412b6,36e75d85-db7f-499d-8d6b-ee983421a046,2026-03-25 00:15:56.900776+00:00,approved,2,3.0,0,True,1.0,False,6.0
D_pr17_scaled_4d_weighted_threshold_0_9_18,909fed24-4625-460b-81a3-95b29b105583,a57f0fd6-6977-43c3-86bb-cd34ef2a7a29,2026-03-25 02:43:59.972057+00:00,approved,0,36.0,0,True,,True,0.0
D_pr17_scaled_4d_weighted_threshold_0_9_18,bd7afdaf-ebe7-4255-9e0e-9626a686a9b4,68094f87-01d0-4966-aae7-21eb452e918d,2026-03-25 03:41:26.813222+00:00,approved,1,0.0,0,True,1.0,False,9.0
D_pr17_scaled_4d_weighted_threshold_0_9_18,4a15402c-a9f0-4441-846a-10155ff370b7,a57f0fd6-6977-43c3-86bb-cd34ef2a7a29,2026-03-25 03:46:24.362693+00:00,approved,1,39.0,1,True,,True,0.0
D_pr17_scaled_4d_weighted_threshold_0_9_18,48a1f266-be42-4660-8520-cf8dae598de7,a57f0fd6-6977-43c3-86bb-cd34ef2a7a29,2026-03-25 03:51:50.900434+00:00,approved,3,39.0,2,True,,True,0.0
D_pr17_scaled_4d_weighted_threshold_0_9_18,9acfb7dc-b0a8-4339-82bf-005dde6940ab,a57f0fd6-6977-43c3-86bb-cd34ef2a7a29,2026-03-25 03:59:26.187461+00:00,approved,0,39.0,3,True,,True,0.0
D_pr17_scaled_4d_weighted_threshold_0_9_18,271e9035-005a-45dc-b5eb-d8ae8b7d4737,ce6e5c8c-b2e1-4acd-89fe-b42fe49a86bc,2026-03-25 15:06:51.088392+00:00,approved,1,55.0,1,True,,True,0.0
D_pr17_scaled_4d_weighted_threshold_0_9_18,59b36345-9456-4037-bd22-7c804979f3d9,a57f0fd6-6977-43c3-86bb-cd34ef2a7a29,2026-03-25 16:04:41.051777+00:00,approved,0,39.0,4,True,,True,0.0
D_pr17_scaled_4d_weighted_threshold_0_9_18,2651bdd6-a63b-4429-ba43-76dd4213ba0a,36e75d85-db7f-499d-8d6b-ee983421a046,2026-03-25 19:21:33.255784+00:00,approved,3,6.0,1,False,1.0,False,3.0
D_pr17_scaled_4d_weighted_threshold_0_9_18,a6d143d3-15cd-4596-a6bb-36a90cc9af9d,a57f0fd6-6977-43c3-86bb-cd34ef2a7a29,2026-03-25 19:58:54.898847+00:00,approved,0,48.0,5,True,,True,0.0
D_pr17_scaled_4d_weighted_threshold_0_9_18,deaaf2c8-f914-4f34-bf79-21ab6c9307b9,a57f0fd6-6977-43c3-86bb-cd34ef2a7a29,2026-03-25 20:00:33.948670+00:00,approved,0,48.0,6,True,,True,0.0
D_pr17_scaled_4d_weighted_threshold_0_9_18,5fa1cfb2-82dd-480e-b2f0-f1565347220f,a57f0fd6-6977-43c3-86bb-cd34ef2a7a29,2026-03-25 20:04:18.047108+00:00,approved,-1,48.0,7,True,,True,0.0
D_pr17_scaled_4d_weighted_threshold_0_9_18,9b7d7d4a-86f2-4cfc-8ae5-372ac09c46e2,cdbc2977-3feb-4b78-967e-7636db3986d5,2026-03-26 00:42:44.739480+00:00,approved,1,0.0,0,True,1.0,False,9.0
D_pr17_scaled_4d_weighted_threshold_0_9_18,529a54aa-ad2d-4163-836d-ceda5273336e,cdbc2977-3feb-4b78-967e-7636db3986d5,2026-03-26 00:49:52.549284+00:00,approved,1,0.0,1,False,1.0,False,9.0
D_pr17_scaled_4d_weighted_threshold_0_9_18,7d6e2e33-ea84-4c57-b088-3eaf88ae72ae,cdbc2977-3feb-4b78-967e-7636db3986d5,2026-03-26 00:56:44.813002+00:00,approved,1,0.0,2,False,1.0,False,9.0
D_pr17_scaled_4d_weighted_threshold_0_9_18,e58dc241-590b-4397-af24-b574f45cc38a,cdbc2977-3feb-4b78-967e-7636db3986d5,2026-03-26 01:03:28.754845+00:00,approved,2,0.0,3,False,1.0,False,9.0
D_pr17_scaled_4d_weighted_threshold_0_9_18,05cca096-e76d-403e-8ff3-07ff16326292,cdbc2977-3feb-4b78-967e-7636db3986d5,2026-03-26 01:06:21.788478+00:00,approved,2,0.0,4,False,1.0,False,9.0
D_pr17_scaled_4d_weighted_threshold_0_9_18,ae18153d-1566-4101-9c30-e30a9cb50c74,cdbc2977-3feb-4b78-967e-7636db3986d5,2026-03-26 01:13:21.322766+00:00,approved,1,0.0,5,False,1.0,False,9.0
D_pr17_scaled_4d_weighted_threshold_0_9_18,ed72e73f-5e2b-44ab-b1b5-faadf0033305,cdbc2977-3feb-4b78-967e-7636db3986d5,2026-03-26 01:15:41.032953+00:00,approved,1,0.0,6,False,1.0,False,9.0
D_pr17_scaled_4d_weighted_threshold_0_9_18,4e8d55f4-97c0-48fd-8a05-4c98e1cdd508,a57f0fd6-6977-43c3-86bb-cd34ef2a7a29,2026-03-26 13:34:58.588690+00:00,approved,0,69.0,0,True,,True,0.0
D_pr17_scaled_4d_weighted_threshold_0_9_18,49a0985f-3024-46c4-83c8-397151acbd26,a57f0fd6-6977-43c3-86bb-cd34ef2a7a29,2026-03-26 14:41:41.523654+00:00,approved,-1,69.0,1,True,,True,0.0
D_pr17_scaled_4d_weighted_threshold_0_9_18,8521b44b-61ba-4e85-b88d-faca23a6f2f7,e118f03c-0bb2-4c81-903d-b02f4aa15f26,2026-03-26 15:34:29.167463+00:00,approved,3,3.0,0,True,1.0,False,6.0
D_pr17_scaled_4d_weighted_threshold_0_9_18,31227dae-0ba6-4134-979a-d792170b42d5,69ce191d-25f7-4ae6-b5fc-26bdc90e84aa,2026-03-27 14:18:40.852148+00:00,approved,0,8.0,0,True,1.0,False,1.0
D_pr17_scaled_4d_weighted_threshold_0_9_18,0cc9b2f0-8cc7-4904-b683-bca09422145e,69ce191d-25f7-4ae6-b5fc-26bdc90e84aa,2026-03-27 20:12:01.864203+00:00,approved,1,14.0,1,True,2.0,False,4.0
D_pr17_scaled_4d_weighted_threshold_0_9_18,7bc9ea61-83be-4bc4-9f8a-378e1a57ae2f,69ce191d-25f7-4ae6-b5fc-26bdc90e84aa,2026-03-27 20:17:54.998575+00:00,approved,-1,14.0,2,False,2.0,False,4.0
D_pr17_scaled_4d_weighted_threshold_0_9_18,5b20b634-e8a8-42c0-940e-225e94fc563c,69ce191d-25f7-4ae6-b5fc-26bdc90e84aa,2026-03-27 20:24:44.188316+00:00,approved,3,14.0,3,False,2.0,False,4.0
D_pr17_scaled_4d_weighted_threshold_0_9_18,9de4932a-7187-4fde-ab27-97531771c594,69ce191d-25f7-4ae6-b5fc-26bdc90e84aa,2026-03-27 20:30:35.860854+00:00,approved,1,14.0,4,False,2.0,False,4.0
D_pr17_scaled_4d_weighted_threshold_0_9_18,a903e5ec-388f-40ce-9371-6404be81c3a5,69ce191d-25f7-4ae6-b5fc-26bdc90e84aa,2026-03-27 20:39:04.859726+00:00,approved,0,14.0,5,False,2.0,False,4.0
D_pr17_scaled_4d_weighted_threshold_0_9_18,cdf5bda1-b8d1-4b10-b17e-d388781c55a1,69ce191d-25f7-4ae6-b5fc-26bdc90e84aa,2026-03-27 20:50:58.103371+00:00,approved,1,14.0,6,False,2.0,False,4.0
D_pr17_scaled_4d_weighted_threshold_0_9_18,506ef1ca-696d-4f92-981c-8c5066a1b8d7,69ce191d-25f7-4ae6-b5fc-26bdc90e84aa,2026-03-27 20:54:44.405442+00:00,approved,-2,14.0,7,False,2.0,False,4.0
D_pr17_scaled_4d_weighted_threshold_0_9_18,c14c6789-6aac-4c2c-90a0-0a067eaa1328,69ce191d-25f7-4ae6-b5fc-26bdc90e84aa,2026-03-27 20:58:24.793597+00:00,approved,1,14.0,8,False,2.0,False,4.0
D_pr17_scaled_4d_weighted_threshold_0_9_18,b8cd81c8-3ece-4072-844d-fb159d70cc2a,a57f0fd6-6977-43c3-86bb-cd34ef2a7a29,2026-03-27 21:22:03.212497+00:00,approved,0,79.0,0,True,,True,0.0
D_pr17_scaled_4d_weighted_threshold_0_9_18,662ac2e6-e1d5-4cb1-81d5-60f3eeb9a86b,cdbc2977-3feb-4b78-967e-7636db3986d5,2026-03-28 00:53:31.175200+00:00,pending,0,0.0,0,True,1.0,False,9.0
D_pr17_scaled_4d_weighted_threshold_0_9_18,9cf7d488-6117-488c-be04-b933971c02df,cdbc2977-3feb-4b78-967e-7636db3986d5,2026-03-28 00:57:48.234085+00:00,pending,0,0.0,1,False,1.0,False,9.0
D_pr17_scaled_4d_weighted_threshold_0_9_18,d1afceeb-221f-484e-9e6b-985611fc16ef,cdbc2977-3feb-4b78-967e-7636db3986d5,2026-03-28 01:03:14.354676+00:00,pending,0,0.0,2,False,1.0,False,9.0
D_pr17_scaled_4d_weighted_threshold_0_9_18,6ba03b31-d756-4c27-917c-4192b8f1eef7,cdbc2977-3feb-4b78-967e-7636db3986d5,2026-03-28 01:18:55.400944+00:00,approved,1,0.0,3,False,1.0,False,9.0
D_pr17_scaled_4d_weighted_threshold_0_9_18,920bc032-10d8-42b3-8a40-3b55dc88e9c2,cdbc2977-3feb-4b78-967e-7636db3986d5,2026-03-28 01:54:57.515224+00:00,approved,2,9.0,4,False,2.0,False,9.0
D_pr17_scaled_4d_weighted_threshold_0_9_18,be2c5375-9a79-42e1-97a1-4ef707aefb47,a57f0fd6-6977-43c3-86bb-cd34ef2a7a29,2026-03-29 01:51:24.313175+00:00,approved,1,49.0,0,True,,True,0.0
D_pr17_scaled_4d_weighted_threshold_0_9_18,788fac9b-e757-42b3-b2a0-ce6d0d84386b,69ce191d-25f7-4ae6-b5fc-26bdc90e84aa,2026-03-29 13:19:23.617782+00:00,approved,2,14.0,0,True,2.0,False,4.0
D_pr17_scaled_4d_weighted_threshold_0_9_18,4de68fbf-3d0a-4a54-b6de-421f089f46ea,69ce191d-25f7-4ae6-b5fc-26bdc90e84aa,2026-03-29 13:40:53.308702+00:00,approved,0,14.0,1,True,2.0,False,4.0
D_pr17_scaled_4d_weighted_threshold_0_9_18,00432174-df04-44d2-a021-bcb142791fba,4ce403f9-c662-4caa-8576-c10e71f01c4b,2026-03-30 06:59:43.514591+00:00,pending,2,0.0,0,True,1.0,False,9.0
D_pr17_scaled_4d_weighted_threshold_0_9_18,ee61cd00-dfca-427c-90a7-72e336c2804b,a57f0fd6-6977-43c3-86bb-cd34ef2a7a29,2026-03-30 11:28:28.135600+00:00,approved,0,31.0,0,True,,True,0.0
D_pr17_scaled_4d_weighted_threshold_0_9_18,4e7f8ea7-2678-4290-837e-129a5d805d2a,a57f0fd6-6977-43c3-86bb-cd34ef2a7a29,2026-03-30 18:03:39.990127+00:00,approved,0,8.0,1,False,1.0,False,1.0
D_pr17_scaled_4d_weighted_threshold_0_9_18,67d2925e-aacc-408b-81d5-f0bbdbcd8f25,cdbc2977-3feb-4b78-967e-7636db3986d5,2026-03-30 20:28:39.035599+00:00,approved,1,9.0,0,True,2.0,False,9.0
D_pr17_scaled_4d_weighted_threshold_0_9_18,0b89993c-fca3-4e23-a4c0-857864547c61,a57f0fd6-6977-43c3-86bb-cd34ef2a7a29,2026-03-30 20:38:49.810654+00:00,approved,1,16.0,2,False,2.0,False,2.0
D_pr17_scaled_4d_weighted_threshold_0_9_18,f72598fd-701b-4eff-a500-06007ceae2ba,a57f0fd6-6977-43c3-86bb-cd34ef2a7a29,2026-03-30 20:42:16.291398+00:00,approved,0,16.0,3,False,2.0,False,2.0
D_pr17_scaled_4d_weighted_threshold_0_9_18,aff32161-e65b-4248-9059-f9f9587167e6,cdbc2977-3feb-4b78-967e-7636db3986d5,2026-03-30 20:42:26.732732+00:00,pending,0,12.0,1,True,2.0,False,6.0
D_pr17_scaled_4d_weighted_threshold_0_9_18,a346ccdb-19c6-4772-a1f9-365d904f4954,cdbc2977-3feb-4b78-967e-7636db3986d5,2026-03-30 20:44:42.548265+00:00,approved,1,12.0,2,False,2.0,False,6.0
D_pr17_scaled_4d_weighted_threshold_0_9_18,7df1ceec-a971-4f2e-b0d1-0338efd5d658,a57f0fd6-6977-43c3-86bb-cd34ef2a7a29,2026-03-30 20:46:59.231372+00:00,approved,0,16.0,4,False,2.0,False,2.0
D_pr17_scaled_4d_weighted_threshold_0_9_18,34eaef5b-6a03-410e-9b2d-4021a9a9c1e5,a57f0fd6-6977-43c3-86bb-cd34ef2a7a29,2026-03-30 20:51:50.854584+00:00,approved,0,16.0,5,False,2.0,False,2.0
D_pr17_scaled_4d_weighted_threshold_0_9_18,d55180e3-8b1b-4878-a4a0-e3119a620cb2,cdbc2977-3feb-4b78-967e-7636db3986d5,2026-03-30 21:14:53.192653+00:00,pending,0,12.0,3,False,2.0,False,6.0
D_pr17_scaled_4d_weighted_threshold_0_9_18,be4d9360-5665-4b0a-948f-791b10119259,cdbc2977-3feb-4b78-967e-7636db3986d5,2026-03-30 21:26:32.273001+00:00,pending,0,12.0,4,False,2.0,False,6.0
D_pr17_scaled_4d_weighted_threshold_0_9_18,d70195a4-3836-414a-81bf-469f43272d92,cdbc2977-3feb-4b78-967e-7636db3986d5,2026-03-30 21:49:45.058277+00:00,pending,0,12.0,5,False,2.0,False,6.0
D_pr17_scaled_4d_weighted_threshold_0_9_18,5b12d1fe-efd8-46f4-9560-34aaa6407c43,4ce403f9-c662-4caa-8576-c10e71f01c4b,2026-03-31 01:59:08.014041+00:00,approved,1,0.0,0,True,1.0,False,9.0
D_pr17_scaled_4d_weighted_threshold_0_9_18,7934dd1d-047f-4c64-9dcf-3f652c2d1b15,4ce403f9-c662-4caa-8576-c10e71f01c4b,2026-03-31 03:34:41.729245+00:00,pending,-1,0.0,1,False,1.0,False,9.0
D_pr17_scaled_4d_weighted_threshold_0_9_18,8cd940e6-6fb4-4d8f-a62d-d6a21905765f,4ce403f9-c662-4caa-8576-c10e71f01c4b,2026-03-31 05:46:54.929329+00:00,pending,1,0.0,2,False,1.0,False,9.0
D_pr17_scaled_4d_weighted_threshold_0_9_18,5725c07e-90ce-4d79-aac3-6735127d1b7a,4ce403f9-c662-4caa-8576-c10e71f01c4b,2026-03-31 06:02:36.104439+00:00,pending,-1,0.0,3,False,1.0,False,9.0
D_pr17_scaled_4d_weighted_threshold_0_9_18,7dd1333c-965d-46fa-8cd1-ed9b72007ce5,4ce403f9-c662-4caa-8576-c10e71f01c4b,2026-03-31 06:35:11.901306+00:00,approved,2,0.0,4,False,1.0,False,9.0
D_pr17_scaled_4d_weighted_threshold_0_9_18,7f7d6da9-f3a4-4237-be63-d847b5f3b455,a57f0fd6-6977-43c3-86bb-cd34ef2a7a29,2026-03-31 18:10:49.250948+00:00,approved,1,11.0,0,True,2.0,False,7.0
D_pr17_scaled_4d_weighted_threshold_0_9_18,e3cf0aa2-3b6e-45a9-935b-7c56fb19885f,a57f0fd6-6977-43c3-86bb-cd34ef2a7a29,2026-03-31 20:20:24.125026+00:00,approved,1,11.0,1,True,2.0,False,7.0
D_pr17_scaled_4d_weighted_threshold_0_9_18,5600785f-3893-4234-880e-ab0f18e03b3c,cdbc2977-3feb-4b78-967e-7636db3986d5,2026-03-31 20:24:02.325551+00:00,approved,3,25.0,0,True,,True,0.0
D_pr17_scaled_4d_weighted_threshold_0_9_18,d6b96bdb-f8f0-4c0f-a3a1-3f7006fcf69f,cdbc2977-3feb-4b78-967e-7636db3986d5,2026-03-31 20:26:49.392983+00:00,approved,2,25.0,1,True,,True,0.0
D_pr17_scaled_4d_weighted_threshold_0_9_18,f7592fa2-4687-422a-8ae9-ca3a26b929cd,cdbc2977-3feb-4b78-967e-7636db3986d5,2026-03-31 20:29:02.854148+00:00,approved,1,25.0,2,True,,True,0.0
D_pr17_scaled_4d_weighted_threshold_0_9_18,150f31af-7b42-4c71-9226-0721d60164ba,cdbc2977-3feb-4b78-967e-7636db3986d5,2026-03-31 20:33:13.261973+00:00,pending,0,25.0,3,True,,True,0.0
D_pr17_scaled_4d_weighted_threshold_0_9_18,bf1336e3-b10d-4adb-8fae-0b5406d30bbf,cdbc2977-3feb-4b78-967e-7636db3986d5,2026-03-31 20:36:56.056225+00:00,pending,0,25.0,4,True,,True,0.0
D_pr17_scaled_4d_weighted_threshold_0_9_18,078f8190-dbf5-44a0-8b08-9ceab0722247,cdbc2977-3feb-4b78-967e-7636db3986d5,2026-03-31 20:43:05.151991+00:00,pending,1,25.0,5,True,,True,0.0
D_pr17_scaled_4d_weighted_threshold_0_9_18,b365fdd7-00e7-46cd-8fe4-876074e933fa,a57f0fd6-6977-43c3-86bb-cd34ef2a7a29,2026-03-31 20:57:53.782893+00:00,approved,0,11.0,2,False,2.0,False,7.0
D_pr17_scaled_4d_weighted_threshold_0_9_18,8a6a0f4a-875f-4cac-bce3-5c8f12d6d28e,cdbc2977-3feb-4b78-967e-7636db3986d5,2026-03-31 21:03:18.343126+00:00,pending,0,25.0,6,True,,True,0.0
D_pr17_scaled_4d_weighted_threshold_0_9_18,c4fe4383-3f4f-4d8f-8baf-e9b7eb3758cc,cdbc2977-3feb-4b78-967e-7636db3986d5,2026-03-31 21:43:37.923715+00:00,pending,2,25.0,7,True,,True,0.0
D_pr17_scaled_4d_weighted_threshold_0_9_18,f3a3cb58-e119-402e-8059-455ca8627991,4ce403f9-c662-4caa-8576-c10e71f01c4b,2026-03-31 22:01:00.940832+00:00,pending,0,1.0,5,False,1.0,False,8.0
D_pr17_scaled_4d_weighted_threshold_0_9_18,f04de763-9d17-452d-a25b-e13b6b9e35d4,4ce403f9-c662-4caa-8576-c10e71f01c4b,2026-03-31 22:50:43.428415+00:00,approved,2,1.0,6,False,1.0,False,8.0
D_pr17_scaled_4d_weighted_threshold_0_9_18,1c4a7f68-52a7-479f-ac16-a920506233cf,4ce403f9-c662-4caa-8576-c10e71f01c4b,2026-03-31 23:42:13.396359+00:00,approved,1,1.0,7,False,1.0,False,8.0
D_pr17_scaled_4d_weighted_threshold_0_9_18,e4f24900-3c94-4666-b8fa-337950d85dd6,cdbc2977-3feb-4b78-967e-7636db3986d5,2026-04-01 01:29:18.546288+00:00,approved,1,28.0,0,True,,True,0.0
D_pr17_scaled_4d_weighted_threshold_0_9_18,c03bdfeb-d916-4174-a088-ebc57cb5710c,4ce403f9-c662-4caa-8576-c10e71f01c4b,2026-04-01 01:30:57.337845+00:00,pending,0,1.0,0,True,1.0,False,8.0
D_pr17_scaled_4d_weighted_threshold_0_9_18,26f301c6-1032-4830-8a1d-8974adb5a46f,cdbc2977-3feb-4b78-967e-7636db3986d5,2026-04-01 01:34:23.308011+00:00,pending,0,19.0,1,True,,True,0.0
D_pr17_scaled_4d_weighted_threshold_0_9_18,c9160c2a-0f82-463e-ac55-531a292eaba3,cdbc2977-3feb-4b78-967e-7636db3986d5,2026-04-01 01:39:24.751857+00:00,pending,-1,19.0,2,True,,True,0.0
D_pr17_scaled_4d_weighted_threshold_0_9_18,6a5c2714-d2c1-4207-980f-683c9d2c6562,cdbc2977-3feb-4b78-967e-7636db3986d5,2026-04-01 01:46:23.481365+00:00,pending,1,19.0,3,True,,True,0.0
D_pr17_scaled_4d_weighted_threshold_0_9_18,cd5dcf31-f9c6-4480-8e0b-f65909e48a84,4ce403f9-c662-4caa-8576-c10e71f01c4b,2026-04-01 02:10:21.943587+00:00,pending,-1,2.0,1,False,1.0,False,7.0
D_pr17_scaled_4d_weighted_threshold_0_9_18,4da72f27-6d6f-4f46-94d6-42c721fe300e,4ce403f9-c662-4caa-8576-c10e71f01c4b,2026-04-01 06:13:41.760700+00:00,approved,1,5.0,2,False,1.0,False,4.0
D_pr17_scaled_4d_weighted_threshold_0_9_18,e7746b1d-9c7f-4f55-9df8-b291b48fbb2e,4ce403f9-c662-4caa-8576-c10e71f01c4b,2026-04-01 06:47:56.528688+00:00,pending,-1,5.0,3,False,1.0,False,4.0
D_pr17_scaled_4d_weighted_threshold_0_9_18,42c2175a-b8d5-42e3-b618-79dbeca4fe70,4ce403f9-c662-4caa-8576-c10e71f01c4b,2026-04-01 06:51:20.418037+00:00,approved,1,5.0,4,False,1.0,False,4.0
D_pr17_scaled_4d_weighted_threshold_0_9_18,cd5f315d-bfc8-4891-8418-68dd04735f3f,69ce191d-25f7-4ae6-b5fc-26bdc90e84aa,2026-04-01 12:11:36.117507+00:00,approved,1,14.0,0,True,2.0,False,4.0
D_pr17_scaled_4d_weighted_threshold_0_9_18,8807163f-7635-493b-b640-2ea25f5acf07,a57f0fd6-6977-43c3-86bb-cd34ef2a7a29,2026-04-01 12:25:20.119410+00:00,approved,0,17.0,0,True,2.0,False,1.0
D_pr17_scaled_4d_weighted_threshold_0_9_18,c8538cd4-e086-446b-99f0-6f6746eb603b,a57f0fd6-6977-43c3-86bb-cd34ef2a7a29,2026-04-01 12:30:52.667839+00:00,approved,0,17.0,1,True,2.0,False,1.0
D_pr17_scaled_4d_weighted_threshold_0_9_18,399bdc23-c4c3-4b92-b560-baba6bf2963e,a57f0fd6-6977-43c3-86bb-cd34ef2a7a29,2026-04-01 12:49:13.751538+00:00,approved,2,20.0,2,True,,True,0.0
D_pr17_scaled_4d_weighted_threshold_0_9_18,606b1d84-efaa-43b8-95ef-24c757184970,a57f0fd6-6977-43c3-86bb-cd34ef2a7a29,2026-04-01 13:15:40.341626+00:00,approved,2,20.0,3,True,,True,0.0
D_pr17_scaled_4d_weighted_threshold_0_9_18,08b228dc-97fc-4395-bbb5-c87a382fd72a,a57f0fd6-6977-43c3-86bb-cd34ef2a7a29,2026-04-01 13:18:44.552678+00:00,approved,3,20.0,4,True,,True,0.0
D_pr17_scaled_4d_weighted_threshold_0_9_18,0d593837-5e52-49d1-814e-abf4cadfe479,e118f03c-0bb2-4c81-903d-b02f4aa15f26,2026-04-01 13:44:45.611408+00:00,approved,1,6.0,0,True,1.0,False,3.0
D_pr17_scaled_4d_weighted_threshold_0_9_18,e57dbd18-64f0-48dd-9554-b8ba9d3fed87,fd9b7f36-2943-4ceb-b658-83c814782ac3,2026-04-01 14:00:53.691342+00:00,approved,2,0.0,0,True,1.0,False,9.0
D_pr17_scaled_4d_weighted_threshold_0_9_18,0596b538-e408-4864-9f50-202e356eb492,a57f0fd6-6977-43c3-86bb-cd34ef2a7a29,2026-04-01 14:04:55.895077+00:00,approved,1,27.0,5,True,,True,0.0
D_pr17_scaled_4d_weighted_threshold_0_9_18,957b99dc-a63f-4a41-a36c-aab8491473dd,fd9b7f36-2943-4ceb-b658-83c814782ac3,2026-04-01 14:32:23.911170+00:00,approved,1,0.0,1,False,1.0,False,9.0
D_pr17_scaled_4d_weighted_threshold_0_9_18,b66e8a20-ccdd-4d2a-8b10-38e16a7835ae,fd9b7f36-2943-4ceb-b658-83c814782ac3,2026-04-01 14:41:54.514284+00:00,approved,1,0.0,2,False,1.0,False,9.0
D_pr17_scaled_4d_weighted_threshold_0_9_18,3044c66d-4008-415b-af59-dee03a16df46,fd9b7f36-2943-4ceb-b658-83c814782ac3,2026-04-01 14:49:19.735910+00:00,approved,2,0.0,3,False,1.0,False,9.0
D_pr17_scaled_4d_weighted_threshold_0_9_18,047cb2c4-d749-4d46-9032-14b47b06b4cb,fd9b7f36-2943-4ceb-b658-83c814782ac3,2026-04-01 20:41:19.248054+00:00,approved,2,11.0,4,False,2.0,False,7.0
D_pr17_scaled_4d_weighted_threshold_0_9_18,018ae8b7-87b0-45ba-83a4-a6e04db42692,fd9b7f36-2943-4ceb-b658-83c814782ac3,2026-04-01 22:57:51.666273+00:00,approved,2,21.0,5,True,,True,0.0
D_pr17_scaled_4d_weighted_threshold_0_9_18,47d010f4-997f-48bc-a3e9-323050ebdb4d,a57f0fd6-6977-43c3-86bb-cd34ef2a7a29,2026-04-02 00:22:15.509691+00:00,pending,2,52.0,0,True,,True,0.0
D_pr17_scaled_4d_weighted_threshold_0_9_18,c4154a9f-2da6-40cf-a198-a48326bb73f4,fd9b7f36-2943-4ceb-b658-83c814782ac3,2026-04-02 01:11:32.041307+00:00,approved,2,32.0,0,True,,True,0.0
D_pr17_scaled_4d_weighted_threshold_0_9_18,12300b25-b197-415c-a274-cec66e904e00,fd9b7f36-2943-4ceb-b658-83c814782ac3,2026-04-02 02:16:41.962346+00:00,approved,3,44.0,1,True,,True,0.0
D_pr17_scaled_4d_weighted_threshold_0_9_18,9244688f-635d-41c3-b510-99e06c485b98,fd9b7f36-2943-4ceb-b658-83c814782ac3,2026-04-02 03:20:08.389727+00:00,pending,-1,54.0,2,True,,True,0.0
D_pr17_scaled_4d_weighted_threshold_0_9_18,7b423646-314f-4b5d-b7d8-7594dd2e866e,a57f0fd6-6977-43c3-86bb-cd34ef2a7a29,2026-04-02 03:26:08.458871+00:00,pending,0,59.0,1,True,,True,0.0
D_pr17_scaled_4d_weighted_threshold_0_9_18,aedbe598-910f-42c5-88a7-14659d933b8f,fd9b7f36-2943-4ceb-b658-83c814782ac3,2026-04-02 03:46:58.986955+00:00,approved,2,65.0,3,True,,True,0.0
D_pr17_scaled_4d_weighted_threshold_0_9_18,594148de-e785-473d-a6b0-cd51dbd1e652,a57f0fd6-6977-43c3-86bb-cd34ef2a7a29,2026-04-02 03:53:24.392373+00:00,approved,2,64.0,2,True,,True,0.0
D_pr17_scaled_4d_weighted_threshold_0_9_18,6ea78b7c-bd8a-4a77-a7ca-3a4f0708d8a4,fd9b7f36-2943-4ceb-b658-83c814782ac3,2026-04-02 04:17:41.448007+00:00,approved,4,76.0,4,True,,True,0.0
D_pr17_scaled_4d_weighted_threshold_0_9_18,8435f474-6db5-432c-bcf2-b6136365bb39,4ce403f9-c662-4caa-8576-c10e71f01c4b,2026-04-02 06:05:33.982550+00:00,approved,2,15.0,0,True,2.0,False,3.0
D_pr17_scaled_4d_weighted_threshold_0_9_18,aed25b1e-60fd-49f2-b039-86ff426c2586,60264769-e015-4dba-b2f4-6bfdffed12b3,2026-04-02 11:58:32.266106+00:00,approved,3,20.0,0,True,,True,0.0
D_pr17_scaled_4d_weighted_threshold_0_9_18,69d90c73-d0cc-45fe-836b-9c58cfadb029,a57f0fd6-6977-43c3-86bb-cd34ef2a7a29,2026-04-02 12:27:19.740605+00:00,pending,0,82.0,3,True,,True,0.0
D_pr17_scaled_4d_weighted_threshold_0_9_18,f809db60-c27d-41f2-afd8-d346412f6734,a57f0fd6-6977-43c3-86bb-cd34ef2a7a29,2026-04-02 13:41:30.321714+00:00,pending,3,82.0,4,True,,True,0.0
D_pr17_scaled_4d_weighted_threshold_0_9_18,754557ee-3ddb-440c-a47d-b1e0815e0066,a57f0fd6-6977-43c3-86bb-cd34ef2a7a29,2026-04-02 14:03:37.718179+00:00,pending,0,82.0,5,True,,True,0.0
D_pr17_scaled_4d_weighted_threshold_0_9_18,61de7a3e-4e36-444c-965e-031d55bddde0,a57f0fd6-6977-43c3-86bb-cd34ef2a7a29,2026-04-02 14:14:13.354762+00:00,pending,0,82.0,6,True,,True,0.0
D_pr17_scaled_4d_weighted_threshold_0_9_18,b5014bfa-2df8-45fe-bb96-4ea7f84c4753,fd9b7f36-2943-4ceb-b658-83c814782ac3,2026-04-02 14:29:51.438084+00:00,approved,2,88.0,5,True,,True,0.0
D_pr17_scaled_4d_weighted_threshold_0_9_18,2537b9f3-bc4d-4093-9156-ec03a414b729,fd9b7f36-2943-4ceb-b658-83c814782ac3,2026-04-02 14:35:46.954194+00:00,approved,3,88.0,6,True,,True,0.0
D_pr17_scaled_4d_weighted_threshold_0_9_18,68a4975d-f7e0-4380-9021-5fa359464f37,fd9b7f36-2943-4ceb-b658-83c814782ac3,2026-04-02 15:03:22.036503+00:00,pending,1,88.0,7,True,,True,0.0
D_pr17_scaled_4d_weighted_threshold_0_9_18,7d38c07a-ef26-4d6f-813d-a47a1c405e48,fd9b7f36-2943-4ceb-b658-83c814782ac3,2026-04-02 15:08:37.601899+00:00,pending,1,88.0,8,True,,True,0.0
D_pr17_scaled_4d_weighted_threshold_0_9_18,e0b80bb7-71c4-4f6a-8618-386b524c5da0,a57f0fd6-6977-43c3-86bb-cd34ef2a7a29,2026-04-02 15:10:27.817668+00:00,pending,0,93.0,7,True,,True,0.0
D_pr17_scaled_4d_weighted_threshold_0_9_18,e687d8fb-d481-4f2f-b514-22e30ad3daea,a57f0fd6-6977-43c3-86bb-cd34ef2a7a29,2026-04-02 15:20:33.768218+00:00,pending,1,93.0,8,True,,True,0.0
D_pr17_scaled_4d_weighted_threshold_0_9_18,60457793-86a9-4b09-aaac-6af1d4e12add,a57f0fd6-6977-43c3-86bb-cd34ef2a7a29,2026-04-02 15:26:05.608653+00:00,pending,1,93.0,9,True,,True,0.0
D_pr17_scaled_4d_weighted_threshold_0_9_18,28624342-9eed-4cf6-a81f-b560acc8ed8c,fd9b7f36-2943-4ceb-b658-83c814782ac3,2026-04-02 15:27:39.085063+00:00,approved,1,88.0,9,True,,True,0.0
D_pr17_scaled_4d_weighted_threshold_0_9_18,07fbb638-210d-484e-aad7-2677d744c76f,a57f0fd6-6977-43c3-86bb-cd34ef2a7a29,2026-04-02 15:32:51.390694+00:00,rejected,0,93.0,10,True,,True,0.0
D_pr17_scaled_4d_weighted_threshold_0_9_18,dd5efadf-e3b7-4e46-bff1-ccd718456500,fd9b7f36-2943-4ceb-b658-83c814782ac3,2026-04-02 15:35:30.473144+00:00,approved,2,88.0,10,True,,True,0.0
D_pr17_scaled_4d_weighted_threshold_0_9_18,48adc6a9-4e27-4a67-adef-85df32250213,fd9b7f36-2943-4ceb-b658-83c814782ac3,2026-04-02 15:42:48.130369+00:00,pending,0,88.0,11,True,,True,0.0
D_pr17_scaled_4d_weighted_threshold_0_9_18,05e82829-9f6d-4200-9c30-570df20636ef,fd9b7f36-2943-4ceb-b658-83c814782ac3,2026-04-02 15:47:33.074740+00:00,pending,1,88.0,12,True,,True,0.0
D_pr17_scaled_4d_weighted_threshold_0_9_18,c3da5793-18c1-4758-b50e-4ea08b468bb2,fd9b7f36-2943-4ceb-b658-83c814782ac3,2026-04-02 16:06:51.093054+00:00,pending,1,88.0,13,True,,True,0.0
D_pr17_scaled_4d_weighted_threshold_0_9_18,94e3f04c-b673-46e5-aea5-4f14d1c1fe84,fd9b7f36-2943-4ceb-b658-83c814782ac3,2026-04-02 16:12:29.834661+00:00,pending,1,88.0,14,True,,True,0.0
D_pr17_scaled_4d_weighted_threshold_0_9_18,6fbaac12-47f9-4d3d-8a02-d63316e1fa6e,fd9b7f36-2943-4ceb-b658-83c814782ac3,2026-04-02 19:03:34.671735+00:00,pending,1,88.0,15,True,,True,0.0
D_pr17_scaled_4d_weighted_threshold_0_9_18,7538e10c-eca9-48d6-8bcf-329f7b9a4995,fd9b7f36-2943-4ceb-b658-83c814782ac3,2026-04-02 19:12:49.866848+00:00,pending,1,88.0,16,True,,True,0.0
D_pr17_scaled_4d_weighted_threshold_0_9_18,ed7478e8-54dc-420e-a8f3-d00f0aae55b1,fd9b7f36-2943-4ceb-b658-83c814782ac3,2026-04-02 20:12:14.272226+00:00,pending,1,88.0,17,True,,True,0.0
D_pr17_scaled_4d_weighted_threshold_0_9_18,fb386339-7c81-4b1f-87fa-9f0a91b4b54a,fd9b7f36-2943-4ceb-b658-83c814782ac3,2026-04-02 20:20:42.756171+00:00,approved,1,88.0,18,True,,True,0.0
D_pr17_scaled_4d_weighted_threshold_0_9_18,ddf53381-f643-4aa7-9c18-eee143162a2c,fd9b7f36-2943-4ceb-b658-83c814782ac3,2026-04-02 20:48:51.345377+00:00,pending,1,88.0,19,True,,True,0.0
D_pr17_scaled_4d_weighted_threshold_0_9_18,f015b413-a37d-495a-ac9c-e93dc4918523,fd9b7f36-2943-4ceb-b658-83c814782ac3,2026-04-02 21:00:21.434388+00:00,approved,3,88.0,20,True,,True,0.0
D_pr17_scaled_4d_weighted_threshold_0_9_18,1fb4fab8-cafc-4b64-8054-a70ff66a090f,fd9b7f36-2943-4ceb-b658-83c814782ac3,2026-04-02 21:03:36.178992+00:00,approved,3,88.0,21,True,,True,0.0
D_pr17_scaled_4d_weighted_threshold_0_9_18,96f6ff4b-d250-47c5-a608-ddd1506c6bd2,a57f0fd6-6977-43c3-86bb-cd34ef2a7a29,2026-04-02 21:04:34.221672+00:00,pending,1,99.0,11,True,,True,0.0
D_pr17_scaled_4d_weighted_threshold_0_9_18,c66bd2a2-e61c-4abf-9cad-36ce19f2ba85,4ce403f9-c662-4caa-8576-c10e71f01c4b,2026-04-02 22:00:24.019440+00:00,approved,1,51.0,1,True,,True,0.0
D_pr17_scaled_4d_weighted_threshold_0_9_18,bbe47b48-71fe-4f88-bfe3-e1f48818ad37,4ce403f9-c662-4caa-8576-c10e71f01c4b,2026-04-02 22:55:28.659376+00:00,pending,0,51.0,2,True,,True,0.0
D_pr17_scaled_4d_weighted_threshold_0_9_18,0267ae46-c20c-4071-95e9-0ff88a9ece8f,4ce403f9-c662-4caa-8576-c10e71f01c4b,2026-04-02 23:01:18.725122+00:00,approved,1,51.0,3,True,,True,0.0
D_pr17_scaled_4d_weighted_threshold_0_9_18,cc8bfadb-f186-400a-8681-7b408be370e3,4ce403f9-c662-4caa-8576-c10e71f01c4b,2026-04-02 23:38:46.870947+00:00,pending,0,51.0,4,True,,True,0.0
D_pr17_scaled_4d_weighted_threshold_0_9_18,6e7ef973-6252-427c-9513-fe0955adce5b,4ce403f9-c662-4caa-8576-c10e71f01c4b,2026-04-02 23:49:18.605339+00:00,pending,0,51.0,5,True,,True,0.0
D_pr17_scaled_4d_weighted_threshold_0_9_18,0f4a173d-2e06-4b22-905b-43fbb8d74d4b,4ce403f9-c662-4caa-8576-c10e71f01c4b,2026-04-02 23:52:04.661510+00:00,pending,0,51.0,6,True,,True,0.0
D_pr17_scaled_4d_weighted_threshold_0_9_18,5596201d-6a5b-4a5e-80de-8910f05b5a10,4ce403f9-c662-4caa-8576-c10e71f01c4b,2026-04-02 23:55:06.653973+00:00,pending,0,51.0,7,True,,True,0.0
D_pr17_scaled_4d_weighted_threshold_0_9_18,4af01bf0-135e-48e0-94d9-fe0a270a9404,4ce403f9-c662-4caa-8576-c10e71f01c4b,2026-04-02 23:57:36.854359+00:00,pending,0,51.0,8,True,,True,0.0
D_pr17_scaled_4d_weighted_threshold_0_9_18,66b09d28-15a6-4b66-8a4b-28a7773b7953,4ce403f9-c662-4caa-8576-c10e71f01c4b,2026-04-03 00:17:21.893646+00:00,pending,2,60.0,0,True,,True,0.0
D_pr17_scaled_4d_weighted_threshold_0_9_18,e3eea416-e0a2-4953-8977-869eafb6c355,4ce403f9-c662-4caa-8576-c10e71f01c4b,2026-04-03 06:35:04.424526+00:00,pending,0,69.0,1,True,,True,0.0
D_pr17_scaled_4d_weighted_threshold_0_9_18,996c89f0-177b-43b1-8252-60b346c78bd6,4ce403f9-c662-4caa-8576-c10e71f01c4b,2026-04-03 06:42:21.047785+00:00,pending,0,69.0,2,True,,True,0.0
D_pr17_scaled_4d_weighted_threshold_0_9_18,ef462d91-2d83-4acf-a6f7-8abad2744856,4ce403f9-c662-4caa-8576-c10e71f01c4b,2026-04-03 06:52:20.285591+00:00,pending,1,69.0,3,True,,True,0.0
D_pr17_scaled_4d_weighted_threshold_0_9_18,641522c1-8f0b-4b68-a4b0-2a883cf07321,4ce403f9-c662-4caa-8576-c10e71f01c4b,2026-04-03 07:11:19.151774+00:00,approved,1,69.0,4,True,,True,0.0
D_pr17_scaled_4d_weighted_threshold_0_9_18,d5ec5e8a-80bb-4f6d-8b69-ae3e0db13986,4ce403f9-c662-4caa-8576-c10e71f01c4b,2026-04-03 07:21:11.190958+00:00,approved,1,69.0,5,True,,True,0.0
D_pr17_scaled_4d_weighted_threshold_0_9_18,b938d7f0-383a-4aec-8cc3-f6889cb94d2a,4ce403f9-c662-4caa-8576-c10e71f01c4b,2026-04-03 07:29:34.429285+00:00,approved,1,69.0,6,True,,True,0.0
D_pr17_scaled_4d_weighted_threshold_0_9_18,c7c4a630-2143-467e-a791-39c5f22d4944,4ce403f9-c662-4caa-8576-c10e71f01c4b,2026-04-03 07:42:42.221449+00:00,approved,1,69.0,7,True,,True,0.0
D_pr17_scaled_4d_weighted_threshold_0_9_18,2a76ef0b-eac8-41c7-905d-1d00ddcc76ad,4ce403f9-c662-4caa-8576-c10e71f01c4b,2026-04-03 07:50:07.155085+00:00,pending,1,69.0,8,True,,True,0.0
D_pr17_scaled_4d_weighted_threshold_0_9_18,a4915154-ebf7-493a-98fc-98642b777d58,cdbc2977-3feb-4b78-967e-7636db3986d5,2026-04-03 12:49:56.084612+00:00,approved,1,48.0,0,True,,True,0.0
D_pr17_scaled_4d_weighted_threshold_0_9_18,ee7c8d2f-cacb-4888-800d-3d7ad12616cc,cdbc2977-3feb-4b78-967e-7636db3986d5,2026-04-03 12:58:12.626244+00:00,approved,1,48.0,1,True,,True,0.0
D_pr17_scaled_4d_weighted_threshold_0_9_18,d804e43e-f767-40c9-97b5-18926c81a87a,cdbc2977-3feb-4b78-967e-7636db3986d5,2026-04-03 13:13:52.696361+00:00,pending,0,48.0,2,True,,True,0.0
D_pr17_scaled_4d_weighted_threshold_0_9_18,1500e9df-7a3b-4aa5-826a-9b84a46d112b,cdbc2977-3feb-4b78-967e-7636db3986d5,2026-04-03 13:22:13.207429+00:00,pending,0,48.0,3,True,,True,0.0
D_pr17_scaled_4d_weighted_threshold_0_9_18,a35dba67-2364-4128-bfe9-d604fc968fd9,a57f0fd6-6977-43c3-86bb-cd34ef2a7a29,2026-04-03 13:31:09.411243+00:00,pending,1,129.0,0,True,,True,0.0
D_pr17_scaled_4d_weighted_threshold_0_9_18,2bf0597e-eb3a-44ee-b501-ff1e007f43d5,cdbc2977-3feb-4b78-967e-7636db3986d5,2026-04-03 21:02:12.691450+00:00,pending,2,46.0,4,True,,True,0.0
D_pr17_scaled_4d_weighted_threshold_0_9_18,d048b407-a504-4fe8-a492-2eece7147796,68094f87-01d0-4966-aae7-21eb452e918d,2026-04-03 22:34:17.329054+00:00,approved,1,23.0,0,True,,True,0.0
D_pr17_scaled_4d_weighted_threshold_0_9_18,595e9508-6dec-41f3-81c9-16025ad09dd0,4ce403f9-c662-4caa-8576-c10e71f01c4b,2026-04-03 23:31:50.582049+00:00,approved,1,75.0,9,True,,True,0.0
D_pr17_scaled_4d_weighted_threshold_0_9_18,6e411a74-d4bb-4d46-87a1-884a60808f5d,4ce403f9-c662-4caa-8576-c10e71f01c4b,2026-04-03 23:49:35.761407+00:00,approved,1,75.0,10,True,,True,0.0
D_pr17_scaled_4d_weighted_threshold_0_9_18,6155bd7f-1849-4d19-9ae0-73370015b6b8,4ce403f9-c662-4caa-8576-c10e71f01c4b,2026-04-04 00:20:45.324255+00:00,pending,0,84.0,0,True,,True,0.0
D_pr17_scaled_4d_weighted_threshold_0_9_18,80b0123a-2fb9-4483-9116-a3cdc7ec6dc4,4ce403f9-c662-4caa-8576-c10e71f01c4b,2026-04-04 00:29:04.106321+00:00,pending,0,93.0,1,True,,True,0.0
D_pr17_scaled_4d_weighted_threshold_0_9_18,07e2310f-c1d8-4d9e-851f-6900d29df881,4ce403f9-c662-4caa-8576-c10e71f01c4b,2026-04-04 00:45:06.007223+00:00,approved,1,93.0,2,True,,True,0.0
D_pr17_scaled_4d_weighted_threshold_0_9_18,f6d230fd-898e-41a9-9746-b3043d5deccb,4ce403f9-c662-4caa-8576-c10e71f01c4b,2026-04-04 00:57:10.913673+00:00,pending,-1,93.0,3,True,,True,0.0
D_pr17_scaled_4d_weighted_threshold_0_9_18,54d84fa7-62f9-418b-bf56-7b00c31baa24,4ce403f9-c662-4caa-8576-c10e71f01c4b,2026-04-04 01:12:40.420062+00:00,approved,1,93.0,4,True,,True,0.0
D_pr17_scaled_4d_weighted_threshold_0_9_18,b77390c8-efa9-4c7a-afe1-2c276252e22b,4ce403f9-c662-4caa-8576-c10e71f01c4b,2026-04-04 01:20:27.147637+00:00,pending,1,93.0,5,True,,True,0.0
D_pr17_scaled_4d_weighted_threshold_0_9_18,f5c9980f-5ddf-4029-a3f7-1cd0493bf794,4ce403f9-c662-4caa-8576-c10e71f01c4b,2026-04-04 02:56:42.333439+00:00,approved,1,96.0,6,True,,True,0.0
D_pr17_scaled_4d_weighted_threshold_0_9_18,8209cd5b-28e0-43d0-af19-410fadcca6db,4ce403f9-c662-4caa-8576-c10e71f01c4b,2026-04-04 03:08:35.068382+00:00,approved,1,96.0,7,True,,True,0.0
D_pr17_scaled_4d_weighted_threshold_0_9_18,9953d1ec-7be6-425d-8b9c-57e19551a704,4ce403f9-c662-4caa-8576-c10e71f01c4b,2026-04-04 03:40:55.787998+00:00,approved,1,96.0,8,True,,True,0.0
D_pr17_scaled_4d_weighted_threshold_0_9_18,af979dfd-1137-49f0-96a4-898c512e789f,fd9b7f36-2943-4ceb-b658-83c814782ac3,2026-04-04 05:00:15.738432+00:00,pending,1,112.0,0,True,,True,0.0
D_pr17_scaled_4d_weighted_threshold_0_9_18,e8999221-7cf3-43bb-8d26-6c1fd19e9aed,fd9b7f36-2943-4ceb-b658-83c814782ac3,2026-04-04 05:06:45.538998+00:00,pending,1,112.0,1,True,,True,0.0
D_pr17_scaled_4d_weighted_threshold_0_9_18,cd74add1-1863-4364-86dc-2567c80cd3d7,fd9b7f36-2943-4ceb-b658-83c814782ac3,2026-04-04 05:15:56.234550+00:00,approved,2,113.0,2,True,,True,0.0
D_pr17_scaled_4d_weighted_threshold_0_9_18,9cb4c561-2fda-44af-9e30-1cc83ef9a9e4,fd9b7f36-2943-4ceb-b658-83c814782ac3,2026-04-04 05:24:24.333155+00:00,pending,1,113.0,3,True,,True,0.0
D_pr17_scaled_4d_weighted_threshold_0_9_18,0cf88b99-2427-42c9-9b29-bef337f8be9d,fd9b7f36-2943-4ceb-b658-83c814782ac3,2026-04-04 05:33:02.696552+00:00,approved,2,113.0,4,True,,True,0.0
D_pr17_scaled_4d_weighted_threshold_0_9_18,28d0f223-498b-4aeb-a392-a63b8b24dab2,fd9b7f36-2943-4ceb-b658-83c814782ac3,2026-04-04 05:39:54.861459+00:00,approved,1,113.0,5,True,,True,0.0
D_pr17_scaled_4d_weighted_threshold_0_9_18,79f0b272-93e9-4f14-bdfc-511045f14ea7,fd9b7f36-2943-4ceb-b658-83c814782ac3,2026-04-04 05:55:45.983612+00:00,pending,1,113.0,6,True,,True,0.0
D_pr17_scaled_4d_weighted_threshold_0_9_18,02b5e106-b701-4655-b445-3d43f7da7876,fd9b7f36-2943-4ceb-b658-83c814782ac3,2026-04-04 06:15:27.955761+00:00,approved,2,113.0,7,True,,True,0.0
D_pr17_scaled_4d_weighted_threshold_0_9_18,1a223481-c4a6-4217-855c-6741dd0744a1,4ce403f9-c662-4caa-8576-c10e71f01c4b,2026-04-04 06:27:26.216422+00:00,approved,2,99.0,9,True,,True,0.0
D_pr17_scaled_4d_weighted_threshold_0_9_18,d5664a8a-8b9b-4661-a5fe-5393d6b50cf4,4ce403f9-c662-4caa-8576-c10e71f01c4b,2026-04-04 06:59:51.709528+00:00,approved,3,103.0,10,True,,True,0.0
D_pr17_scaled_4d_weighted_threshold_0_9_18,888eb6df-d596-42ab-83bb-b5d188312d3e,4ce403f9-c662-4caa-8576-c10e71f01c4b,2026-04-04 07:09:15.937044+00:00,pending,1,103.0,11,True,,True,0.0
D_pr17_scaled_4d_weighted_threshold_0_9_18,72a5ad2a-1cd3-454e-812b-2537998c12cd,4ce403f9-c662-4caa-8576-c10e71f01c4b,2026-04-04 07:36:21.827961+00:00,approved,2,103.0,12,True,,True,0.0
D_pr17_scaled_4d_weighted_threshold_0_9_18,1c54a2cf-d893-426e-870d-e0e5c3035b30,cdbc2977-3feb-4b78-967e-7636db3986d5,2026-04-04 13:51:29.205949+00:00,pending,0,65.0,0,True,,True,0.0
D_pr17_scaled_4d_weighted_threshold_0_9_18,f0349c75-43c2-4673-b279-55079c79e162,cdbc2977-3feb-4b78-967e-7636db3986d5,2026-04-04 13:56:14.488072+00:00,pending,0,65.0,1,True,,True,0.0
D_pr17_scaled_4d_weighted_threshold_0_9_18,1889f111-4475-4e41-807c-024110eec4f3,cdbc2977-3feb-4b78-967e-7636db3986d5,2026-04-04 16:19:26.735483+00:00,pending,1,65.0,2,True,,True,0.0
D_pr17_scaled_4d_weighted_threshold_0_9_18,d0d298bf-95d8-4093-b991-f51c9f5cadb0,a57f0fd6-6977-43c3-86bb-cd34ef2a7a29,2026-04-04 16:42:27.283839+00:00,pending,0,149.0,0,True,,True,0.0
D_pr17_scaled_4d_weighted_threshold_0_9_18,ffcdcdbf-f956-402c-888a-526d0a56bcbf,a57f0fd6-6977-43c3-86bb-cd34ef2a7a29,2026-04-04 16:47:13.564959+00:00,pending,0,149.0,1,True,,True,0.0
D_pr17_scaled_4d_weighted_threshold_0_9_18,a6000878-affc-49e7-a29d-ec47ff8d9727,fd9b7f36-2943-4ceb-b658-83c814782ac3,2026-04-04 16:48:26.184012+00:00,pending,1,115.0,8,True,,True,0.0
D_pr17_scaled_4d_weighted_threshold_0_9_18,aa38dbdb-517f-4a6c-8fa3-a314e1d262bf,a57f0fd6-6977-43c3-86bb-cd34ef2a7a29,2026-04-04 16:51:07.557220+00:00,pending,0,149.0,2,True,,True,0.0
D_pr17_scaled_4d_weighted_threshold_0_9_18,ee877acd-baaf-4342-b34a-a8d5cfd19840,a57f0fd6-6977-43c3-86bb-cd34ef2a7a29,2026-04-04 16:54:55.300756+00:00,pending,0,149.0,3,True,,True,0.0
D_pr17_scaled_4d_weighted_threshold_0_9_18,2e78c097-7b41-4c6d-85ee-087bb3b1bcb1,fd9b7f36-2943-4ceb-b658-83c814782ac3,2026-04-04 17:01:29.948654+00:00,pending,1,115.0,9,True,,True,0.0
D_pr17_scaled_4d_weighted_threshold_0_9_18,373912d9-ffb4-4760-8853-7512c64ce1f0,fd9b7f36-2943-4ceb-b658-83c814782ac3,2026-04-04 17:39:33.018229+00:00,pending,0,115.0,10,True,,True,0.0
D_pr17_scaled_4d_weighted_threshold_0_9_18,dffd1b1f-84bd-4285-b0a3-2a7c0e5f36ef,fd9b7f36-2943-4ceb-b658-83c814782ac3,2026-04-04 17:47:02.449508+00:00,approved,2,115.0,11,True,,True,0.0
D_pr17_scaled_4d_weighted_threshold_0_9_18,f97ced0b-3518-4a8c-b151-8608a14a2a39,fd9b7f36-2943-4ceb-b658-83c814782ac3,2026-04-04 17:51:36.948182+00:00,approved,1,115.0,12,True,,True,0.0
D_pr17_scaled_4d_weighted_threshold_0_9_18,ff8bc529-880a-4a01-81cf-691330b75f0b,fd9b7f36-2943-4ceb-b658-83c814782ac3,2026-04-04 18:14:04.658018+00:00,pending,1,115.0,13,True,,True,0.0
D_pr17_scaled_4d_weighted_threshold_0_9_18,f85fdb8e-2ea5-42d1-8e73-2b1ddb8c66bf,fd9b7f36-2943-4ceb-b658-83c814782ac3,2026-04-04 18:19:21.570919+00:00,approved,1,115.0,14,True,,True,0.0
D_pr17_scaled_4d_weighted_threshold_0_9_18,e09c5f4b-7115-4c12-a36f-92d32c498044,cdbc2977-3feb-4b78-967e-7636db3986d5,2026-04-04 19:31:59.949779+00:00,approved,1,65.0,3,True,,True,0.0
D_pr17_scaled_4d_weighted_threshold_0_9_18,e1cdc422-3c9f-4b2e-ac9d-0200440611f1,fd9b7f36-2943-4ceb-b658-83c814782ac3,2026-04-04 22:00:53.826937+00:00,approved,1,115.0,15,True,,True,0.0
D_pr17_scaled_4d_weighted_threshold_0_9_18,ddd5e090-5f3f-4bd3-a0a3-73b598164a51,4ce403f9-c662-4caa-8576-c10e71f01c4b,2026-04-04 23:43:56.173386+00:00,pending,0,110.0,13,True,,True,0.0
D_pr17_scaled_4d_weighted_threshold_0_9_18,cc1649b3-8abd-46e9-858f-52aab762c79a,4ce403f9-c662-4caa-8576-c10e71f01c4b,2026-04-04 23:55:36.438001+00:00,pending,1,110.0,14,True,,True,0.0
D_pr17_scaled_4d_weighted_threshold_0_9_18,4d3b3d1c-100f-4363-9428-3a3e6aafa430,4ce403f9-c662-4caa-8576-c10e71f01c4b,2026-04-05 01:12:10.384931+00:00,approved,3,128.0,0,True,,True,0.0
D_pr17_scaled_4d_weighted_threshold_0_9_18,23c3000a-bcc1-43f7-b986-8307f23e765d,4ce403f9-c662-4caa-8576-c10e71f01c4b,2026-04-05 01:31:06.040245+00:00,approved,2,128.0,1,True,,True,0.0
D_pr17_scaled_4d_weighted_threshold_0_9_18,4dc689aa-9b31-4538-bbaa-4e0a4eb698b3,4ce403f9-c662-4caa-8576-c10e71f01c4b,2026-04-05 02:19:42.240499+00:00,approved,3,127.0,2,True,,True,0.0
D_pr17_scaled_4d_weighted_threshold_0_9_18,29d2c3b9-a751-4734-9d9b-e8edd5dd7d9e,4ce403f9-c662-4caa-8576-c10e71f01c4b,2026-04-05 02:51:26.065753+00:00,approved,2,127.0,3,True,,True,0.0
D_pr17_scaled_4d_weighted_threshold_0_9_18,fedffe3c-5938-4ac4-9d66-4e9967beb2ad,4ce403f9-c662-4caa-8576-c10e71f01c4b,2026-04-05 03:07:45.075419+00:00,approved,1,127.0,4,True,,True,0.0
D_pr17_scaled_4d_weighted_threshold_0_9_18,bacd3a57-72ce-4ce9-8339-27b25ed3c349,fd9b7f36-2943-4ceb-b658-83c814782ac3,2026-04-05 03:09:45.200744+00:00,approved,2,137.0,0,True,,True,0.0
D_pr17_scaled_4d_weighted_threshold_0_9_18,34390624-f5ee-48d5-9b38-d8608aab6140,fd9b7f36-2943-4ceb-b658-83c814782ac3,2026-04-05 03:19:50.172222+00:00,approved,1,137.0,1,True,,True,0.0
D_pr17_scaled_4d_weighted_threshold_0_9_18,155ddb56-d201-4a31-9968-faae4a2d4d7c,fd9b7f36-2943-4ceb-b658-83c814782ac3,2026-04-05 03:31:51.829993+00:00,approved,1,137.0,2,True,,True,0.0
D_pr17_scaled_4d_weighted_threshold_0_9_18,48748549-9315-49a8-bca9-b315c6117fa0,fd9b7f36-2943-4ceb-b658-83c814782ac3,2026-04-05 03:37:34.537199+00:00,pending,-1,137.0,3,True,,True,0.0
D_pr17_scaled_4d_weighted_threshold_0_9_18,76071fe0-82f5-44dd-b7b6-ea94fbb72928,fd9b7f36-2943-4ceb-b658-83c814782ac3,2026-04-05 03:43:53.012512+00:00,approved,2,137.0,4,True,,True,0.0
D_pr17_scaled_4d_weighted_threshold_0_9_18,3e558a01-2a47-42bc-ab73-b75a623e6cd7,fd9b7f36-2943-4ceb-b658-83c814782ac3,2026-04-05 03:51:35.234202+00:00,approved,3,137.0,5,True,,True,0.0
D_pr17_scaled_4d_weighted_threshold_0_9_18,5c5232c8-f4e7-41b4-96b5-5af27df07b3e,fd9b7f36-2943-4ceb-b658-83c814782ac3,2026-04-05 03:54:25.215398+00:00,approved,1,137.0,6,True,,True,0.0
D_pr17_scaled_4d_weighted_threshold_0_9_18,6b289a9d-a9a0-4812-a2ba-e2aaeebb27fe,4ce403f9-c662-4caa-8576-c10e71f01c4b,2026-04-05 07:44:09.224050+00:00,approved,1,129.0,5,True,,True,0.0
D_pr17_scaled_4d_weighted_threshold_0_9_18,016a545f-fea5-4d60-9324-c5db4b2891b7,4ce403f9-c662-4caa-8576-c10e71f01c4b,2026-04-05 08:01:58.515433+00:00,approved,1,129.0,6,True,,True,0.0
D_pr17_scaled_4d_weighted_threshold_0_9_18,72a7dbe6-5890-4ffd-944a-cbfb084d4a98,4ce403f9-c662-4caa-8576-c10e71f01c4b,2026-04-05 21:09:39.687849+00:00,pending,0,129.0,7,True,,True,0.0
D_pr17_scaled_4d_weighted_threshold_0_9_18,8579f12a-1e70-4be7-92e4-8922e5c028ab,4ce403f9-c662-4caa-8576-c10e71f01c4b,2026-04-05 21:48:44.007998+00:00,pending,1,129.0,8,True,,True,0.0
D_pr17_scaled_4d_weighted_threshold_0_9_18,eefcaf09-f970-4b73-8542-351060a7638e,4ce403f9-c662-4caa-8576-c10e71f01c4b,2026-04-05 23:02:52.094262+00:00,approved,2,129.0,9,True,,True,0.0
D_pr17_scaled_4d_weighted_threshold_0_9_18,858dea0b-a382-4f19-bc11-05cfae313027,69ce191d-25f7-4ae6-b5fc-26bdc90e84aa,2026-04-06 00:36:15.982864+00:00,pending,0,48.0,0,True,,True,0.0
D_pr17_scaled_4d_weighted_threshold_0_9_18,954da555-0f8c-4414-8d61-729084046daf,fd9b7f36-2943-4ceb-b658-83c814782ac3,2026-04-06 01:57:16.735908+00:00,pending,1,112.0,0,True,,True,0.0
D_pr17_scaled_4d_weighted_threshold_0_9_18,87d7f119-8230-463b-a400-fa3784dd8514,fd9b7f36-2943-4ceb-b658-83c814782ac3,2026-04-06 02:06:30.536738+00:00,approved,-1,112.0,1,True,,True,0.0
D_pr17_scaled_4d_weighted_threshold_0_9_18,5c0d3d21-afa7-4fb0-b3a8-fff4c95b23ed,fd9b7f36-2943-4ceb-b658-83c814782ac3,2026-04-06 02:11:33.826601+00:00,approved,1,112.0,2,True,,True,0.0
D_pr17_scaled_4d_weighted_threshold_0_9_18,f9ec9e33-6c22-4617-9abb-d12bd455c1bf,fd9b7f36-2943-4ceb-b658-83c814782ac3,2026-04-06 02:15:30.481751+00:00,approved,0,112.0,3,True,,True,0.0
D_pr17_scaled_4d_weighted_threshold_0_9_18,699d29b3-84e4-4152-b569-14b7b128a820,fd9b7f36-2943-4ceb-b658-83c814782ac3,2026-04-06 02:48:24.458943+00:00,approved,1,105.0,4,True,,True,0.0
D_pr17_scaled_4d_weighted_threshold_0_9_18,b0161d26-176e-4327-813c-6b47794da10a,fd9b7f36-2943-4ceb-b658-83c814782ac3,2026-04-06 02:51:33.230316+00:00,approved,0,105.0,5,True,,True,0.0
D_pr17_scaled_4d_weighted_threshold_0_9_18,9e150024-14a9-4f20-a24c-4351c021100d,a57f0fd6-6977-43c3-86bb-cd34ef2a7a29,2026-04-06 03:55:16.590886+00:00,pending,0,164.0,0,True,,True,0.0
D_pr17_scaled_4d_weighted_threshold_0_9_18,601b7e4f-aaed-454a-88a3-0a910e2e19c0,4ce403f9-c662-4caa-8576-c10e71f01c4b,2026-04-06 04:02:44.937401+00:00,approved,2,149.0,0,True,,True,0.0
D_pr17_scaled_4d_weighted_threshold_0_9_18,cea27375-c0f5-443f-9b08-15cf622a3585,a57f0fd6-6977-43c3-86bb-cd34ef2a7a29,2026-04-06 04:09:43.778004+00:00,pending,1,173.0,1,True,,True,0.0
D_pr17_scaled_4d_weighted_threshold_0_9_18,a47b70b5-6919-4204-8a4a-4da3071bb253,a57f0fd6-6977-43c3-86bb-cd34ef2a7a29,2026-04-06 04:22:09.972342+00:00,pending,1,173.0,2,True,,True,0.0
D_pr17_scaled_4d_weighted_threshold_0_9_18,be645576-35df-4a80-bf66-a88b59f827d2,a57f0fd6-6977-43c3-86bb-cd34ef2a7a29,2026-04-06 04:36:35.970545+00:00,pending,0,173.0,3,True,,True,0.0
D_pr17_scaled_4d_weighted_threshold_0_9_18,113018f5-0a2f-43c2-96ad-0d175d91e7a3,a57f0fd6-6977-43c3-86bb-cd34ef2a7a29,2026-04-06 04:47:29.576068+00:00,pending,1,173.0,4,True,,True,0.0
D_pr17_scaled_4d_weighted_threshold_0_9_18,40b82d8e-7d2c-4e68-bebe-6d03c1b3356d,4ce403f9-c662-4caa-8576-c10e71f01c4b,2026-04-06 06:12:41.382321+00:00,pending,0,160.0,1,True,,True,0.0
D_pr17_scaled_4d_weighted_threshold_0_9_18,6e9d11a7-8c54-46f9-9b6d-4648faf54ffc,4ce403f9-c662-4caa-8576-c10e71f01c4b,2026-04-06 06:21:17.063849+00:00,approved,2,160.0,2,True,,True,0.0
D_pr17_scaled_4d_weighted_threshold_0_9_18,a86b8cc8-4a40-47de-9a3a-6b35a757e0bc,a57f0fd6-6977-43c3-86bb-cd34ef2a7a29,2026-04-06 11:10:00.489120+00:00,pending,0,162.0,5,True,,True,0.0
D_pr17_scaled_4d_weighted_threshold_0_9_18,d2f9bc1a-322c-416f-8390-901f4414a2d0,a57f0fd6-6977-43c3-86bb-cd34ef2a7a29,2026-04-06 11:18:49.013117+00:00,pending,0,162.0,6,True,,True,0.0
D_pr17_scaled_4d_weighted_threshold_0_9_18,543c8110-5c01-4de6-adce-17ab51b5e722,a57f0fd6-6977-43c3-86bb-cd34ef2a7a29,2026-04-06 11:25:01.235512+00:00,pending,0,162.0,7,True,,True,0.0
D_pr17_scaled_4d_weighted_threshold_0_9_18,9b684f4b-85f0-4ca6-a5f1-c6d5664c7967,a57f0fd6-6977-43c3-86bb-cd34ef2a7a29,2026-04-06 12:51:59.061007+00:00,pending,1,158.0,8,True,,True,0.0
D_pr17_scaled_4d_weighted_threshold_0_9_18,8676c547-0dc4-4415-9f2b-c673ee67d98d,fd9b7f36-2943-4ceb-b658-83c814782ac3,2026-04-06 15:14:23.379857+00:00,approved,2,68.0,6,True,,True,0.0
D_pr17_scaled_4d_weighted_threshold_0_9_18,63c85812-22b0-47f3-ab3a-8387dc34eb14,fd9b7f36-2943-4ceb-b658-83c814782ac3,2026-04-06 15:24:30.390242+00:00,approved,4,68.0,7,True,,True,0.0
D_pr17_scaled_4d_weighted_threshold_0_9_18,1befaada-68f1-45b2-910a-82f7194d7280,fd9b7f36-2943-4ceb-b658-83c814782ac3,2026-04-06 15:33:54.316758+00:00,approved,2,68.0,8,True,,True,0.0
D_pr17_scaled_4d_weighted_threshold_0_9_18,785706a6-eacd-453c-9d85-723db483f64e,fd9b7f36-2943-4ceb-b658-83c814782ac3,2026-04-06 15:43:20.136528+00:00,approved,3,68.0,9,True,,True,0.0
D_pr17_scaled_4d_weighted_threshold_0_9_18,3d580b12-f012-4fd4-a811-b9c3661b7106,60264769-e015-4dba-b2f4-6bfdffed12b3,2026-04-06 15:58:48.116866+00:00,pending,1,13.0,0,True,2.0,False,5.0
D_pr17_scaled_4d_weighted_threshold_0_9_18,acf06857-4004-416b-bc06-5697fe5d2d89,fd9b7f36-2943-4ceb-b658-83c814782ac3,2026-04-06 18:14:25.083161+00:00,approved,4,68.0,10,True,,True,0.0
D_pr17_scaled_4d_weighted_threshold_0_9_18,5103ad95-4d0e-4712-bd85-cc0298497305,fd9b7f36-2943-4ceb-b658-83c814782ac3,2026-04-06 18:35:12.575385+00:00,approved,3,68.0,11,True,,True,0.0
D_pr17_scaled_4d_weighted_threshold_0_9_18,d513157c-2d57-41ce-a9a1-4281b5b5b5d8,fd9b7f36-2943-4ceb-b658-83c814782ac3,2026-04-06 18:39:09.364658+00:00,approved,4,68.0,12,True,,True,0.0
D_pr17_scaled_4d_weighted_threshold_0_9_18,dd2f4e62-5d07-48a9-9ae3-899a1ac4d4bb,fd9b7f36-2943-4ceb-b658-83c814782ac3,2026-04-06 18:41:34.724245+00:00,approved,3,68.0,13,True,,True,0.0
D_pr17_scaled_4d_weighted_threshold_0_9_18,82430952-49af-4214-8aae-b6bb6d23be04,fd9b7f36-2943-4ceb-b658-83c814782ac3,2026-04-06 20:25:15.203249+00:00,approved,3,68.0,14,True,,True,0.0
D_pr17_scaled_4d_weighted_threshold_0_9_18,ae402ff9-4610-43da-94bc-c6b1100bfb66,fd9b7f36-2943-4ceb-b658-83c814782ac3,2026-04-06 20:33:01.691251+00:00,approved,3,68.0,15,True,,True,0.0
D_pr17_scaled_4d_weighted_threshold_0_9_18,3056fba3-8a67-4e48-b7da-67e3bd953310,fd9b7f36-2943-4ceb-b658-83c814782ac3,2026-04-06 20:44:26.502166+00:00,approved,3,68.0,16,True,,True,0.0
D_pr17_scaled_4d_weighted_threshold_0_9_18,8cadd9ac-7f22-4a46-9d61-600c245038d7,a57f0fd6-6977-43c3-86bb-cd34ef2a7a29,2026-04-06 23:06:44.891040+00:00,pending,1,150.0,9,True,,True,0.0
D_pr17_scaled_4d_weighted_threshold_0_9_18,57c8bba6-0f23-452f-85aa-5650e286d3cf,4ce403f9-c662-4caa-8576-c10e71f01c4b,2026-04-07 01:11:20.558374+00:00,approved,1,137.0,0,True,,True,0.0
D_pr17_scaled_4d_weighted_threshold_0_9_18,2d84081c-6a0a-49de-8cce-59c1fa69b879,a57f0fd6-6977-43c3-86bb-cd34ef2a7a29,2026-04-07 01:35:37.067292+00:00,pending,0,165.0,0,True,,True,0.0
D_pr17_scaled_4d_weighted_threshold_0_9_18,d9c2fc3d-5406-49a4-a12a-9572d9454856,a57f0fd6-6977-43c3-86bb-cd34ef2a7a29,2026-04-07 01:48:52.989226+00:00,pending,0,166.0,1,True,,True,0.0
D_pr17_scaled_4d_weighted_threshold_0_9_18,457a89ac-7b3d-43c1-9323-fe1835bbb58a,4ce403f9-c662-4caa-8576-c10e71f01c4b,2026-04-07 01:55:26.805566+00:00,pending,1,137.0,1,True,,True,0.0
D_pr17_scaled_4d_weighted_threshold_0_9_18,525c0f6b-5643-4898-badf-a01bac16c759,4ce403f9-c662-4caa-8576-c10e71f01c4b,2026-04-07 02:09:32.542401+00:00,approved,1,137.0,2,True,,True,0.0
D_pr17_scaled_4d_weighted_threshold_0_9_18,0651c7b1-69d2-4cba-b7e2-87561cae26dc,fd9b7f36-2943-4ceb-b658-83c814782ac3,2026-04-07 02:23:24.597168+00:00,approved,3,88.0,0,True,,True,0.0
D_pr17_scaled_4d_weighted_threshold_0_9_18,6d3d999d-b5b1-483f-ac7e-92cc41e3f5e1,fd9b7f36-2943-4ceb-b658-83c814782ac3,2026-04-07 02:28:26.231593+00:00,approved,3,88.0,1,True,,True,0.0
D_pr17_scaled_4d_weighted_threshold_0_9_18,eefda393-00ef-4da7-b31d-9baa47742560,fd9b7f36-2943-4ceb-b658-83c814782ac3,2026-04-07 03:06:51.933913+00:00,approved,2,88.0,2,True,,True,0.0
D_pr17_scaled_4d_weighted_threshold_0_9_18,864bdb9c-b795-452f-97c1-3420675b0324,fd9b7f36-2943-4ceb-b658-83c814782ac3,2026-04-07 03:15:33.904961+00:00,pending,2,88.0,3,True,,True,0.0
D_pr17_scaled_4d_weighted_threshold_0_9_18,eb30ddd1-8650-4782-9694-cafed510cbc8,4ce403f9-c662-4caa-8576-c10e71f01c4b,2026-04-07 03:44:32.843208+00:00,approved,2,128.0,3,True,,True,0.0
D_pr17_scaled_4d_weighted_threshold_0_9_18,7ada756d-274c-4da0-9347-e6ac9e89f8fd,4ce403f9-c662-4caa-8576-c10e71f01c4b,2026-04-07 06:29:32.735248+00:00,approved,1,128.0,4,True,,True,0.0
D_pr17_scaled_4d_weighted_threshold_0_9_18,86010be0-64f0-4747-a84d-60368e7f0545,4ce403f9-c662-4caa-8576-c10e71f01c4b,2026-04-07 08:10:17.635781+00:00,approved,1,130.0,5,True,,True,0.0
D_pr17_scaled_4d_weighted_threshold_0_9_18,56784da5-bfe8-42a6-9701-076ab932c04a,4ce403f9-c662-4caa-8576-c10e71f01c4b,2026-04-07 08:13:43.864689+00:00,approved,2,130.0,6,True,,True,0.0
D_pr17_scaled_4d_weighted_threshold_0_9_18,ca7d29c7-9d55-4e39-8beb-3a9e5b36a06b,a57f0fd6-6977-43c3-86bb-cd34ef2a7a29,2026-04-07 13:35:44.155143+00:00,pending,0,160.0,2,True,,True,0.0
D_pr17_scaled_4d_weighted_threshold_0_9_18,a05645ac-a209-41c0-b765-37829acbb666,a57f0fd6-6977-43c3-86bb-cd34ef2a7a29,2026-04-07 13:44:09.240293+00:00,pending,1,160.0,3,True,,True,0.0
D_pr17_scaled_4d_weighted_threshold_0_9_18,19c7c4fb-1713-4fb1-b5e5-780378d45187,a57f0fd6-6977-43c3-86bb-cd34ef2a7a29,2026-04-07 13:54:52.583140+00:00,approved,1,160.0,4,True,,True,0.0
D_pr17_scaled_4d_weighted_threshold_0_9_18,3dbdfdbb-b6d0-4353-b506-c5aa6d334ac3,a57f0fd6-6977-43c3-86bb-cd34ef2a7a29,2026-04-07 14:06:43.440222+00:00,pending,0,160.0,5,True,,True,0.0
D_pr17_scaled_4d_weighted_threshold_0_9_18,d0f40557-2451-47b2-a5d3-a7af3c5fd024,4ce403f9-c662-4caa-8576-c10e71f01c4b,2026-04-07 23:00:26.902358+00:00,approved,2,125.0,7,True,,True,0.0
D_pr17_scaled_4d_weighted_threshold_0_9_18,ffaaefa2-7d20-498d-9bec-164be6898c7c,69ce191d-25f7-4ae6-b5fc-26bdc90e84aa,2026-04-08 00:51:20.814017+00:00,approved,2,59.0,0,True,,True,0.0
D_pr17_scaled_4d_weighted_threshold_0_9_18,3c8a5ee7-6210-474a-816d-048744f2c2a6,a57f0fd6-6977-43c3-86bb-cd34ef2a7a29,2026-04-08 02:37:05.051160+00:00,pending,1,178.0,0,True,,True,0.0
D_pr17_scaled_4d_weighted_threshold_0_9_18,e4594fbd-16fc-4852-94c1-732a0d804a79,4ce403f9-c662-4caa-8576-c10e71f01c4b,2026-04-08 03:26:45.844376+00:00,approved,1,122.0,0,True,,True,0.0
D_pr17_scaled_4d_weighted_threshold_0_9_18,07c810cf-302f-4a99-afb5-29f4ea344953,4ce403f9-c662-4caa-8576-c10e71f01c4b,2026-04-08 03:49:43.557289+00:00,approved,1,122.0,1,True,,True,0.0
D_pr17_scaled_4d_weighted_threshold_0_9_18,c776d0de-f669-4c42-9204-855fb2469741,4ce403f9-c662-4caa-8576-c10e71f01c4b,2026-04-08 04:12:11.076157+00:00,approved,1,122.0,2,True,,True,0.0
D_pr17_scaled_4d_weighted_threshold_0_9_18,14421584-a284-48e7-9bf1-e04d0f632f32,4ce403f9-c662-4caa-8576-c10e71f01c4b,2026-04-08 04:16:46.387185+00:00,approved,1,122.0,3,True,,True,0.0
D_pr17_scaled_4d_weighted_threshold_0_9_18,8a3bf9bf-0f54-4228-8892-be752bc69470,a57f0fd6-6977-43c3-86bb-cd34ef2a7a29,2026-04-08 13:24:15.156539+00:00,pending,1,181.0,1,True,,True,0.0
D_pr17_scaled_4d_weighted_threshold_0_9_18,2b2a5b01-96a1-4c3d-888e-0b111bf565b1,a57f0fd6-6977-43c3-86bb-cd34ef2a7a29,2026-04-09 00:24:39.198827+00:00,pending,1,165.0,0,True,,True,0.0
D_pr17_scaled_4d_weighted_threshold_0_9_18,21ca61c7-3b6d-4ac0-b147-3e1c233777b2,4ce403f9-c662-4caa-8576-c10e71f01c4b,2026-04-09 04:16:06.034144+00:00,approved,1,103.0,0,True,,True,0.0
D_pr17_scaled_4d_weighted_threshold_0_9_18,24a1588c-3faa-4042-aee6-5361d1c4d051,4ce403f9-c662-4caa-8576-c10e71f01c4b,2026-04-09 04:36:56.091163+00:00,approved,1,103.0,1,True,,True,0.0
D_pr17_scaled_4d_weighted_threshold_0_9_18,5db56046-47ed-4258-862a-b6f7375eb681,4ce403f9-c662-4caa-8576-c10e71f01c4b,2026-04-09 04:39:55.540133+00:00,approved,1,103.0,2,True,,True,0.0
D_pr17_scaled_4d_weighted_threshold_0_9_18,0af4f2a6-cf75-4961-83e1-fbc45e3a25c8,4ce403f9-c662-4caa-8576-c10e71f01c4b,2026-04-09 05:02:04.721044+00:00,approved,2,103.0,3,True,,True,0.0
D_pr17_scaled_4d_weighted_threshold_0_9_18,ff8fdede-a5a9-401d-afdb-2145759eb240,4ce403f9-c662-4caa-8576-c10e71f01c4b,2026-04-09 05:05:39.722765+00:00,approved,1,103.0,4,True,,True,0.0
D_pr17_scaled_4d_weighted_threshold_0_9_18,7e64475b-24e8-48af-aa17-5eeea7e66b47,4ce403f9-c662-4caa-8576-c10e71f01c4b,2026-04-09 05:51:12.640226+00:00,approved,3,103.0,5,True,,True,0.0
D_pr17_scaled_4d_weighted_threshold_0_9_18,b6b3f509-da63-40d7-83fa-0c4d0a2feda8,4ce403f9-c662-4caa-8576-c10e71f01c4b,2026-04-09 06:36:29.712767+00:00,approved,2,106.0,6,True,,True,0.0
D_pr17_scaled_4d_weighted_threshold_0_9_18,fe515e65-d427-4dcc-a9e5-f445eca4e6c7,4ce403f9-c662-4caa-8576-c10e71f01c4b,2026-04-09 07:05:51.541154+00:00,approved,1,106.0,7,True,,True,0.0
D_pr17_scaled_4d_weighted_threshold_0_9_18,fb0b8ba4-c424-4365-9f9c-5f433eb27d98,4ce403f9-c662-4caa-8576-c10e71f01c4b,2026-04-09 07:24:43.026558+00:00,pending,1,106.0,8,True,,True,0.0
D_pr17_scaled_4d_weighted_threshold_0_9_18,21bb02e3-b731-4677-bd89-c7bd7ed141f6,4ce403f9-c662-4caa-8576-c10e71f01c4b,2026-04-09 07:31:31.549178+00:00,approved,2,106.0,9,True,,True,0.0
D_pr17_scaled_4d_weighted_threshold_0_9_18,3a0181d0-2a4c-4d63-af03-5976e81e35ba,4ce403f9-c662-4caa-8576-c10e71f01c4b,2026-04-09 07:56:37.501274+00:00,approved,2,106.0,10,True,,True,0.0
D_pr17_scaled_4d_weighted_threshold_0_9_18,a663ded7-cdad-46dd-8a95-c8046c52cb02,a57f0fd6-6977-43c3-86bb-cd34ef2a7a29,2026-04-09 12:23:14.921493+00:00,pending,0,116.0,1,True,,True,0.0
D_pr17_scaled_4d_weighted_threshold_0_9_18,3a3abb50-4570-4a66-a87f-1f180d28a379,a57f0fd6-6977-43c3-86bb-cd34ef2a7a29,2026-04-09 15:58:53.233546+00:00,approved,2,112.0,2,True,,True,0.0
D_pr17_scaled_4d_weighted_threshold_0_9_18,e7c87f43-7cc5-439c-9a6e-6989bbe0a48a,a57f0fd6-6977-43c3-86bb-cd34ef2a7a29,2026-04-09 16:09:36.131759+00:00,pending,1,115.0,3,True,,True,0.0
D_pr17_scaled_4d_weighted_threshold_0_9_18,fc22b8db-6c1c-4372-96a3-a1935aea51d3,a57f0fd6-6977-43c3-86bb-cd34ef2a7a29,2026-04-09 16:24:31.910571+00:00,pending,0,115.0,4,True,,True,0.0
D_pr17_scaled_4d_weighted_threshold_0_9_18,828ee348-a4e7-43d5-8f87-d2a3f006ba2b,a57f0fd6-6977-43c3-86bb-cd34ef2a7a29,2026-04-09 17:37:52.206620+00:00,pending,0,115.0,5,True,,True,0.0
D_pr17_scaled_4d_weighted_threshold_0_9_18,cf84de9c-ec8f-4ecd-b830-d336e035e729,a57f0fd6-6977-43c3-86bb-cd34ef2a7a29,2026-04-09 17:42:51.111272+00:00,pending,0,115.0,6,True,,True,0.0
D_pr17_scaled_4d_weighted_threshold_0_9_18,9a802ff7-32a2-45da-affb-ab60886dfd0f,a57f0fd6-6977-43c3-86bb-cd34ef2a7a29,2026-04-09 17:55:19.404772+00:00,pending,1,115.0,7,True,,True,0.0
D_pr17_scaled_4d_weighted_threshold_0_9_18,ac30f977-d588-4d3f-bc66-bfd66a47a4a2,a57f0fd6-6977-43c3-86bb-cd34ef2a7a29,2026-04-09 17:59:32.755716+00:00,approved,4,115.0,8,True,,True,0.0
D_pr17_scaled_4d_weighted_threshold_0_9_18,85fa6f4b-0c77-41d8-8898-aedc72fe6815,a57f0fd6-6977-43c3-86bb-cd34ef2a7a29,2026-04-09 19:42:47.736403+00:00,pending,1,115.0,9,True,,True,0.0
D_pr17_scaled_4d_weighted_threshold_0_9_18,67b2f8ac-1337-4f17-846e-7d908c4bde03,a57f0fd6-6977-43c3-86bb-cd34ef2a7a29,2026-04-09 20:04:53.312527+00:00,pending,3,115.0,10,True,,True,0.0
D_pr17_scaled_4d_weighted_threshold_0_9_18,f9be94ae-3037-48eb-9790-9157de0f7e43,a57f0fd6-6977-43c3-86bb-cd34ef2a7a29,2026-04-09 20:09:18.067578+00:00,pending,2,115.0,11,True,,True,0.0
D_pr17_scaled_4d_weighted_threshold_0_9_18,27669fe2-93b4-4697-88c0-90e8f24bfaa2,a57f0fd6-6977-43c3-86bb-cd34ef2a7a29,2026-04-09 20:33:31.526229+00:00,pending,2,115.0,12,True,,True,0.0
D_pr17_scaled_4d_weighted_threshold_0_9_18,00182208-4a07-4f70-b0b0-f436f3239c5c,a57f0fd6-6977-43c3-86bb-cd34ef2a7a29,2026-04-09 20:56:26.542487+00:00,pending,0,115.0,13,True,,True,0.0
D_pr17_scaled_4d_weighted_threshold_0_9_18,9d31be9b-abf1-4088-8c95-9b2b42075632,a57f0fd6-6977-43c3-86bb-cd34ef2a7a29,2026-04-09 21:20:49.603776+00:00,approved,1,115.0,14,True,,True,0.0
D_pr17_scaled_4d_weighted_threshold_0_9_18,607d9f27-5748-475f-950c-16a4e0c6a0e3,a57f0fd6-6977-43c3-86bb-cd34ef2a7a29,2026-04-09 21:25:34.047724+00:00,pending,0,115.0,15,True,,True,0.0
D_pr17_scaled_4d_weighted_threshold_0_9_18,1d6eb8c2-56e2-4ca0-8669-58900768f074,a57f0fd6-6977-43c3-86bb-cd34ef2a7a29,2026-04-09 21:28:10.585358+00:00,pending,0,115.0,16,True,,True,0.0
D_pr17_scaled_4d_weighted_threshold_0_9_18,c4cb8fb1-b4ac-4b70-a08d-221b68d65930,a57f0fd6-6977-43c3-86bb-cd34ef2a7a29,2026-04-09 21:31:06.634936+00:00,pending,0,115.0,17,True,,True,0.0
D_pr17_scaled_4d_weighted_threshold_0_9_18,00ed8ae9-731f-4c3c-ba26-6611d2b37ad5,a57f0fd6-6977-43c3-86bb-cd34ef2a7a29,2026-04-09 21:34:30.504583+00:00,pending,0,115.0,18,True,,True,0.0
D_pr17_scaled_4d_weighted_threshold_0_9_18,bc70f130-e6ed-49ae-8dc6-f37897f1b73e,cdbc2977-3feb-4b78-967e-7636db3986d5,2026-04-09 23:41:21.554666+00:00,approved,1,13.0,0,True,2.0,False,5.0
D_pr17_scaled_4d_weighted_threshold_0_9_18,7052b73d-af8a-46ea-89af-c674dc529c2c,cdbc2977-3feb-4b78-967e-7636db3986d5,2026-04-09 23:48:29.816976+00:00,approved,1,18.0,1,True,,True,0.0
D_pr17_scaled_4d_weighted_threshold_0_9_18,5b43c43f-52ca-443d-b144-13c12d331f24,fd9b7f36-2943-4ceb-b658-83c814782ac3,2026-04-10 01:32:11.013012+00:00,approved,1,48.0,0,True,,True,0.0
D_pr17_scaled_4d_weighted_threshold_0_9_18,566ba7ec-492c-427c-a940-0e83aebcd359,fd9b7f36-2943-4ceb-b658-83c814782ac3,2026-04-10 01:51:22.250765+00:00,pending,0,39.0,1,True,,True,0.0
D_pr17_scaled_4d_weighted_threshold_0_9_18,4c7c22bb-be5f-44e0-ad4d-6562a5ccad50,fd9b7f36-2943-4ceb-b658-83c814782ac3,2026-04-10 02:06:35.126171+00:00,approved,2,39.0,2,True,,True,0.0
D_pr17_scaled_4d_weighted_threshold_0_9_18,aeeaa1a4-9097-4302-93b4-b6fa61bc6f58,fd9b7f36-2943-4ceb-b658-83c814782ac3,2026-04-10 02:17:03.008117+00:00,pending,2,39.0,3,True,,True,0.0
D_pr17_scaled_4d_weighted_threshold_0_9_18,ab1fc48c-f98e-4da6-9946-f989ff791497,fd9b7f36-2943-4ceb-b658-83c814782ac3,2026-04-10 03:18:05.498624+00:00,approved,1,39.0,4,True,,True,0.0
D_pr17_scaled_4d_weighted_threshold_0_9_18,13f5a19a-8702-485f-a087-d2d0e74ffdba,fd9b7f36-2943-4ceb-b658-83c814782ac3,2026-04-10 03:30:46.003307+00:00,approved,2,39.0,5,True,,True,0.0
D_pr17_scaled_4d_weighted_threshold_0_9_18,f9e29f74-277d-4f41-9a59-ca1ea0c97607,fd9b7f36-2943-4ceb-b658-83c814782ac3,2026-04-10 03:48:00.679674+00:00,approved,1,39.0,6,True,,True,0.0
D_pr17_scaled_4d_weighted_threshold_0_9_18,f70a07fb-c993-44bc-baf9-4e228767a187,fd9b7f36-2943-4ceb-b658-83c814782ac3,2026-04-10 04:03:30.631138+00:00,approved,2,39.0,7,True,,True,0.0
D_pr17_scaled_4d_weighted_threshold_0_9_18,9813ea1f-39a7-44b2-a085-0e6be45a8e06,4ce403f9-c662-4caa-8576-c10e71f01c4b,2026-04-10 05:48:57.516452+00:00,pending,1,84.0,0,True,,True,0.0
D_pr17_scaled_4d_weighted_threshold_0_9_18,2b4288f5-0f7c-4471-9e11-457bf1ffbe1b,4ce403f9-c662-4caa-8576-c10e71f01c4b,2026-04-10 05:55:45.129929+00:00,approved,1,84.0,1,True,,True,0.0
D_pr17_scaled_4d_weighted_threshold_0_9_18,31958ede-704e-40e4-9614-27b080bebc51,4ce403f9-c662-4caa-8576-c10e71f01c4b,2026-04-10 06:48:54.096777+00:00,approved,1,84.0,2,True,,True,0.0
D_pr17_scaled_4d_weighted_threshold_0_9_18,9331c97e-0917-46d9-9f39-7a24596292a7,4ce403f9-c662-4caa-8576-c10e71f01c4b,2026-04-10 06:53:53.013139+00:00,approved,1,84.0,3,True,,True,0.0
D_pr17_scaled_4d_weighted_threshold_0_9_18,314c997f-adbe-4d8d-9a29-5df7489119d6,4ce403f9-c662-4caa-8576-c10e71f01c4b,2026-04-10 07:52:54.761889+00:00,approved,1,84.0,4,True,,True,0.0
D_pr17_scaled_4d_weighted_threshold_0_9_18,89d853b9-d133-4a94-b546-aecc64d6af0d,4ce403f9-c662-4caa-8576-c10e71f01c4b,2026-04-10 08:09:20.873090+00:00,approved,1,84.0,5,True,,True,0.0
D_pr17_scaled_4d_weighted_threshold_0_9_18,0e966df5-b6b0-44b9-b310-86f050cd0890,4ce403f9-c662-4caa-8576-c10e71f01c4b,2026-04-10 08:27:49.372098+00:00,approved,1,84.0,6,True,,True,0.0
D_pr17_scaled_4d_weighted_threshold_0_9_18,a3977e6b-8460-46a1-b2f4-96c4b4a679e2,4ce403f9-c662-4caa-8576-c10e71f01c4b,2026-04-10 08:45:39.209368+00:00,approved,2,84.0,7,True,,True,0.0
D_pr17_scaled_4d_weighted_threshold_0_9_18,bdae7fcc-9ea8-42b4-a79b-5d83c7a7e621,fd9b7f36-2943-4ceb-b658-83c814782ac3,2026-04-10 18:58:48.620746+00:00,pending,1,39.0,8,True,,True,0.0
D_pr17_scaled_4d_weighted_threshold_0_9_18,98db7e0e-ab23-4847-ad9d-37b3bc52ab9a,fd9b7f36-2943-4ceb-b658-83c814782ac3,2026-04-10 19:10:25.260930+00:00,approved,2,39.0,9,True,,True,0.0
D_pr17_scaled_4d_weighted_threshold_0_9_18,c4472511-751b-43dc-a149-48c4f3e198fa,4ce403f9-c662-4caa-8576-c10e71f01c4b,2026-04-10 19:15:17.174123+00:00,pending,1,83.0,8,True,,True,0.0
D_pr17_scaled_4d_weighted_threshold_0_9_18,9ff2460f-20e0-46cf-af52-4965eb173f53,4ce403f9-c662-4caa-8576-c10e71f01c4b,2026-04-10 19:20:03.435847+00:00,pending,2,83.0,9,True,,True,0.0
D_pr17_scaled_4d_weighted_threshold_0_9_18,c3df13be-b19f-4691-9d63-5b9028269aad,4ce403f9-c662-4caa-8576-c10e71f01c4b,2026-04-10 19:24:01.225780+00:00,pending,1,83.0,10,True,,True,0.0
D_pr17_scaled_4d_weighted_threshold_0_9_18,f9f7dbaf-7a24-48b0-a9e0-3ecbccaf2b27,a57f0fd6-6977-43c3-86bb-cd34ef2a7a29,2026-04-10 20:16:55.738678+00:00,pending,0,125.0,0,True,,True,0.0
D_pr17_scaled_4d_weighted_threshold_0_9_18,d5829b6e-4db1-4f05-8484-5069f8b6927a,4ce403f9-c662-4caa-8576-c10e71f01c4b,2026-04-10 20:36:26.401835+00:00,approved,1,83.0,11,True,,True,0.0
D_pr17_scaled_4d_weighted_threshold_0_9_18,cf47bb54-a267-47cd-903c-e783e18b5ad6,4ce403f9-c662-4caa-8576-c10e71f01c4b,2026-04-10 20:41:54.144329+00:00,approved,1,83.0,12,True,,True,0.0
D_pr17_scaled_4d_weighted_threshold_0_9_18,ae09bd9d-a52a-4ca9-83db-7f318e1443b3,4ce403f9-c662-4caa-8576-c10e71f01c4b,2026-04-10 20:44:30.117651+00:00,pending,2,83.0,13,True,,True,0.0
D_pr17_scaled_4d_weighted_threshold_0_9_18,ab228ccc-24a8-49d0-a42f-aef7be7c68eb,4ce403f9-c662-4caa-8576-c10e71f01c4b,2026-04-10 20:47:42.406970+00:00,approved,2,83.0,14,True,,True,0.0
D_pr17_scaled_4d_weighted_threshold_0_9_18,88bd0278-b66a-4836-8d0e-0887afb4853b,a57f0fd6-6977-43c3-86bb-cd34ef2a7a29,2026-04-10 21:34:41.077704+00:00,approved,1,137.0,1,True,,True,0.0
D_pr17_scaled_4d_weighted_threshold_0_9_18,bb702e61-9d7e-46bf-a8e6-951d106134ef,a57f0fd6-6977-43c3-86bb-cd34ef2a7a29,2026-04-11 10:09:38.646854+00:00,pending,1,130.0,0,True,,True,0.0
D_pr17_scaled_4d_weighted_threshold_0_9_18,ee785f6c-2751-467a-8e3e-6eae6ad147c6,a57f0fd6-6977-43c3-86bb-cd34ef2a7a29,2026-04-11 10:20:42.275846+00:00,approved,1,130.0,1,True,,True,0.0
D_pr17_scaled_4d_weighted_threshold_0_9_18,8fb46c93-a45f-4ad1-8a7c-ead24433ed85,a57f0fd6-6977-43c3-86bb-cd34ef2a7a29,2026-04-11 10:56:13.935259+00:00,approved,1,130.0,2,True,,True,0.0
D_pr17_scaled_4d_weighted_threshold_0_9_18,41fd6db1-6290-42e9-b15a-a5fe77e9bcd0,69ce191d-25f7-4ae6-b5fc-26bdc90e84aa,2026-04-11 14:06:20.728967+00:00,approved,2,59.0,0,True,,True,0.0
D_pr17_scaled_4d_weighted_threshold_0_9_18,77274b01-ab23-45ee-bb13-ef8e009325de,69ce191d-25f7-4ae6-b5fc-26bdc90e84aa,2026-04-11 14:25:26.255782+00:00,approved,2,65.0,1,True,,True,0.0
D_pr17_scaled_4d_weighted_threshold_0_9_18,fbbcfa44-2b40-4e67-9624-fa65db741726,a57f0fd6-6977-43c3-86bb-cd34ef2a7a29,2026-04-11 17:22:41.004636+00:00,pending,1,135.0,3,True,,True,0.0
D_pr17_scaled_4d_weighted_threshold_0_9_18,f803d8fa-37b5-4a3e-b256-a2c29f417715,4ce403f9-c662-4caa-8576-c10e71f01c4b,2026-04-11 19:15:15.855688+00:00,approved,2,80.0,0,True,,True,0.0
D_pr17_scaled_4d_weighted_threshold_0_9_18,2c9bcfcc-1aef-4868-992d-a0acc9eaa635,a57f0fd6-6977-43c3-86bb-cd34ef2a7a29,2026-04-12 00:44:26.001063+00:00,pending,0,144.0,0,True,,True,0.0
D_pr17_scaled_4d_weighted_threshold_0_9_18,0377de0a-3a4f-4095-b954-1cad82a73d1f,a57f0fd6-6977-43c3-86bb-cd34ef2a7a29,2026-04-12 12:32:29.811761+00:00,pending,3,138.0,1,True,,True,0.0
D_pr17_scaled_4d_weighted_threshold_0_9_18,fc1a7636-b194-418e-baee-e58c2f573d1e,a57f0fd6-6977-43c3-86bb-cd34ef2a7a29,2026-04-12 14:34:18.970569+00:00,pending,1,138.0,2,True,,True,0.0
D_pr17_scaled_4d_weighted_threshold_0_9_18,2fcb5d2e-512a-4542-9702-193df73c8f35,a57f0fd6-6977-43c3-86bb-cd34ef2a7a29,2026-04-12 14:39:45.097544+00:00,pending,2,138.0,3,True,,True,0.0
D_pr17_scaled_4d_weighted_threshold_0_9_18,3a86f5ff-b486-4b1e-9480-98e9bcd7afc8,a57f0fd6-6977-43c3-86bb-cd34ef2a7a29,2026-04-12 14:54:46.676431+00:00,pending,-1,138.0,4,True,,True,0.0
D_pr17_scaled_4d_weighted_threshold_0_9_18,27c36138-7835-407a-aa22-cfac4cdc403b,a57f0fd6-6977-43c3-86bb-cd34ef2a7a29,2026-04-12 15:01:25.876558+00:00,pending,-1,138.0,5,True,,True,0.0
D_pr17_scaled_4d_weighted_threshold_0_9_18,822770b0-fdf1-4f55-a0fb-9f69e75ff13a,a57f0fd6-6977-43c3-86bb-cd34ef2a7a29,2026-04-12 15:04:46.533408+00:00,pending,-1,138.0,6,True,,True,0.0
D_pr17_scaled_4d_weighted_threshold_0_9_18,7484ac17-73b2-45d4-9ae7-3e1a8ede2905,a57f0fd6-6977-43c3-86bb-cd34ef2a7a29,2026-04-12 15:07:44.353168+00:00,approved,0,138.0,7,True,,True,0.0
D_pr17_scaled_4d_weighted_threshold_0_9_18,70117813-54bb-45e1-a4ff-fce1cf73e19b,a57f0fd6-6977-43c3-86bb-cd34ef2a7a29,2026-04-12 18:15:30.688067+00:00,pending,0,138.0,8,True,,True,0.0
D_pr17_scaled_4d_weighted_threshold_0_9_18,065a1cd9-345a-4ea7-b04a-9f7544a1d2f7,a57f0fd6-6977-43c3-86bb-cd34ef2a7a29,2026-04-12 18:19:55.929840+00:00,pending,0,138.0,9,True,,True,0.0
D_pr17_scaled_4d_weighted_threshold_0_9_18,d9d7f08e-7454-41e3-834f-4cca6ffc586f,a57f0fd6-6977-43c3-86bb-cd34ef2a7a29,2026-04-12 20:05:16.261333+00:00,approved,2,138.0,10,True,,True,0.0
D_pr17_scaled_4d_weighted_threshold_0_9_18,8b30bdb8-92de-4cbc-8e2c-cc363ecd99b2,a57f0fd6-6977-43c3-86bb-cd34ef2a7a29,2026-04-12 20:49:18.921282+00:00,pending,1,138.0,11,True,,True,0.0
D_pr17_scaled_4d_weighted_threshold_0_9_18,874812dd-4a8e-4fd9-8060-2f842ad4ca7e,a57f0fd6-6977-43c3-86bb-cd34ef2a7a29,2026-04-12 23:04:20.444762+00:00,pending,3,138.0,12,True,,True,0.0
D_pr17_scaled_4d_weighted_threshold_0_9_18,74c14866-c8be-44aa-9904-6ecbf0d7cac6,a57f0fd6-6977-43c3-86bb-cd34ef2a7a29,2026-04-13 13:43:04.181632+00:00,pending,1,150.0,0,True,,True,0.0
D_pr17_scaled_4d_weighted_threshold_0_9_18,6e9e356c-b064-4c4b-aba2-662c92e3ba7b,a57f0fd6-6977-43c3-86bb-cd34ef2a7a29,2026-04-13 13:48:46.148146+00:00,pending,1,150.0,1,True,,True,0.0
D_pr17_scaled_4d_weighted_threshold_0_9_18,6cc38f95-261d-4fe5-aeef-9ff7f05c037e,a57f0fd6-6977-43c3-86bb-cd34ef2a7a29,2026-04-13 19:02:49.386568+00:00,pending,1,147.0,2,True,,True,0.0
D_pr17_scaled_4d_weighted_threshold_0_9_18,9a013578-2dd6-4e23-9b2a-1758c949c6df,a57f0fd6-6977-43c3-86bb-cd34ef2a7a29,2026-04-14 13:24:15.813345+00:00,pending,1,128.0,0,True,,True,0.0
D_pr17_scaled_4d_weighted_threshold_0_9_18,4d8c4ed6-9831-4789-9436-f65e8b948e97,fd9b7f36-2943-4ceb-b658-83c814782ac3,2026-04-14 13:41:00.198037+00:00,pending,-1,23.0,0,True,,True,0.0
D_pr17_scaled_4d_weighted_threshold_0_9_18,32e7a341-9b53-41b5-9b94-1656d9da4d7b,fd9b7f36-2943-4ceb-b658-83c814782ac3,2026-04-14 13:43:46.900546+00:00,pending,0,23.0,1,True,,True,0.0
D_pr17_scaled_4d_weighted_threshold_0_9_18,a5d68ecb-164d-4a0b-9c39-2b0f133b83ca,fd9b7f36-2943-4ceb-b658-83c814782ac3,2026-04-14 14:12:04.608465+00:00,approved,2,23.0,2,True,,True,0.0
D_pr17_scaled_4d_weighted_threshold_0_9_18,8db3b8a2-ec75-4486-a7fa-68799e95ce58,a57f0fd6-6977-43c3-86bb-cd34ef2a7a29,2026-04-14 14:27:59.607735+00:00,pending,1,139.0,1,True,,True,0.0
D_pr17_scaled_4d_weighted_threshold_0_9_18,3dd9881e-c7b0-44ee-9b57-59fbc34de5b3,fd9b7f36-2943-4ceb-b658-83c814782ac3,2026-04-14 14:36:46.403901+00:00,approved,2,23.0,3,True,,True,0.0
D_pr17_scaled_4d_weighted_threshold_0_9_18,0060495f-869a-43a3-bff1-9bb060a7f50c,fd9b7f36-2943-4ceb-b658-83c814782ac3,2026-04-14 14:40:10.974547+00:00,approved,2,23.0,4,True,,True,0.0
D_pr17_scaled_4d_weighted_threshold_0_9_18,95e004cd-cde1-41a1-8809-aa88d60584dc,a57f0fd6-6977-43c3-86bb-cd34ef2a7a29,2026-04-14 17:48:34.919081+00:00,approved,2,145.0,2,True,,True,0.0
D_pr17_scaled_4d_weighted_threshold_0_9_18,332ece9d-bc5e-42db-9b83-ad2a0793d7fd,a57f0fd6-6977-43c3-86bb-cd34ef2a7a29,2026-04-14 18:23:20.807033+00:00,pending,1,145.0,3,True,,True,0.0
D_pr17_scaled_4d_weighted_threshold_0_9_18,4667e4c7-1112-4334-b255-8eb2e45b19ef,a57f0fd6-6977-43c3-86bb-cd34ef2a7a29,2026-04-14 18:27:37.725221+00:00,pending,0,145.0,4,True,,True,0.0
D_pr17_scaled_4d_weighted_threshold_0_9_18,45543dee-e2d9-4520-b5f7-c39cbea778aa,a57f0fd6-6977-43c3-86bb-cd34ef2a7a29,2026-04-14 18:33:11.562451+00:00,pending,2,145.0,5,True,,True,0.0
D_pr17_scaled_4d_weighted_threshold_0_9_18,fc005273-2c89-48ed-83dc-93970d76ac96,a57f0fd6-6977-43c3-86bb-cd34ef2a7a29,2026-04-14 18:42:35.535309+00:00,pending,2,145.0,6,True,,True,0.0
D_pr17_scaled_4d_weighted_threshold_0_9_18,3642b719-da35-4af2-96f6-ea44d4724d20,a57f0fd6-6977-43c3-86bb-cd34ef2a7a29,2026-04-14 22:06:35.620329+00:00,pending,2,121.0,7,True,,True,0.0
D_pr17_scaled_4d_weighted_threshold_0_9_18,39b4e48b-0a33-4a20-9a46-7b9572d2b453,ce6e5c8c-b2e1-4acd-89fe-b42fe49a86bc,2026-04-15 00:46:30.112719+00:00,pending,2,21.0,0,True,,True,0.0
D_pr17_scaled_4d_weighted_threshold_0_9_18,ccdd2ba6-8ee6-49d0-9804-0a4d942a437e,a57f0fd6-6977-43c3-86bb-cd34ef2a7a29,2026-04-15 14:16:14.938967+00:00,pending,1,117.0,0,True,,True,0.0
D_pr17_scaled_4d_weighted_threshold_0_9_18,fddd9c73-bc5e-4062-9161-d645add18aea,a57f0fd6-6977-43c3-86bb-cd34ef2a7a29,2026-04-15 15:34:33.839534+00:00,pending,1,105.0,1,True,,True,0.0
D_pr17_scaled_4d_weighted_threshold_0_9_18,ebe500fd-27f3-4b76-b3c7-3c31a107d94a,392a03db-0ab2-42c7-bf58-3acde7de9d5d,2026-04-15 16:23:39.686499+00:00,approved,1,9.0,0,True,2.0,False,9.0
D_pr17_scaled_4d_weighted_threshold_0_9_18,28adb370-197d-43af-9796-b17d63b7f1c2,a57f0fd6-6977-43c3-86bb-cd34ef2a7a29,2026-04-15 16:57:34.295233+00:00,pending,1,105.0,2,True,,True,0.0
D_pr17_scaled_4d_weighted_threshold_0_9_18,797e16cb-5a7d-436e-a40c-38711e6fceab,a57f0fd6-6977-43c3-86bb-cd34ef2a7a29,2026-04-15 19:22:28.708096+00:00,pending,1,105.0,3,True,,True,0.0
D_pr17_scaled_4d_weighted_threshold_0_9_18,f8e1029f-e86c-4e40-bb79-31e587ed3113,fd9b7f36-2943-4ceb-b658-83c814782ac3,2026-04-15 19:28:35.317005+00:00,approved,1,47.0,0,True,,True,0.0
D_pr17_scaled_4d_weighted_threshold_0_9_18,575a9052-1a64-41e3-ab93-55ea913f9fbc,fd9b7f36-2943-4ceb-b658-83c814782ac3,2026-04-15 19:33:44.402991+00:00,approved,1,47.0,1,True,,True,0.0
D_pr17_scaled_4d_weighted_threshold_0_9_18,8770249a-3efc-481a-8c9d-9a08194b803b,392a03db-0ab2-42c7-bf58-3acde7de9d5d,2026-04-15 20:00:33.997771+00:00,approved,1,18.0,1,True,,True,0.0
D_pr17_scaled_4d_weighted_threshold_0_9_18,4c12dbdc-d0f0-4c38-83de-451e410e4009,392a03db-0ab2-42c7-bf58-3acde7de9d5d,2026-04-15 20:14:07.943870+00:00,approved,1,18.0,2,True,,True,0.0
D_pr17_scaled_4d_weighted_threshold_0_9_18,70596937-62d2-44de-9293-8e44ff0a8e62,392a03db-0ab2-42c7-bf58-3acde7de9d5d,2026-04-15 20:29:02.151173+00:00,approved,1,18.0,3,True,,True,0.0
D_pr17_scaled_4d_weighted_threshold_0_9_18,9dfdc66d-bca2-4803-ae0e-17af9366ef0d,fd9b7f36-2943-4ceb-b658-83c814782ac3,2026-04-15 20:42:54.469438+00:00,pending,0,47.0,2,True,,True,0.0
D_pr17_scaled_4d_weighted_threshold_0_9_18,04e8ba6e-7d06-4c87-aace-d666892ce7fd,392a03db-0ab2-42c7-bf58-3acde7de9d5d,2026-04-15 21:17:09.115441+00:00,approved,1,18.0,4,True,,True,0.0
D_pr17_scaled_4d_weighted_threshold_0_9_18,0301b1e5-9672-4e69-afbb-9b39bd02fa64,a57f0fd6-6977-43c3-86bb-cd34ef2a7a29,2026-04-15 21:31:08.880407+00:00,pending,1,109.0,4,True,,True,0.0
D_pr17_scaled_4d_weighted_threshold_0_9_18,225887b4-3e76-4d67-8b13-086514a6413f,a57f0fd6-6977-43c3-86bb-cd34ef2a7a29,2026-04-15 21:45:08.664001+00:00,pending,1,109.0,5,True,,True,0.0
D_pr17_scaled_4d_weighted_threshold_0_9_18,1b7bfebd-eff7-452f-9f40-1770f4768d97,392a03db-0ab2-42c7-bf58-3acde7de9d5d,2026-04-15 23:50:20.872751+00:00,approved,1,18.0,5,True,,True,0.0
D_pr17_scaled_4d_weighted_threshold_0_9_18,e53cf49e-1029-4bee-940a-d8f0d588ea8b,392a03db-0ab2-42c7-bf58-3acde7de9d5d,2026-04-16 00:23:26.928233+00:00,approved,1,30.0,0,True,,True,0.0
D_pr17_scaled_4d_weighted_threshold_0_9_18,859aa600-4177-41ee-b69e-382d93aaf8a0,a57f0fd6-6977-43c3-86bb-cd34ef2a7a29,2026-04-16 00:34:16.656080+00:00,pending,1,121.0,0,True,,True,0.0
D_pr17_scaled_4d_weighted_threshold_0_9_18,f6fdb04f-0b04-46a8-a78d-75e6f2788d63,a57f0fd6-6977-43c3-86bb-cd34ef2a7a29,2026-04-16 00:40:26.877376+00:00,pending,1,118.0,1,True,,True,0.0
D_pr17_scaled_4d_weighted_threshold_0_9_18,10c45b0d-90a2-49b3-961a-52887e77ff2a,a57f0fd6-6977-43c3-86bb-cd34ef2a7a29,2026-04-16 01:04:04.714100+00:00,pending,1,118.0,2,True,,True,0.0
D_pr17_scaled_4d_weighted_threshold_0_9_18,66d22b00-b121-42ff-bc80-07d9a74745f9,a57f0fd6-6977-43c3-86bb-cd34ef2a7a29,2026-04-16 01:16:12.718270+00:00,pending,0,118.0,3,True,,True,0.0
D_pr17_scaled_4d_weighted_threshold_0_9_18,5334d367-bd0a-486b-9496-794e260906b7,a57f0fd6-6977-43c3-86bb-cd34ef2a7a29,2026-04-16 01:20:39.584592+00:00,pending,0,118.0,4,True,,True,0.0
D_pr17_scaled_4d_weighted_threshold_0_9_18,14c40b60-cfd7-40ba-a519-e965c4562806,a57f0fd6-6977-43c3-86bb-cd34ef2a7a29,2026-04-16 01:26:37.570500+00:00,pending,1,118.0,5,True,,True,0.0
D_pr17_scaled_4d_weighted_threshold_0_9_18,a9938e2c-cfc0-4f85-af0e-23f5a7b7c9ba,a57f0fd6-6977-43c3-86bb-cd34ef2a7a29,2026-04-16 01:33:11.612212+00:00,pending,1,118.0,6,True,,True,0.0
D_pr17_scaled_4d_weighted_threshold_0_9_18,55f59f23-8154-4b80-bb46-76bf263cff5f,a57f0fd6-6977-43c3-86bb-cd34ef2a7a29,2026-04-16 01:58:17.939640+00:00,pending,1,118.0,7,True,,True,0.0
D_pr17_scaled_4d_weighted_threshold_0_9_18,1d8f6210-ebc1-4b1f-a17c-78a5fe7a7dac,a57f0fd6-6977-43c3-86bb-cd34ef2a7a29,2026-04-16 11:29:18.176019+00:00,approved,1,118.0,8,True,,True,0.0
D_pr17_scaled_4d_weighted_threshold_0_9_18,aa8ecd86-9859-4ee5-921e-a60c8da5dd85,a57f0fd6-6977-43c3-86bb-cd34ef2a7a29,2026-04-16 11:33:17.473515+00:00,approved,1,118.0,9,True,,True,0.0
D_pr17_scaled_4d_weighted_threshold_0_9_18,227f7669-2337-4aaf-b3e2-47c0527d5a87,a57f0fd6-6977-43c3-86bb-cd34ef2a7a29,2026-04-16 11:40:55.155566+00:00,pending,1,118.0,10,True,,True,0.0
D_pr17_scaled_4d_weighted_threshold_0_9_18,72fe924a-371c-4bea-a995-ecf2ce1c5cfd,a57f0fd6-6977-43c3-86bb-cd34ef2a7a29,2026-04-16 11:53:12.069332+00:00,pending,1,120.0,11,True,,True,0.0
D_pr17_scaled_4d_weighted_threshold_0_9_18,86c05373-b7f0-4a19-b903-306768f90722,a57f0fd6-6977-43c3-86bb-cd34ef2a7a29,2026-04-16 11:56:57.392687+00:00,approved,2,120.0,12,True,,True,0.0
D_pr17_scaled_4d_weighted_threshold_0_9_18,456514a4-4913-4827-8d91-ad9b91b9bda3,a57f0fd6-6977-43c3-86bb-cd34ef2a7a29,2026-04-16 11:58:45.017065+00:00,approved,2,120.0,13,True,,True,0.0
D_pr17_scaled_4d_weighted_threshold_0_9_18,cce27aa3-ca35-485a-973a-ddc13a6b0425,392a03db-0ab2-42c7-bf58-3acde7de9d5d,2026-04-16 17:35:52.155675+00:00,approved,1,45.0,1,True,,True,0.0
D_pr17_scaled_4d_weighted_threshold_0_9_18,e34d20b4-73df-467c-a286-d4a7ce3a3ae1,a57f0fd6-6977-43c3-86bb-cd34ef2a7a29,2026-04-16 20:01:13.160825+00:00,pending,2,105.0,14,True,,True,0.0
D_pr17_scaled_4d_weighted_threshold_0_9_18,3a63c04b-d89e-4c96-9891-12cb3fe29f91,a57f0fd6-6977-43c3-86bb-cd34ef2a7a29,2026-04-16 20:26:53.650493+00:00,pending,3,105.0,15,True,,True,0.0
D_pr17_scaled_4d_weighted_threshold_0_9_18,83831632-5742-404e-a708-a4f410b143ea,a57f0fd6-6977-43c3-86bb-cd34ef2a7a29,2026-04-16 20:58:15.266001+00:00,pending,2,105.0,16,True,,True,0.0
D_pr17_scaled_4d_weighted_threshold_0_9_18,cd74bac3-a1ad-4479-9dd4-e837284cbd7e,a57f0fd6-6977-43c3-86bb-cd34ef2a7a29,2026-04-16 22:15:49.985278+00:00,pending,2,105.0,17,True,,True,0.0
D_pr17_scaled_4d_weighted_threshold_0_9_18,c0a85f66-c0d5-41f3-a717-670748d0088b,392a03db-0ab2-42c7-bf58-3acde7de9d5d,2026-04-16 22:29:09.364833+00:00,approved,2,45.0,2,True,,True,0.0
D_pr17_scaled_4d_weighted_threshold_0_9_18,ba80fcb6-6e11-4e18-9e08-e8fd714812e0,392a03db-0ab2-42c7-bf58-3acde7de9d5d,2026-04-16 22:33:34.219091+00:00,pending,1,45.0,3,True,,True,0.0
D_pr17_scaled_4d_weighted_threshold_0_9_18,87d03fe9-efd7-4768-b1d9-1b661eb8cc2f,392a03db-0ab2-42c7-bf58-3acde7de9d5d,2026-04-16 22:40:57.924456+00:00,pending,2,45.0,4,True,,True,0.0
D_pr17_scaled_4d_weighted_threshold_0_9_18,f7628df8-ce1e-45fe-b469-220d3f250dd2,392a03db-0ab2-42c7-bf58-3acde7de9d5d,2026-04-16 22:47:40.614695+00:00,approved,3,45.0,5,True,,True,0.0
D_pr17_scaled_4d_weighted_threshold_0_9_18,c8421a3d-cd85-4951-b70e-4f68f8eaa71e,392a03db-0ab2-42c7-bf58-3acde7de9d5d,2026-04-16 22:54:16.871019+00:00,approved,2,45.0,6,True,,True,0.0
D_pr17_scaled_4d_weighted_threshold_0_9_18,74c6ae67-f75c-4cdd-b5f3-e9e76a4d426a,392a03db-0ab2-42c7-bf58-3acde7de9d5d,2026-04-16 22:58:07.424834+00:00,approved,4,45.0,7,True,,True,0.0
D_pr17_scaled_4d_weighted_threshold_0_9_18,20f70b28-dfac-4228-9122-c615d7bb23d6,392a03db-0ab2-42c7-bf58-3acde7de9d5d,2026-04-16 23:02:16.841255+00:00,approved,2,45.0,8,True,,True,0.0
D_pr17_scaled_4d_weighted_threshold_0_9_18,bc1c9483-ba77-435d-aed9-e1990cad7609,a57f0fd6-6977-43c3-86bb-cd34ef2a7a29,2026-04-17 13:57:05.967004+00:00,pending,1,96.0,0,True,,True,0.0
D_pr17_scaled_4d_weighted_threshold_0_9_18,5878d3c0-204a-4701-8050-089d53d04803,a57f0fd6-6977-43c3-86bb-cd34ef2a7a29,2026-04-17 14:35:08.883040+00:00,pending,1,96.0,1,True,,True,0.0
D_pr17_scaled_4d_weighted_threshold_0_9_18,09487269-ba97-4199-9666-f7385e0ca46f,a57f0fd6-6977-43c3-86bb-cd34ef2a7a29,2026-04-17 18:06:35.193034+00:00,pending,1,96.0,2,True,,True,0.0
D_pr17_scaled_4d_weighted_threshold_0_9_18,f1cb12cf-484f-40c0-b762-e822cc14b952,a57f0fd6-6977-43c3-86bb-cd34ef2a7a29,2026-04-17 18:18:35.894494+00:00,pending,3,96.0,3,True,,True,0.0
D_pr17_scaled_4d_weighted_threshold_0_9_18,38fca065-b03e-44ce-a1f0-38a28df86325,4ce403f9-c662-4caa-8576-c10e71f01c4b,2026-04-17 19:42:50.478406+00:00,pending,2,18.0,0,True,,True,0.0
D_pr17_scaled_4d_weighted_threshold_0_9_18,838f9867-6d6d-4019-afe2-ce01d9b9432d,4ce403f9-c662-4caa-8576-c10e71f01c4b,2026-04-17 19:44:59.822102+00:00,pending,2,18.0,1,True,,True,0.0
D_pr17_scaled_4d_weighted_threshold_0_9_18,980ccafe-c454-4903-b2cc-16ed817cd67e,a57f0fd6-6977-43c3-86bb-cd34ef2a7a29,2026-04-17 19:55:15.132300+00:00,pending,2,96.0,4,True,,True,0.0
D_pr17_scaled_4d_weighted_threshold_0_9_18,af228821-af4a-4f94-89a7-710e28fcc49f,a57f0fd6-6977-43c3-86bb-cd34ef2a7a29,2026-04-17 20:06:54.978003+00:00,pending,2,96.0,5,True,,True,0.0
D_pr17_scaled_4d_weighted_threshold_0_9_18,3580b235-f813-40f5-a638-10b5dc0890c0,a57f0fd6-6977-43c3-86bb-cd34ef2a7a29,2026-04-17 20:17:17.107907+00:00,pending,2,96.0,6,True,,True,0.0
D_pr17_scaled_4d_weighted_threshold_0_9_18,1cfe8b08-dd4d-4a82-a836-c9f9a9e106cc,4ce403f9-c662-4caa-8576-c10e71f01c4b,2026-04-17 21:52:15.388621+00:00,pending,3,18.0,2,True,,True,0.0
D_pr17_scaled_4d_weighted_threshold_0_9_18,5b955585-b85a-4cec-aaae-2ecaa11d9a9c,a57f0fd6-6977-43c3-86bb-cd34ef2a7a29,2026-04-18 00:15:24.212370+00:00,pending,2,114.0,0,True,,True,0.0
D_pr17_scaled_4d_weighted_threshold_0_9_18,584dd41b-7c09-46c0-9c0e-f44188a707cd,a57f0fd6-6977-43c3-86bb-cd34ef2a7a29,2026-04-18 00:27:51.074083+00:00,pending,2,114.0,1,True,,True,0.0
D_pr17_scaled_4d_weighted_threshold_0_9_18,fa632f8a-6661-408c-bd7b-b29035dce656,392a03db-0ab2-42c7-bf58-3acde7de9d5d,2026-04-18 02:01:21.134858+00:00,pending,4,54.0,0,True,,True,0.0
D_pr17_scaled_4d_weighted_threshold_0_9_18,a0e0cb9c-ce18-4327-a6b3-1846c877281a,392a03db-0ab2-42c7-bf58-3acde7de9d5d,2026-04-18 02:13:03.746119+00:00,approved,2,63.0,1,True,,True,0.0
D_pr17_scaled_4d_weighted_threshold_0_9_18,d129c327-56a6-4452-993f-d80b5ca8a6e7,a57f0fd6-6977-43c3-86bb-cd34ef2a7a29,2026-04-18 03:17:24.671702+00:00,pending,1,117.0,2,True,,True,0.0
D_pr17_scaled_4d_weighted_threshold_0_9_18,fc89967e-af03-4de0-ac8b-5c81471c29d6,392a03db-0ab2-42c7-bf58-3acde7de9d5d,2026-04-18 14:41:42.285259+00:00,pending,2,66.0,2,True,,True,0.0
D_pr17_scaled_4d_weighted_threshold_0_9_18,af6c3b42-1ffc-4188-a335-a3de5af08fae,392a03db-0ab2-42c7-bf58-3acde7de9d5d,2026-04-18 15:15:41.774206+00:00,approved,5,66.0,3,True,,True,0.0
D_pr17_scaled_4d_weighted_threshold_0_9_18,cdbd38f6-f2f3-4d46-875a-29c4bb33d40d,392a03db-0ab2-42c7-bf58-3acde7de9d5d,2026-04-18 18:04:18.728856+00:00,approved,2,66.0,4,True,,True,0.0
D_pr17_scaled_4d_weighted_threshold_0_9_18,1a060bef-914f-42bf-9899-f86e1ffcd699,ce6e5c8c-b2e1-4acd-89fe-b42fe49a86bc,2026-04-18 18:25:58.517742+00:00,approved,4,64.0,0,True,,True,0.0
D_pr17_scaled_4d_weighted_threshold_0_9_18,d597dc05-4f94-4cb0-bebc-34c6effe56c9,4ce403f9-c662-4caa-8576-c10e71f01c4b,2026-04-18 20:28:31.254844+00:00,pending,2,27.0,0,True,,True,0.0
D_pr17_scaled_4d_weighted_threshold_0_9_18,190e5cc6-d246-4bb8-9ec3-d320f1a74b11,68094f87-01d0-4966-aae7-21eb452e918d,2026-04-18 23:08:37.198011+00:00,approved,3,29.0,0,True,,True,0.0
D_pr17_scaled_4d_weighted_threshold_0_9_18,5cd78345-dbb7-430d-b879-6f028e735930,68094f87-01d0-4966-aae7-21eb452e918d,2026-04-18 23:17:36.316891+00:00,approved,4,29.0,1,True,,True,0.0
D_pr17_scaled_4d_weighted_threshold_0_9_18,e49fb55a-021e-4958-8e3f-82227c64b0cc,a57f0fd6-6977-43c3-86bb-cd34ef2a7a29,2026-04-18 23:56:45.621707+00:00,approved,3,83.0,3,True,,True,0.0
D_pr17_scaled_4d_weighted_threshold_0_9_18,32191593-d0c7-4536-a046-f0f3da62c0a9,a57f0fd6-6977-43c3-86bb-cd34ef2a7a29,2026-04-19 00:12:47.551636+00:00,pending,3,104.0,0,True,,True,0.0
D_pr17_scaled_4d_weighted_threshold_0_9_18,f2c575aa-3534-45be-9db1-498fe9686b5b,a57f0fd6-6977-43c3-86bb-cd34ef2a7a29,2026-04-19 00:21:52.666661+00:00,pending,1,104.0,1,True,,True,0.0
D_pr17_scaled_4d_weighted_threshold_0_9_18,42c04f89-150a-4fd5-997f-fcd66b17210e,a57f0fd6-6977-43c3-86bb-cd34ef2a7a29,2026-04-19 00:38:14.828239+00:00,pending,2,104.0,2,True,,True,0.0
D_pr17_scaled_4d_weighted_threshold_0_9_18,02b42f60-e086-474f-a6bd-6c4eadea3a4c,4ce403f9-c662-4caa-8576-c10e71f01c4b,2026-04-19 03:25:17.779442+00:00,approved,2,56.0,0,True,,True,0.0
D_pr17_scaled_4d_weighted_threshold_0_9_18,44996974-7584-450d-b4a1-db3b522f0e9c,4ce403f9-c662-4caa-8576-c10e71f01c4b,2026-04-19 03:46:24.644515+00:00,pending,1,56.0,1,True,,True,0.0
D_pr17_scaled_4d_weighted_threshold_0_9_18,02e8813d-1a1f-43c1-a2db-8c4507020d54,4ce403f9-c662-4caa-8576-c10e71f01c4b,2026-04-19 03:55:23.819416+00:00,pending,1,56.0,2,True,,True,0.0
D_pr17_scaled_4d_weighted_threshold_0_9_18,b544b2cf-a659-43ec-acf3-7935c3d2fe6b,4ce403f9-c662-4caa-8576-c10e71f01c4b,2026-04-19 04:23:55.055074+00:00,pending,1,56.0,3,True,,True,0.0
D_pr17_scaled_4d_weighted_threshold_0_9_18,f91233a0-d2f7-4f62-99c9-7811d5d8bc0c,4ce403f9-c662-4caa-8576-c10e71f01c4b,2026-04-19 04:30:53.751654+00:00,pending,1,56.0,4,True,,True,0.0
D_pr17_scaled_4d_weighted_threshold_0_9_18,3d4a44c7-f4e5-406c-b578-43e865a5b13a,4ce403f9-c662-4caa-8576-c10e71f01c4b,2026-04-19 04:35:43.444196+00:00,pending,2,56.0,5,True,,True,0.0
D_pr17_scaled_4d_weighted_threshold_0_9_18,c80e1419-6331-4396-857f-fbb808ac36b2,4ce403f9-c662-4caa-8576-c10e71f01c4b,2026-04-19 04:40:51.246881+00:00,pending,2,56.0,6,True,,True,0.0
D_pr17_scaled_4d_weighted_threshold_0_9_18,b5f7a4db-c7bc-4a77-916d-9028301bf5fc,4ce403f9-c662-4caa-8576-c10e71f01c4b,2026-04-19 04:44:44.257879+00:00,approved,2,56.0,7,True,,True,0.0
D_pr17_scaled_4d_weighted_threshold_0_9_18,9a9ade01-bd42-42dc-af47-1a9eb309d970,4ce403f9-c662-4caa-8576-c10e71f01c4b,2026-04-19 04:47:24.654038+00:00,approved,2,56.0,8,True,,True,0.0
D_pr17_scaled_4d_weighted_threshold_0_9_18,a7ceceb8-b488-49f7-9feb-a8b5220bec57,a57f0fd6-6977-43c3-86bb-cd34ef2a7a29,2026-04-19 12:52:02.015472+00:00,pending,2,101.0,3,True,,True,0.0
D_pr17_scaled_4d_weighted_threshold_0_9_18,68f72ef3-3228-4b12-ab9f-fb567650d7cf,a57f0fd6-6977-43c3-86bb-cd34ef2a7a29,2026-04-19 15:43:17.718537+00:00,pending,2,85.0,4,True,,True,0.0
D_pr17_scaled_4d_weighted_threshold_0_9_18,cdcb1425-4e88-4a51-a862-003a25f4bcee,a57f0fd6-6977-43c3-86bb-cd34ef2a7a29,2026-04-19 15:47:12.994733+00:00,pending,2,85.0,5,True,,True,0.0
D_pr17_scaled_4d_weighted_threshold_0_9_18,bd10d1fc-9736-4278-8a8c-980bb47aca68,392a03db-0ab2-42c7-bf58-3acde7de9d5d,2026-04-19 16:28:37.807544+00:00,pending,0,70.0,0,True,,True,0.0
D_pr17_scaled_4d_weighted_threshold_0_9_18,f98aea1f-fa85-44a7-97b2-5406ac7cec09,a57f0fd6-6977-43c3-86bb-cd34ef2a7a29,2026-04-19 19:39:51.380414+00:00,pending,3,85.0,6,True,,True,0.0
D_pr17_scaled_4d_weighted_threshold_0_9_18,5d9fbd2f-696a-4382-982a-49b151d26b2c,a57f0fd6-6977-43c3-86bb-cd34ef2a7a29,2026-04-19 23:59:57.800393+00:00,pending,2,81.0,7,True,,True,0.0
D_pr17_scaled_4d_weighted_threshold_0_9_18,2926d25c-727a-4376-8f46-2f11706b9308,a57f0fd6-6977-43c3-86bb-cd34ef2a7a29,2026-04-20 14:56:21.637710+00:00,pending,2,72.0,0,True,,True,0.0
D_pr17_scaled_4d_weighted_threshold_0_9_18,37fccae0-58a4-4b76-8c99-aba46a5f8d6c,392a03db-0ab2-42c7-bf58-3acde7de9d5d,2026-04-20 15:03:13.561334+00:00,pending,2,55.0,0,True,,True,0.0
D_pr17_scaled_4d_weighted_threshold_0_9_18,5935e8aa-6452-47ad-ae59-5f38a1a53268,a57f0fd6-6977-43c3-86bb-cd34ef2a7a29,2026-04-20 17:04:44.923694+00:00,pending,2,81.0,1,True,,True,0.0
D_pr17_scaled_4d_weighted_threshold_0_9_18,639809cf-83b5-47ba-a25c-45a0358f7797,a57f0fd6-6977-43c3-86bb-cd34ef2a7a29,2026-04-20 20:07:18.679294+00:00,pending,1,81.0,2,True,,True,0.0
D_pr17_scaled_4d_weighted_threshold_0_9_18,89ba2262-f3c5-4742-9f1c-d270433c2dd3,a57f0fd6-6977-43c3-86bb-cd34ef2a7a29,2026-04-20 20:39:03.435082+00:00,pending,1,81.0,3,True,,True,0.0
D_pr17_scaled_4d_weighted_threshold_0_9_18,0405fae8-11a4-478b-86e2-ed60e9a4a553,a57f0fd6-6977-43c3-86bb-cd34ef2a7a29,2026-04-20 20:47:39.666781+00:00,pending,1,81.0,4,True,,True,0.0
D_pr17_scaled_4d_weighted_threshold_0_9_18,39dd3801-1da4-432e-ae39-58660f1eb025,fd9b7f36-2943-4ceb-b658-83c814782ac3,2026-04-20 21:03:52.061313+00:00,approved,3,18.0,0,True,,True,0.0
D_pr17_scaled_4d_weighted_threshold_0_9_18,857572ac-0235-4ee4-9be2-343dca03d4fb,fd9b7f36-2943-4ceb-b658-83c814782ac3,2026-04-20 21:07:15.244606+00:00,approved,3,18.0,1,True,,True,0.0
D_pr17_scaled_4d_weighted_threshold_0_9_18,fd6c2eb7-0b67-4cf0-8995-5f833db2de7c,fd9b7f36-2943-4ceb-b658-83c814782ac3,2026-04-20 21:24:46.025928+00:00,approved,2,18.0,2,True,,True,0.0
D_pr17_scaled_4d_weighted_threshold_0_9_18,925e6ba8-9a3b-47f5-8267-819fce140b29,392a03db-0ab2-42c7-bf58-3acde7de9d5d,2026-04-20 21:56:01.354668+00:00,pending,0,50.0,1,True,,True,0.0
D_pr17_scaled_4d_weighted_threshold_0_9_18,c1b877a0-fc59-4924-a732-d7acb60add21,a57f0fd6-6977-43c3-86bb-cd34ef2a7a29,2026-04-20 22:21:25.228603+00:00,pending,3,83.0,5,True,,True,0.0
D_pr17_scaled_4d_weighted_threshold_0_9_18,3ce80d5a-b18d-49df-83d3-1bd8c05b29c8,392a03db-0ab2-42c7-bf58-3acde7de9d5d,2026-04-21 00:25:04.911204+00:00,pending,1,60.0,0,True,,True,0.0
D_pr17_scaled_4d_weighted_threshold_0_9_18,bd09e29c-76e6-4948-9ef1-f449a6e32c3d,fd9b7f36-2943-4ceb-b658-83c814782ac3,2026-04-21 02:45:57.447735+00:00,approved,2,36.0,0,True,,True,0.0
D_pr17_scaled_4d_weighted_threshold_0_9_18,f6fedc31-c141-42ac-bf7f-768eb1fba166,392a03db-0ab2-42c7-bf58-3acde7de9d5d,2026-04-21 03:26:02.023980+00:00,approved,3,69.0,1,True,,True,0.0
D_pr17_scaled_4d_weighted_threshold_0_9_18,d69a4f94-1f5a-4041-89f0-29e5f90a67ab,392a03db-0ab2-42c7-bf58-3acde7de9d5d,2026-04-21 04:09:18.084619+00:00,approved,1,69.0,2,True,,True,0.0
D_pr17_scaled_4d_weighted_threshold_0_9_18,c71db8b6-09cb-4491-b83c-0d396bac7a9e,392a03db-0ab2-42c7-bf58-3acde7de9d5d,2026-04-21 04:23:06.806990+00:00,approved,2,69.0,3,True,,True,0.0
D_pr17_scaled_4d_weighted_threshold_0_9_18,10c5e7ae-0a82-411a-8935-437970326f9b,392a03db-0ab2-42c7-bf58-3acde7de9d5d,2026-04-21 16:55:45.479127+00:00,pending,1,73.0,4,True,,True,0.0
D_pr17_scaled_4d_weighted_threshold_0_9_18,8677f3ed-2a98-478b-bcfa-bda614539b64,392a03db-0ab2-42c7-bf58-3acde7de9d5d,2026-04-21 17:01:47.864082+00:00,pending,0,73.0,5,True,,True,0.0
D_pr17_scaled_4d_weighted_threshold_0_9_18,c373da49-ee5f-4e09-a637-f9771a79b52c,392a03db-0ab2-42c7-bf58-3acde7de9d5d,2026-04-21 17:05:26.603280+00:00,pending,0,73.0,6,True,,True,0.0
D_pr17_scaled_4d_weighted_threshold_0_9_18,b71e2c04-bca2-4ac2-aee1-f876bf9ec139,392a03db-0ab2-42c7-bf58-3acde7de9d5d,2026-04-21 17:57:02.711606+00:00,pending,0,73.0,7,True,,True,0.0
D_pr17_scaled_4d_weighted_threshold_0_9_18,760810ad-f67b-4907-9538-41c07686095c,392a03db-0ab2-42c7-bf58-3acde7de9d5d,2026-04-21 21:13:42.061578+00:00,pending,0,73.0,8,True,,True,0.0
D_pr17_scaled_4d_weighted_threshold_0_9_18,5a41911b-3db6-4c2a-8b96-12db217cf850,392a03db-0ab2-42c7-bf58-3acde7de9d5d,2026-04-22 00:02:39.889179+00:00,pending,0,82.0,0,True,,True,0.0
D_pr17_scaled_4d_weighted_threshold_0_9_18,41f30708-2e2a-486b-bda8-b990008183b4,392a03db-0ab2-42c7-bf58-3acde7de9d5d,2026-04-22 00:11:18.298241+00:00,pending,0,91.0,1,True,,True,0.0
D_pr17_scaled_4d_weighted_threshold_0_9_18,d9b483d8-5193-4f23-99d4-c343f81bb410,392a03db-0ab2-42c7-bf58-3acde7de9d5d,2026-04-22 00:42:56.943524+00:00,pending,1,92.0,2,True,,True,0.0
D_pr17_scaled_4d_weighted_threshold_0_9_18,5f00eb22-a793-40f7-b829-0f6b136fe951,392a03db-0ab2-42c7-bf58-3acde7de9d5d,2026-04-22 03:51:05.853886+00:00,pending,0,71.0,3,True,,True,0.0
D_pr17_scaled_4d_weighted_threshold_0_9_18,216ce11e-a7d9-45f8-996d-3afe35e36be6,392a03db-0ab2-42c7-bf58-3acde7de9d5d,2026-04-22 15:36:51.417391+00:00,approved,1,71.0,4,True,,True,0.0
D_pr17_scaled_4d_weighted_threshold_0_9_18,2c029705-a38a-47a2-94d6-881887522d0b,392a03db-0ab2-42c7-bf58-3acde7de9d5d,2026-04-22 15:49:32.242549+00:00,approved,1,71.0,5,True,,True,0.0
D_pr17_scaled_4d_weighted_threshold_0_9_18,7c076b17-8360-4d23-8e52-d83f7a0473ab,a57f0fd6-6977-43c3-86bb-cd34ef2a7a29,2026-04-22 17:01:30.494248+00:00,pending,1,61.0,0,True,,True,0.0
D_pr17_scaled_4d_weighted_threshold_0_9_18,bafa397b-8767-4d13-be64-07de8e226d07,392a03db-0ab2-42c7-bf58-3acde7de9d5d,2026-04-22 21:32:25.658050+00:00,pending,-1,82.0,6,True,,True,0.0
D_pr17_scaled_4d_weighted_threshold_0_9_18,66b42626-3f13-473c-a9cb-e658335f6b28,392a03db-0ab2-42c7-bf58-3acde7de9d5d,2026-04-22 21:34:43.837084+00:00,approved,2,82.0,7,True,,True,0.0
D_pr17_scaled_4d_weighted_threshold_0_9_18,3f13697b-8984-4f68-8007-b58e5c89a281,a57f0fd6-6977-43c3-86bb-cd34ef2a7a29,2026-04-22 23:32:10.106790+00:00,pending,0,71.0,1,True,,True,0.0
D_pr17_scaled_4d_weighted_threshold_0_9_18,cefaf20a-a919-42e2-ae46-706c3cfe60c0,fd9b7f36-2943-4ceb-b658-83c814782ac3,2026-04-23 02:17:28.928469+00:00,pending,0,55.0,0,True,,True,0.0
D_pr17_scaled_4d_weighted_threshold_0_9_18,f1bb68fb-ea55-4515-814b-5f8d16ce4876,fd9b7f36-2943-4ceb-b658-83c814782ac3,2026-04-23 02:39:02.579148+00:00,pending,1,55.0,1,True,,True,0.0
D_pr17_scaled_4d_weighted_threshold_0_9_18,13b37226-3ad0-4175-a391-2245ed0189bd,fd9b7f36-2943-4ceb-b658-83c814782ac3,2026-04-23 02:52:55.161676+00:00,pending,0,55.0,2,True,,True,0.0
D_pr17_scaled_4d_weighted_threshold_0_9_18,3035c992-455f-4f6e-9217-c0e883713600,fd9b7f36-2943-4ceb-b658-83c814782ac3,2026-04-23 03:23:13.893026+00:00,pending,1,55.0,3,True,,True,0.0
D_pr17_scaled_4d_weighted_threshold_0_9_18,84faab01-303e-4e90-95c4-c1332c456999,fd9b7f36-2943-4ceb-b658-83c814782ac3,2026-04-23 03:32:33.473055+00:00,pending,0,55.0,4,True,,True,0.0
D_pr17_scaled_4d_weighted_threshold_0_9_18,39c9b9a1-2c08-455f-bfe5-2dee5a1f2091,fd9b7f36-2943-4ceb-b658-83c814782ac3,2026-04-23 04:17:56.382850+00:00,pending,1,55.0,5,True,,True,0.0
D_pr17_scaled_4d_weighted_threshold_0_9_18,a8f4693d-ae2c-4ede-81d6-24da37de6333,392a03db-0ab2-42c7-bf58-3acde7de9d5d,2026-04-23 04:27:46.677841+00:00,pending,0,91.0,0,True,,True,0.0
D_pr17_scaled_4d_weighted_threshold_0_9_18,3676fab2-3ba7-40e4-9e50-4b2dda419021,fd9b7f36-2943-4ceb-b658-83c814782ac3,2026-04-23 04:29:15.032854+00:00,pending,1,55.0,6,True,,True,0.0
D_pr17_scaled_4d_weighted_threshold_0_9_18,d675590c-30b6-4d08-93d3-c3c3287aa5af,392a03db-0ab2-42c7-bf58-3acde7de9d5d,2026-04-23 04:42:20.720666+00:00,pending,0,100.0,1,True,,True,0.0
D_pr17_scaled_4d_weighted_threshold_0_9_18,0e9dc353-e081-4af3-b427-9374dd613f55,392a03db-0ab2-42c7-bf58-3acde7de9d5d,2026-04-23 05:04:33.850263+00:00,pending,1,103.0,2,True,,True,0.0
D_pr17_scaled_4d_weighted_threshold_0_9_18,f2f48a46-184a-436b-96ac-68214a69ac1f,a57f0fd6-6977-43c3-86bb-cd34ef2a7a29,2026-04-23 11:03:06.729989+00:00,pending,0,59.0,0,True,,True,0.0
D_pr17_scaled_4d_weighted_threshold_0_9_18,14dd599c-1f0f-42db-bbaa-2378626058f9,68094f87-01d0-4966-aae7-21eb452e918d,2026-04-23 12:53:28.648495+00:00,approved,1,20.0,0,True,,True,0.0
D_pr17_scaled_4d_weighted_threshold_0_9_18,5d5ec15d-997d-4085-859a-7697821ef619,68094f87-01d0-4966-aae7-21eb452e918d,2026-04-23 12:57:12.311955+00:00,approved,1,20.0,1,True,,True,0.0
D_pr17_scaled_4d_weighted_threshold_0_9_18,fbfa501c-b933-4ef8-a9c4-76e4e3d86f10,a57f0fd6-6977-43c3-86bb-cd34ef2a7a29,2026-04-23 13:39:04.289041+00:00,pending,1,66.0,1,True,,True,0.0
D_pr17_scaled_4d_weighted_threshold_0_9_18,e0bdd64a-d824-499e-84ea-1beb17f68e41,a57f0fd6-6977-43c3-86bb-cd34ef2a7a29,2026-04-23 13:40:23.558036+00:00,pending,1,66.0,2,True,,True,0.0
D_pr17_scaled_4d_weighted_threshold_0_9_18,4e679b0d-0eac-49ef-b9d0-e507c53510e1,a57f0fd6-6977-43c3-86bb-cd34ef2a7a29,2026-04-23 13:53:51.438518+00:00,pending,1,66.0,3,True,,True,0.0
D_pr17_scaled_4d_weighted_threshold_0_9_18,11c97a8f-951c-4d17-b936-9e1f36727e03,fd9b7f36-2943-4ceb-b658-83c814782ac3,2026-04-23 14:06:40.933024+00:00,approved,1,55.0,7,True,,True,0.0
D_pr17_scaled_4d_weighted_threshold_0_9_18,b4eae83b-1512-4989-bb17-229a33471cf0,fd9b7f36-2943-4ceb-b658-83c814782ac3,2026-04-23 14:18:38.796016+00:00,approved,1,55.0,8,True,,True,0.0
D_pr17_scaled_4d_weighted_threshold_0_9_18,9d9f7995-fc23-4438-9343-5b7b64d30ef2,fd9b7f36-2943-4ceb-b658-83c814782ac3,2026-04-23 14:26:18.471395+00:00,pending,0,55.0,9,True,,True,0.0
D_pr17_scaled_4d_weighted_threshold_0_9_18,6535ab26-7cc7-4e1a-bcd5-c9ccaf41a0c7,fd9b7f36-2943-4ceb-b658-83c814782ac3,2026-04-23 15:44:47.964355+00:00,approved,0,57.0,10,True,,True,0.0
D_pr17_scaled_4d_weighted_threshold_0_9_18,0bc00399-96e9-4634-8cdf-fc6a615b8128,a57f0fd6-6977-43c3-86bb-cd34ef2a7a29,2026-04-23 20:59:27.129002+00:00,approved,1,69.0,4,True,,True,0.0
D_pr17_scaled_4d_weighted_threshold_0_9_18,5cf1f5e8-fc0b-4014-a3ec-1290365803cb,a57f0fd6-6977-43c3-86bb-cd34ef2a7a29,2026-04-23 21:09:14.097552+00:00,approved,1,69.0,5,True,,True,0.0
D_pr17_scaled_4d_weighted_threshold_0_9_18,b60b327e-7e64-4719-8e86-80a63f9a62e6,392a03db-0ab2-42c7-bf58-3acde7de9d5d,2026-04-23 21:48:26.062181+00:00,rejected,0,91.0,3,True,,True,0.0
D_pr17_scaled_4d_weighted_threshold_0_9_18,e40500b1-6382-4d49-ba26-f479ad3f3c7a,392a03db-0ab2-42c7-bf58-3acde7de9d5d,2026-04-23 21:57:03.423844+00:00,pending,0,91.0,4,True,,True,0.0
D_pr17_scaled_4d_weighted_threshold_0_9_18,7d1c5441-c973-4308-a1a9-afc452046490,69ce191d-25f7-4ae6-b5fc-26bdc90e84aa,2026-04-23 22:26:40.210131+00:00,pending,0,19.0,0,True,,True,0.0
D_pr17_scaled_4d_weighted_threshold_0_9_18,be9840da-6763-4d04-af37-6587408eda67,392a03db-0ab2-42c7-bf58-3acde7de9d5d,2026-04-24 02:00:36.899016+00:00,pending,0,100.0,0,True,,True,0.0
D_pr17_scaled_4d_weighted_threshold_0_9_18,d6c07639-0259-4817-a25a-b89c3f82829e,392a03db-0ab2-42c7-bf58-3acde7de9d5d,2026-04-24 02:06:33.619193+00:00,approved,1,106.0,1,True,,True,0.0
E_pr17_scaled_7d_weighted_threshold_0_9_18,5331584a-56bb-46d0-9493-56b622c9e4bf,a57f0fd6-6977-43c3-86bb-cd34ef2a7a29,2026-03-14 18:40:57.454405+00:00,approved,1,2.0,0,True,1.0,False,7.0
E_pr17_scaled_7d_weighted_threshold_0_9_18,32262f76-1a59-43d6-9a94-840a38a79439,a57f0fd6-6977-43c3-86bb-cd34ef2a7a29,2026-03-14 18:54:05.649655+00:00,approved,0,2.0,1,False,1.0,False,7.0
E_pr17_scaled_7d_weighted_threshold_0_9_18,e38bbdb3-dab1-4f9c-8956-21842cdf509b,a57f0fd6-6977-43c3-86bb-cd34ef2a7a29,2026-03-14 20:07:34.507547+00:00,approved,0,2.0,2,False,1.0,False,7.0
E_pr17_scaled_7d_weighted_threshold_0_9_18,c106ddb2-8db7-44a3-942d-cacf45f27430,a57f0fd6-6977-43c3-86bb-cd34ef2a7a29,2026-03-14 20:18:35.154922+00:00,approved,-1,2.0,3,False,1.0,False,7.0
E_pr17_scaled_7d_weighted_threshold_0_9_18,393477f3-c9f7-49f2-a6e5-025c8ea2ca3f,60264769-e015-4dba-b2f4-6bfdffed12b3,2026-03-14 20:35:41.056139+00:00,approved,3,0.0,0,True,1.0,False,9.0
E_pr17_scaled_7d_weighted_threshold_0_9_18,61866180-9717-41cc-8e26-f90cd8775298,a57f0fd6-6977-43c3-86bb-cd34ef2a7a29,2026-03-14 20:54:18.168454+00:00,approved,1,2.0,4,False,1.0,False,7.0
E_pr17_scaled_7d_weighted_threshold_0_9_18,449a3467-b150-4f07-9ed7-3a3804f6f525,68094f87-01d0-4966-aae7-21eb452e918d,2026-03-14 21:15:17.675527+00:00,approved,2,0.0,0,True,1.0,False,9.0
E_pr17_scaled_7d_weighted_threshold_0_9_18,d3772e60-a8c7-4ad7-ad14-4e30f67ef7ed,a57f0fd6-6977-43c3-86bb-cd34ef2a7a29,2026-03-14 21:26:35.667080+00:00,approved,0,2.0,5,False,1.0,False,7.0
E_pr17_scaled_7d_weighted_threshold_0_9_18,a6e2e580-3be5-411b-8ece-7b2b12663cf7,a57f0fd6-6977-43c3-86bb-cd34ef2a7a29,2026-03-14 21:34:28.210456+00:00,approved,1,2.0,6,False,1.0,False,7.0
E_pr17_scaled_7d_weighted_threshold_0_9_18,c33c69e0-9ab8-401f-8b56-d1f8a735649f,69ce191d-25f7-4ae6-b5fc-26bdc90e84aa,2026-03-14 22:45:39.748380+00:00,rejected,0,24.0,0,True,,True,0.0
E_pr17_scaled_7d_weighted_threshold_0_9_18,f605b9e6-29c7-49a0-adfc-b8f4138f32a3,69ce191d-25f7-4ae6-b5fc-26bdc90e84aa,2026-03-14 22:50:32.694247+00:00,rejected,0,24.0,1,True,,True,0.0
E_pr17_scaled_7d_weighted_threshold_0_9_18,6250524e-c541-4d10-bab9-ea97aabacb43,69ce191d-25f7-4ae6-b5fc-26bdc90e84aa,2026-03-15 00:41:50.652765+00:00,approved,1,28.0,0,True,,True,0.0
E_pr17_scaled_7d_weighted_threshold_0_9_18,6752d281-bca4-45dc-af62-e8ffdbb6df8e,69ce191d-25f7-4ae6-b5fc-26bdc90e84aa,2026-03-15 02:47:58.927216+00:00,approved,1,28.0,1,True,,True,0.0
E_pr17_scaled_7d_weighted_threshold_0_9_18,9a275745-4d67-4fac-ad72-dd5f78b54891,69ce191d-25f7-4ae6-b5fc-26bdc90e84aa,2026-03-15 12:36:10.145621+00:00,approved,0,28.0,2,True,,True,0.0
E_pr17_scaled_7d_weighted_threshold_0_9_18,0f077339-92ef-453d-8e12-bf329e96840b,a57f0fd6-6977-43c3-86bb-cd34ef2a7a29,2026-03-15 13:53:41.279663+00:00,approved,2,8.0,0,True,1.0,False,1.0
E_pr17_scaled_7d_weighted_threshold_0_9_18,05a7c900-212c-47d0-a604-08d140972f39,69ce191d-25f7-4ae6-b5fc-26bdc90e84aa,2026-03-15 13:54:25.369228+00:00,approved,2,28.0,3,True,,True,0.0
E_pr17_scaled_7d_weighted_threshold_0_9_18,f64ac8c8-2cb4-45cf-99a0-82e63aa16cb2,a57f0fd6-6977-43c3-86bb-cd34ef2a7a29,2026-03-15 14:50:21.225860+00:00,approved,3,8.0,1,False,1.0,False,1.0
E_pr17_scaled_7d_weighted_threshold_0_9_18,02ca4dcf-9767-4ca0-b57e-cfbea954d3ba,a57f0fd6-6977-43c3-86bb-cd34ef2a7a29,2026-03-15 15:00:20.072486+00:00,approved,1,8.0,2,False,1.0,False,1.0
E_pr17_scaled_7d_weighted_threshold_0_9_18,595627e7-5482-4e29-8b00-817bc0024341,a57f0fd6-6977-43c3-86bb-cd34ef2a7a29,2026-03-16 10:27:01.354071+00:00,approved,1,14.0,0,True,2.0,False,4.0
E_pr17_scaled_7d_weighted_threshold_0_9_18,aeef017d-33b4-4175-b9c9-b4bd065a1fcd,10293b59-6af4-4de0-9a6d-b87c2ed343a1,2026-03-16 15:28:13.382405+00:00,approved,2,0.0,0,True,1.0,False,9.0
E_pr17_scaled_7d_weighted_threshold_0_9_18,690426b4-a430-4b09-b9e9-a19aa2737b42,8f2ee531-41f7-4433-a49a-712adb50c585,2026-03-16 15:39:23.355309+00:00,approved,3,0.0,0,True,1.0,False,9.0
E_pr17_scaled_7d_weighted_threshold_0_9_18,1de3eb0a-a6a5-4ba3-a24c-3c87e83ee7f3,8f2ee531-41f7-4433-a49a-712adb50c585,2026-03-16 15:46:52.287348+00:00,approved,2,0.0,1,False,1.0,False,9.0
E_pr17_scaled_7d_weighted_threshold_0_9_18,8e1eaeb9-6bd0-4a03-95d5-1c70ba7dd28b,8f2ee531-41f7-4433-a49a-712adb50c585,2026-03-16 15:58:53.504299+00:00,approved,1,0.0,2,False,1.0,False,9.0
E_pr17_scaled_7d_weighted_threshold_0_9_18,7d41ac98-8b30-44e7-a06f-bf54f2061b0d,8f2ee531-41f7-4433-a49a-712adb50c585,2026-03-16 16:04:07.212810+00:00,pending,0,0.0,3,False,1.0,False,9.0
E_pr17_scaled_7d_weighted_threshold_0_9_18,d75c2ac8-8787-41c8-b255-55f8c28bec7b,8f2ee531-41f7-4433-a49a-712adb50c585,2026-03-16 16:08:26.937596+00:00,approved,1,0.0,4,False,1.0,False,9.0
E_pr17_scaled_7d_weighted_threshold_0_9_18,a41727d6-20d6-4b81-961f-915ca3bf2196,8f2ee531-41f7-4433-a49a-712adb50c585,2026-03-16 16:13:10.493301+00:00,approved,4,0.0,5,False,1.0,False,9.0
E_pr17_scaled_7d_weighted_threshold_0_9_18,1e4a525f-8ed6-4ac1-9209-53b24434739b,a57f0fd6-6977-43c3-86bb-cd34ef2a7a29,2026-03-16 16:37:45.247056+00:00,approved,1,38.0,1,True,,True,0.0
E_pr17_scaled_7d_weighted_threshold_0_9_18,66c9a1a9-81d1-4976-80bb-bebfae5be88e,a57f0fd6-6977-43c3-86bb-cd34ef2a7a29,2026-03-16 16:53:37.868843+00:00,approved,1,38.0,2,True,,True,0.0
E_pr17_scaled_7d_weighted_threshold_0_9_18,4aaa6014-d8b3-45dd-ba59-8b49c9948665,36e75d85-db7f-499d-8d6b-ee983421a046,2026-03-16 17:41:51.212050+00:00,approved,2,0.0,0,True,1.0,False,9.0
E_pr17_scaled_7d_weighted_threshold_0_9_18,4b1e0615-6f87-4a75-9a64-5fab90bd763a,36e75d85-db7f-499d-8d6b-ee983421a046,2026-03-16 17:50:35.625234+00:00,pending,0,0.0,1,False,1.0,False,9.0
E_pr17_scaled_7d_weighted_threshold_0_9_18,c449a355-4fae-426f-98cb-1b5538b688d5,36e75d85-db7f-499d-8d6b-ee983421a046,2026-03-16 17:55:09.206859+00:00,approved,1,0.0,2,False,1.0,False,9.0
E_pr17_scaled_7d_weighted_threshold_0_9_18,21114c30-137b-4f51-b197-eef3673caadd,36e75d85-db7f-499d-8d6b-ee983421a046,2026-03-16 17:58:34.654377+00:00,approved,2,0.0,3,False,1.0,False,9.0
E_pr17_scaled_7d_weighted_threshold_0_9_18,1c66ddd2-7036-4c2f-a514-234b6fc453c5,36e75d85-db7f-499d-8d6b-ee983421a046,2026-03-16 18:04:20.908920+00:00,approved,1,0.0,4,False,1.0,False,9.0
E_pr17_scaled_7d_weighted_threshold_0_9_18,8b6021d1-ac56-4778-8a6f-6ed1a30138ca,36e75d85-db7f-499d-8d6b-ee983421a046,2026-03-16 18:08:15.920953+00:00,pending,0,0.0,5,False,1.0,False,9.0
E_pr17_scaled_7d_weighted_threshold_0_9_18,e267eb2b-9598-4f0f-9fba-a07fb73b5173,36e75d85-db7f-499d-8d6b-ee983421a046,2026-03-16 18:12:11.007718+00:00,pending,0,0.0,6,False,1.0,False,9.0
E_pr17_scaled_7d_weighted_threshold_0_9_18,433c9453-c3ee-4ada-b85a-441711c227c5,36e75d85-db7f-499d-8d6b-ee983421a046,2026-03-16 18:26:38.197371+00:00,pending,-1,3.0,7,False,1.0,False,6.0
E_pr17_scaled_7d_weighted_threshold_0_9_18,5d62e42e-fc95-403a-b265-dd56eb40b260,36e75d85-db7f-499d-8d6b-ee983421a046,2026-03-16 18:28:42.441781+00:00,approved,1,3.0,8,False,1.0,False,6.0
E_pr17_scaled_7d_weighted_threshold_0_9_18,63a6fc40-0d1e-4fde-9cd6-50f41df5ffc6,36e75d85-db7f-499d-8d6b-ee983421a046,2026-03-16 19:32:00.877372+00:00,pending,1,3.0,9,False,1.0,False,6.0
E_pr17_scaled_7d_weighted_threshold_0_9_18,a58b2fdd-5377-41f3-8e14-d8a793af1942,36e75d85-db7f-499d-8d6b-ee983421a046,2026-03-16 20:00:55.490116+00:00,pending,0,3.0,10,False,1.0,False,6.0
E_pr17_scaled_7d_weighted_threshold_0_9_18,2f9a9db3-10e4-4ae3-bd86-bfd2041bfeb1,36e75d85-db7f-499d-8d6b-ee983421a046,2026-03-16 20:26:15.397670+00:00,approved,1,3.0,11,False,1.0,False,6.0
E_pr17_scaled_7d_weighted_threshold_0_9_18,ffcc8121-91cb-40c2-ab36-4b8f94889260,36e75d85-db7f-499d-8d6b-ee983421a046,2026-03-16 20:39:57.894230+00:00,pending,1,4.0,12,False,1.0,False,5.0
E_pr17_scaled_7d_weighted_threshold_0_9_18,f84f7d7c-802f-41ee-88ec-c8ea3073cbf5,36e75d85-db7f-499d-8d6b-ee983421a046,2026-03-16 22:38:02.462374+00:00,approved,1,7.0,13,False,1.0,False,2.0
E_pr17_scaled_7d_weighted_threshold_0_9_18,57e222a9-1143-416b-b24f-fb170a059722,36e75d85-db7f-499d-8d6b-ee983421a046,2026-03-16 22:43:43.457705+00:00,approved,1,7.0,14,False,1.0,False,2.0
E_pr17_scaled_7d_weighted_threshold_0_9_18,9faa7537-17b1-4492-8399-a67cf278e5f1,36e75d85-db7f-499d-8d6b-ee983421a046,2026-03-16 23:27:26.123294+00:00,approved,1,7.0,15,False,1.0,False,2.0
E_pr17_scaled_7d_weighted_threshold_0_9_18,9c6412f6-86a4-4932-95b1-b1aa8e604735,36e75d85-db7f-499d-8d6b-ee983421a046,2026-03-16 23:46:13.726291+00:00,approved,2,7.0,16,False,1.0,False,2.0
E_pr17_scaled_7d_weighted_threshold_0_9_18,48d8dcc8-692b-4156-aa4f-625f8aea1661,36e75d85-db7f-499d-8d6b-ee983421a046,2026-03-17 00:09:10.369848+00:00,approved,1,7.0,0,True,1.0,False,2.0
E_pr17_scaled_7d_weighted_threshold_0_9_18,c7092743-11a3-42bb-86e5-7e8117a5757f,36e75d85-db7f-499d-8d6b-ee983421a046,2026-03-17 00:14:34.852001+00:00,pending,0,7.0,1,False,1.0,False,2.0
E_pr17_scaled_7d_weighted_threshold_0_9_18,b51c9675-6b80-44f8-a229-cf44ccb88c92,36e75d85-db7f-499d-8d6b-ee983421a046,2026-03-17 00:19:54.819121+00:00,pending,0,7.0,2,False,1.0,False,2.0
E_pr17_scaled_7d_weighted_threshold_0_9_18,ee9dc332-6561-477d-af1c-22cd1384e475,a57f0fd6-6977-43c3-86bb-cd34ef2a7a29,2026-03-17 18:49:43.545135+00:00,pending,0,39.0,0,True,,True,0.0
E_pr17_scaled_7d_weighted_threshold_0_9_18,d5f1ee08-36df-40e6-8e6a-1c56e912594a,a57f0fd6-6977-43c3-86bb-cd34ef2a7a29,2026-03-17 18:58:47.606389+00:00,pending,2,39.0,1,True,,True,0.0
E_pr17_scaled_7d_weighted_threshold_0_9_18,2ea36044-6d48-4371-8c5d-d955df6d68ea,a57f0fd6-6977-43c3-86bb-cd34ef2a7a29,2026-03-17 20:20:28.233580+00:00,pending,2,42.0,2,True,,True,0.0
E_pr17_scaled_7d_weighted_threshold_0_9_18,8096ff40-3c0b-414e-a6e1-eef07aa99e7f,a57f0fd6-6977-43c3-86bb-cd34ef2a7a29,2026-03-17 20:26:15.254983+00:00,pending,2,42.0,3,True,,True,0.0
E_pr17_scaled_7d_weighted_threshold_0_9_18,418e4cd0-6103-4f1b-9eaf-69931c1674c8,a3cd0e01-82b4-4a40-bbfd-448afbe493a5,2026-03-17 21:01:19.683095+00:00,pending,0,0.0,0,True,1.0,False,9.0
E_pr17_scaled_7d_weighted_threshold_0_9_18,14752602-af47-46be-92b7-1006e2fd594c,cdbc2977-3feb-4b78-967e-7636db3986d5,2026-03-17 21:10:01.275748+00:00,pending,2,0.0,0,True,1.0,False,9.0
E_pr17_scaled_7d_weighted_threshold_0_9_18,c311b020-b9b7-4474-be49-ecb53356f56c,cdbc2977-3feb-4b78-967e-7636db3986d5,2026-03-17 21:17:04.016034+00:00,pending,3,0.0,1,False,1.0,False,9.0
E_pr17_scaled_7d_weighted_threshold_0_9_18,b397c158-17f5-4db5-aed6-af055438c82a,cdbc2977-3feb-4b78-967e-7636db3986d5,2026-03-17 21:29:05.622704+00:00,approved,2,0.0,2,False,1.0,False,9.0
E_pr17_scaled_7d_weighted_threshold_0_9_18,19fe85b3-e0df-49ba-9aaa-c48ad5b6fcf4,cdbc2977-3feb-4b78-967e-7636db3986d5,2026-03-17 21:48:12.648546+00:00,pending,0,0.0,3,False,1.0,False,9.0
E_pr17_scaled_7d_weighted_threshold_0_9_18,3427d60c-c677-4b79-bd9e-0c05512302bd,cdbc2977-3feb-4b78-967e-7636db3986d5,2026-03-17 21:54:05.533970+00:00,approved,1,0.0,4,False,1.0,False,9.0
E_pr17_scaled_7d_weighted_threshold_0_9_18,a0b62e05-8af4-4fa3-be0d-0571bc14da76,cdbc2977-3feb-4b78-967e-7636db3986d5,2026-03-17 22:10:42.802094+00:00,approved,1,0.0,5,False,1.0,False,9.0
E_pr17_scaled_7d_weighted_threshold_0_9_18,dfafca12-f628-4370-977b-59dd682e4375,cdbc2977-3feb-4b78-967e-7636db3986d5,2026-03-17 22:18:28.552148+00:00,approved,3,0.0,6,False,1.0,False,9.0
E_pr17_scaled_7d_weighted_threshold_0_9_18,3ef7bfd5-624d-4768-a779-ece5c2f129a1,cdbc2977-3feb-4b78-967e-7636db3986d5,2026-03-17 22:36:31.395437+00:00,approved,1,0.0,7,False,1.0,False,9.0
E_pr17_scaled_7d_weighted_threshold_0_9_18,0dddc6bb-3c37-4214-964c-77907c7601ea,36e75d85-db7f-499d-8d6b-ee983421a046,2026-03-18 00:58:51.421217+00:00,pending,0,13.0,0,True,2.0,False,5.0
E_pr17_scaled_7d_weighted_threshold_0_9_18,c009a013-aeed-4725-9630-a88eaa40ebac,a57f0fd6-6977-43c3-86bb-cd34ef2a7a29,2026-03-18 02:57:16.836460+00:00,approved,1,42.0,0,True,,True,0.0
E_pr17_scaled_7d_weighted_threshold_0_9_18,a3a49861-8ca9-4bd7-a8a0-7ca7c39e2ed4,a57f0fd6-6977-43c3-86bb-cd34ef2a7a29,2026-03-18 03:01:11.061988+00:00,approved,2,42.0,1,True,,True,0.0
E_pr17_scaled_7d_weighted_threshold_0_9_18,0d1e4266-0db8-4823-bca4-32ed82383bc0,69ce191d-25f7-4ae6-b5fc-26bdc90e84aa,2026-03-18 15:24:05.807237+00:00,approved,1,88.0,0,True,,True,0.0
E_pr17_scaled_7d_weighted_threshold_0_9_18,835de9cc-b5da-42e0-8f78-0c96ddcf42f6,a57f0fd6-6977-43c3-86bb-cd34ef2a7a29,2026-03-18 15:54:03.287158+00:00,approved,0,49.0,2,True,,True,0.0
E_pr17_scaled_7d_weighted_threshold_0_9_18,dae06965-2c2a-4de2-ad93-eab99d273db4,a57f0fd6-6977-43c3-86bb-cd34ef2a7a29,2026-03-18 16:05:34.392396+00:00,approved,0,49.0,3,True,,True,0.0
E_pr17_scaled_7d_weighted_threshold_0_9_18,ef677fa9-4d7e-41d4-a8d0-cdefb9b9bd52,a57f0fd6-6977-43c3-86bb-cd34ef2a7a29,2026-03-18 16:09:10.773825+00:00,approved,2,49.0,4,True,,True,0.0
E_pr17_scaled_7d_weighted_threshold_0_9_18,0484e948-9f4b-4745-ab84-5b8e2e137c97,a57f0fd6-6977-43c3-86bb-cd34ef2a7a29,2026-03-18 16:28:36.712114+00:00,approved,1,49.0,5,True,,True,0.0
E_pr17_scaled_7d_weighted_threshold_0_9_18,8d47ea60-8e9c-4e1e-9b90-308c1a5aa8dd,a57f0fd6-6977-43c3-86bb-cd34ef2a7a29,2026-03-18 16:31:51.909477+00:00,approved,-1,49.0,6,True,,True,0.0
E_pr17_scaled_7d_weighted_threshold_0_9_18,9fb0874e-d656-4c62-bc9e-793f083c4aec,36e75d85-db7f-499d-8d6b-ee983421a046,2026-03-18 17:51:39.958836+00:00,pending,0,14.0,1,True,2.0,False,4.0
E_pr17_scaled_7d_weighted_threshold_0_9_18,6111c7a3-134a-4bc6-9f9c-02d907550d59,36e75d85-db7f-499d-8d6b-ee983421a046,2026-03-18 18:06:03.180098+00:00,pending,0,14.0,2,False,2.0,False,4.0
E_pr17_scaled_7d_weighted_threshold_0_9_18,2d70c0ee-49e2-40cc-8ef4-398a015b31ba,36e75d85-db7f-499d-8d6b-ee983421a046,2026-03-18 18:13:37.334836+00:00,pending,0,14.0,3,False,2.0,False,4.0
E_pr17_scaled_7d_weighted_threshold_0_9_18,384fc819-2ab4-431d-8f75-5c0757e6b525,a57f0fd6-6977-43c3-86bb-cd34ef2a7a29,2026-03-18 18:19:02.925571+00:00,approved,1,49.0,7,True,,True,0.0
E_pr17_scaled_7d_weighted_threshold_0_9_18,66461198-07c6-48c4-ab40-a02eb5d6bde7,36e75d85-db7f-499d-8d6b-ee983421a046,2026-03-18 18:20:18.239183+00:00,pending,0,14.0,4,False,2.0,False,4.0
E_pr17_scaled_7d_weighted_threshold_0_9_18,67abe8d6-eb4b-4771-adf0-9fecffee7139,a57f0fd6-6977-43c3-86bb-cd34ef2a7a29,2026-03-19 18:29:05.346131+00:00,approved,1,49.0,0,True,,True,0.0
E_pr17_scaled_7d_weighted_threshold_0_9_18,f85ed7c0-d67c-4d5a-9dfa-09eca6f5fcf7,a57f0fd6-6977-43c3-86bb-cd34ef2a7a29,2026-03-19 18:33:07.613704+00:00,approved,0,49.0,1,True,,True,0.0
E_pr17_scaled_7d_weighted_threshold_0_9_18,9a8011df-915a-4a0d-9dcf-bd245536203d,a57f0fd6-6977-43c3-86bb-cd34ef2a7a29,2026-03-19 18:36:55.954681+00:00,approved,0,49.0,2,True,,True,0.0
E_pr17_scaled_7d_weighted_threshold_0_9_18,e67af038-f163-4b95-8d31-8c003ca8318e,a57f0fd6-6977-43c3-86bb-cd34ef2a7a29,2026-03-19 18:39:26.892431+00:00,approved,0,49.0,3,True,,True,0.0
E_pr17_scaled_7d_weighted_threshold_0_9_18,895dd77b-e931-4b45-bc3b-337dc5cab355,a57f0fd6-6977-43c3-86bb-cd34ef2a7a29,2026-03-19 18:41:22.002985+00:00,approved,0,49.0,4,True,,True,0.0
E_pr17_scaled_7d_weighted_threshold_0_9_18,8ef6e1b0-dd24-4784-8aaa-51a26340a1a9,e118f03c-0bb2-4c81-903d-b02f4aa15f26,2026-03-20 12:31:25.048261+00:00,approved,1,3.0,0,True,1.0,False,6.0
E_pr17_scaled_7d_weighted_threshold_0_9_18,d54d8072-5523-4404-9066-5ec556fea623,a57f0fd6-6977-43c3-86bb-cd34ef2a7a29,2026-03-20 13:18:19.806689+00:00,approved,0,87.0,0,True,,True,0.0
E_pr17_scaled_7d_weighted_threshold_0_9_18,a8f8e90b-bf84-4c42-80c2-7c961cb8df24,e118f03c-0bb2-4c81-903d-b02f4aa15f26,2026-03-20 20:56:09.032185+00:00,approved,2,3.0,1,False,1.0,False,6.0
E_pr17_scaled_7d_weighted_threshold_0_9_18,c3de7c3b-9136-4c78-82e3-9e478074b36e,a57f0fd6-6977-43c3-86bb-cd34ef2a7a29,2026-03-20 21:48:15.445281+00:00,approved,0,92.0,1,True,,True,0.0
E_pr17_scaled_7d_weighted_threshold_0_9_18,7ccb6046-0ee7-49bd-a053-6a31624f6266,36e75d85-db7f-499d-8d6b-ee983421a046,2026-03-21 22:03:47.611550+00:00,pending,1,32.0,0,True,,True,0.0
E_pr17_scaled_7d_weighted_threshold_0_9_18,8175e9d8-7fe3-4004-af4c-5e20150faf4f,fd9b7f36-2943-4ceb-b658-83c814782ac3,2026-03-23 16:01:44.463596+00:00,approved,3,0.0,0,True,1.0,False,9.0
E_pr17_scaled_7d_weighted_threshold_0_9_18,7a87f3fb-fb63-49df-b252-314e9c2d979f,36e75d85-db7f-499d-8d6b-ee983421a046,2026-03-23 16:19:42.291725+00:00,pending,-2,35.0,0,True,,True,0.0
E_pr17_scaled_7d_weighted_threshold_0_9_18,ccc8ddea-af31-4cf3-980e-a80c23c040bc,a57f0fd6-6977-43c3-86bb-cd34ef2a7a29,2026-03-23 20:07:13.840083+00:00,approved,1,53.0,0,True,,True,0.0
E_pr17_scaled_7d_weighted_threshold_0_9_18,9abe6a8f-e1f0-40e8-a26b-e925b5da9d7f,a57f0fd6-6977-43c3-86bb-cd34ef2a7a29,2026-03-24 00:29:00.388204+00:00,approved,1,56.0,0,True,,True,0.0
E_pr17_scaled_7d_weighted_threshold_0_9_18,d4b0dcb4-ad94-47f1-b879-9a849ea28078,ce6e5c8c-b2e1-4acd-89fe-b42fe49a86bc,2026-03-24 00:29:00.682685+00:00,approved,1,26.0,0,True,,True,0.0
E_pr17_scaled_7d_weighted_threshold_0_9_18,2f5b98a7-ba9e-46ab-8371-93d9184220b5,a57f0fd6-6977-43c3-86bb-cd34ef2a7a29,2026-03-24 00:33:38.065395+00:00,approved,2,56.0,1,True,,True,0.0
E_pr17_scaled_7d_weighted_threshold_0_9_18,46ca0aad-95f5-4fbd-960d-46f69c7e7b4b,a57f0fd6-6977-43c3-86bb-cd34ef2a7a29,2026-03-24 00:43:41.171414+00:00,approved,1,56.0,2,True,,True,0.0
E_pr17_scaled_7d_weighted_threshold_0_9_18,710898ff-ce7e-4920-a828-3896c0baecbf,e118f03c-0bb2-4c81-903d-b02f4aa15f26,2026-03-24 00:43:44.593683+00:00,approved,1,0.0,0,True,1.0,False,9.0
E_pr17_scaled_7d_weighted_threshold_0_9_18,f5f43cd0-bdfa-49aa-8f22-43ddfc5e4a7a,a57f0fd6-6977-43c3-86bb-cd34ef2a7a29,2026-03-24 00:50:19.133495+00:00,approved,0,56.0,3,True,,True,0.0
E_pr17_scaled_7d_weighted_threshold_0_9_18,cb87c5b0-2bc5-46cf-aaba-4ee6b5f589f1,a57f0fd6-6977-43c3-86bb-cd34ef2a7a29,2026-03-24 00:55:31.737668+00:00,approved,0,61.0,4,True,,True,0.0
E_pr17_scaled_7d_weighted_threshold_0_9_18,3989f0d8-2cea-4103-8c9a-27010f70bafd,a57f0fd6-6977-43c3-86bb-cd34ef2a7a29,2026-03-24 02:34:16.530377+00:00,approved,0,67.0,5,True,,True,0.0
E_pr17_scaled_7d_weighted_threshold_0_9_18,98a17281-10ba-49d5-af16-cd6992c9f9bc,a57f0fd6-6977-43c3-86bb-cd34ef2a7a29,2026-03-24 13:25:46.923702+00:00,approved,0,67.0,6,True,,True,0.0
E_pr17_scaled_7d_weighted_threshold_0_9_18,039e2055-8b61-4dbd-9999-0152e8d15509,69ce191d-25f7-4ae6-b5fc-26bdc90e84aa,2026-03-24 13:33:28.584503+00:00,approved,1,34.0,0,True,,True,0.0
E_pr17_scaled_7d_weighted_threshold_0_9_18,50486d05-3d87-4323-91b2-41d3db524ab9,68094f87-01d0-4966-aae7-21eb452e918d,2026-03-24 13:49:35.111701+00:00,approved,1,0.0,0,True,1.0,False,9.0
E_pr17_scaled_7d_weighted_threshold_0_9_18,40cb1f23-379a-4c3b-a365-9c75203aebfb,a57f0fd6-6977-43c3-86bb-cd34ef2a7a29,2026-03-24 13:58:55.232309+00:00,approved,0,67.0,7,True,,True,0.0
E_pr17_scaled_7d_weighted_threshold_0_9_18,fe24a861-b46e-4c92-b031-bf2d434efca9,a57f0fd6-6977-43c3-86bb-cd34ef2a7a29,2026-03-24 14:08:26.910264+00:00,approved,1,73.0,8,True,,True,0.0
E_pr17_scaled_7d_weighted_threshold_0_9_18,8bc389d6-4dbd-4646-a873-e09be9be7d42,f63c93e7-16f1-4495-8e5f-220cf1bd0587,2026-03-24 14:31:00.736632+00:00,approved,2,0.0,0,True,1.0,False,9.0
E_pr17_scaled_7d_weighted_threshold_0_9_18,cf6e1226-db19-48c6-919b-e6d0afad6504,f63c93e7-16f1-4495-8e5f-220cf1bd0587,2026-03-24 14:35:55.424486+00:00,approved,2,0.0,1,False,1.0,False,9.0
E_pr17_scaled_7d_weighted_threshold_0_9_18,5df003db-e875-476e-be06-c29095117b6f,ce6e5c8c-b2e1-4acd-89fe-b42fe49a86bc,2026-03-25 00:04:06.339787+00:00,approved,1,51.0,0,True,,True,0.0
E_pr17_scaled_7d_weighted_threshold_0_9_18,41792c0f-bd2b-4346-9fd0-17bba1c412b6,36e75d85-db7f-499d-8d6b-ee983421a046,2026-03-25 00:15:56.900776+00:00,approved,2,22.0,0,True,,True,0.0
E_pr17_scaled_7d_weighted_threshold_0_9_18,909fed24-4625-460b-81a3-95b29b105583,a57f0fd6-6977-43c3-86bb-cd34ef2a7a29,2026-03-25 02:43:59.972057+00:00,approved,0,86.0,0,True,,True,0.0
E_pr17_scaled_7d_weighted_threshold_0_9_18,bd7afdaf-ebe7-4255-9e0e-9626a686a9b4,68094f87-01d0-4966-aae7-21eb452e918d,2026-03-25 03:41:26.813222+00:00,approved,1,0.0,0,True,1.0,False,9.0
E_pr17_scaled_7d_weighted_threshold_0_9_18,4a15402c-a9f0-4441-846a-10155ff370b7,a57f0fd6-6977-43c3-86bb-cd34ef2a7a29,2026-03-25 03:46:24.362693+00:00,approved,1,89.0,1,True,,True,0.0
E_pr17_scaled_7d_weighted_threshold_0_9_18,48a1f266-be42-4660-8520-cf8dae598de7,a57f0fd6-6977-43c3-86bb-cd34ef2a7a29,2026-03-25 03:51:50.900434+00:00,approved,3,89.0,2,True,,True,0.0
E_pr17_scaled_7d_weighted_threshold_0_9_18,9acfb7dc-b0a8-4339-82bf-005dde6940ab,a57f0fd6-6977-43c3-86bb-cd34ef2a7a29,2026-03-25 03:59:26.187461+00:00,approved,0,89.0,3,True,,True,0.0
E_pr17_scaled_7d_weighted_threshold_0_9_18,271e9035-005a-45dc-b5eb-d8ae8b7d4737,ce6e5c8c-b2e1-4acd-89fe-b42fe49a86bc,2026-03-25 15:06:51.088392+00:00,approved,1,55.0,1,True,,True,0.0
E_pr17_scaled_7d_weighted_threshold_0_9_18,59b36345-9456-4037-bd22-7c804979f3d9,a57f0fd6-6977-43c3-86bb-cd34ef2a7a29,2026-03-25 16:04:41.051777+00:00,approved,0,82.0,4,True,,True,0.0
E_pr17_scaled_7d_weighted_threshold_0_9_18,2651bdd6-a63b-4429-ba43-76dd4213ba0a,36e75d85-db7f-499d-8d6b-ee983421a046,2026-03-25 19:21:33.255784+00:00,approved,3,17.0,1,True,2.0,False,1.0
E_pr17_scaled_7d_weighted_threshold_0_9_18,a6d143d3-15cd-4596-a6bb-36a90cc9af9d,a57f0fd6-6977-43c3-86bb-cd34ef2a7a29,2026-03-25 19:58:54.898847+00:00,approved,0,91.0,5,True,,True,0.0
E_pr17_scaled_7d_weighted_threshold_0_9_18,deaaf2c8-f914-4f34-bf79-21ab6c9307b9,a57f0fd6-6977-43c3-86bb-cd34ef2a7a29,2026-03-25 20:00:33.948670+00:00,approved,0,91.0,6,True,,True,0.0
E_pr17_scaled_7d_weighted_threshold_0_9_18,5fa1cfb2-82dd-480e-b2f0-f1565347220f,a57f0fd6-6977-43c3-86bb-cd34ef2a7a29,2026-03-25 20:04:18.047108+00:00,approved,-1,91.0,7,True,,True,0.0
E_pr17_scaled_7d_weighted_threshold_0_9_18,9b7d7d4a-86f2-4cfc-8ae5-372ac09c46e2,cdbc2977-3feb-4b78-967e-7636db3986d5,2026-03-26 00:42:44.739480+00:00,approved,1,0.0,0,True,1.0,False,9.0
E_pr17_scaled_7d_weighted_threshold_0_9_18,529a54aa-ad2d-4163-836d-ceda5273336e,cdbc2977-3feb-4b78-967e-7636db3986d5,2026-03-26 00:49:52.549284+00:00,approved,1,0.0,1,False,1.0,False,9.0
E_pr17_scaled_7d_weighted_threshold_0_9_18,7d6e2e33-ea84-4c57-b088-3eaf88ae72ae,cdbc2977-3feb-4b78-967e-7636db3986d5,2026-03-26 00:56:44.813002+00:00,approved,1,0.0,2,False,1.0,False,9.0
E_pr17_scaled_7d_weighted_threshold_0_9_18,e58dc241-590b-4397-af24-b574f45cc38a,cdbc2977-3feb-4b78-967e-7636db3986d5,2026-03-26 01:03:28.754845+00:00,approved,2,0.0,3,False,1.0,False,9.0
E_pr17_scaled_7d_weighted_threshold_0_9_18,05cca096-e76d-403e-8ff3-07ff16326292,cdbc2977-3feb-4b78-967e-7636db3986d5,2026-03-26 01:06:21.788478+00:00,approved,2,0.0,4,False,1.0,False,9.0
E_pr17_scaled_7d_weighted_threshold_0_9_18,ae18153d-1566-4101-9c30-e30a9cb50c74,cdbc2977-3feb-4b78-967e-7636db3986d5,2026-03-26 01:13:21.322766+00:00,approved,1,0.0,5,False,1.0,False,9.0
E_pr17_scaled_7d_weighted_threshold_0_9_18,ed72e73f-5e2b-44ab-b1b5-faadf0033305,cdbc2977-3feb-4b78-967e-7636db3986d5,2026-03-26 01:15:41.032953+00:00,approved,1,0.0,6,False,1.0,False,9.0
E_pr17_scaled_7d_weighted_threshold_0_9_18,4e8d55f4-97c0-48fd-8a05-4c98e1cdd508,a57f0fd6-6977-43c3-86bb-cd34ef2a7a29,2026-03-26 13:34:58.588690+00:00,approved,0,112.0,0,True,,True,0.0
E_pr17_scaled_7d_weighted_threshold_0_9_18,49a0985f-3024-46c4-83c8-397151acbd26,a57f0fd6-6977-43c3-86bb-cd34ef2a7a29,2026-03-26 14:41:41.523654+00:00,approved,-1,112.0,1,True,,True,0.0
E_pr17_scaled_7d_weighted_threshold_0_9_18,8521b44b-61ba-4e85-b88d-faca23a6f2f7,e118f03c-0bb2-4c81-903d-b02f4aa15f26,2026-03-26 15:34:29.167463+00:00,approved,3,3.0,0,True,1.0,False,6.0
E_pr17_scaled_7d_weighted_threshold_0_9_18,31227dae-0ba6-4134-979a-d792170b42d5,69ce191d-25f7-4ae6-b5fc-26bdc90e84aa,2026-03-27 14:18:40.852148+00:00,approved,0,8.0,0,True,1.0,False,1.0
E_pr17_scaled_7d_weighted_threshold_0_9_18,0cc9b2f0-8cc7-4904-b683-bca09422145e,69ce191d-25f7-4ae6-b5fc-26bdc90e84aa,2026-03-27 20:12:01.864203+00:00,approved,1,14.0,1,True,2.0,False,4.0
E_pr17_scaled_7d_weighted_threshold_0_9_18,7bc9ea61-83be-4bc4-9f8a-378e1a57ae2f,69ce191d-25f7-4ae6-b5fc-26bdc90e84aa,2026-03-27 20:17:54.998575+00:00,approved,-1,14.0,2,False,2.0,False,4.0
E_pr17_scaled_7d_weighted_threshold_0_9_18,5b20b634-e8a8-42c0-940e-225e94fc563c,69ce191d-25f7-4ae6-b5fc-26bdc90e84aa,2026-03-27 20:24:44.188316+00:00,approved,3,14.0,3,False,2.0,False,4.0
E_pr17_scaled_7d_weighted_threshold_0_9_18,9de4932a-7187-4fde-ab27-97531771c594,69ce191d-25f7-4ae6-b5fc-26bdc90e84aa,2026-03-27 20:30:35.860854+00:00,approved,1,14.0,4,False,2.0,False,4.0
E_pr17_scaled_7d_weighted_threshold_0_9_18,a903e5ec-388f-40ce-9371-6404be81c3a5,69ce191d-25f7-4ae6-b5fc-26bdc90e84aa,2026-03-27 20:39:04.859726+00:00,approved,0,14.0,5,False,2.0,False,4.0
E_pr17_scaled_7d_weighted_threshold_0_9_18,cdf5bda1-b8d1-4b10-b17e-d388781c55a1,69ce191d-25f7-4ae6-b5fc-26bdc90e84aa,2026-03-27 20:50:58.103371+00:00,approved,1,14.0,6,False,2.0,False,4.0
E_pr17_scaled_7d_weighted_threshold_0_9_18,506ef1ca-696d-4f92-981c-8c5066a1b8d7,69ce191d-25f7-4ae6-b5fc-26bdc90e84aa,2026-03-27 20:54:44.405442+00:00,approved,-2,14.0,7,False,2.0,False,4.0
E_pr17_scaled_7d_weighted_threshold_0_9_18,c14c6789-6aac-4c2c-90a0-0a067eaa1328,69ce191d-25f7-4ae6-b5fc-26bdc90e84aa,2026-03-27 20:58:24.793597+00:00,approved,1,14.0,8,False,2.0,False,4.0
E_pr17_scaled_7d_weighted_threshold_0_9_18,b8cd81c8-3ece-4072-844d-fb159d70cc2a,a57f0fd6-6977-43c3-86bb-cd34ef2a7a29,2026-03-27 21:22:03.212497+00:00,approved,0,79.0,0,True,,True,0.0
E_pr17_scaled_7d_weighted_threshold_0_9_18,662ac2e6-e1d5-4cb1-81d5-60f3eeb9a86b,cdbc2977-3feb-4b78-967e-7636db3986d5,2026-03-28 00:53:31.175200+00:00,pending,0,0.0,0,True,1.0,False,9.0
E_pr17_scaled_7d_weighted_threshold_0_9_18,9cf7d488-6117-488c-be04-b933971c02df,cdbc2977-3feb-4b78-967e-7636db3986d5,2026-03-28 00:57:48.234085+00:00,pending,0,0.0,1,False,1.0,False,9.0
E_pr17_scaled_7d_weighted_threshold_0_9_18,d1afceeb-221f-484e-9e6b-985611fc16ef,cdbc2977-3feb-4b78-967e-7636db3986d5,2026-03-28 01:03:14.354676+00:00,pending,0,0.0,2,False,1.0,False,9.0
E_pr17_scaled_7d_weighted_threshold_0_9_18,6ba03b31-d756-4c27-917c-4192b8f1eef7,cdbc2977-3feb-4b78-967e-7636db3986d5,2026-03-28 01:18:55.400944+00:00,approved,1,0.0,3,False,1.0,False,9.0
E_pr17_scaled_7d_weighted_threshold_0_9_18,920bc032-10d8-42b3-8a40-3b55dc88e9c2,cdbc2977-3feb-4b78-967e-7636db3986d5,2026-03-28 01:54:57.515224+00:00,approved,2,9.0,4,False,2.0,False,9.0
E_pr17_scaled_7d_weighted_threshold_0_9_18,be2c5375-9a79-42e1-97a1-4ef707aefb47,a57f0fd6-6977-43c3-86bb-cd34ef2a7a29,2026-03-29 01:51:24.313175+00:00,approved,1,82.0,0,True,,True,0.0
E_pr17_scaled_7d_weighted_threshold_0_9_18,788fac9b-e757-42b3-b2a0-ce6d0d84386b,69ce191d-25f7-4ae6-b5fc-26bdc90e84aa,2026-03-29 13:19:23.617782+00:00,approved,2,17.0,0,True,2.0,False,1.0
E_pr17_scaled_7d_weighted_threshold_0_9_18,4de68fbf-3d0a-4a54-b6de-421f089f46ea,69ce191d-25f7-4ae6-b5fc-26bdc90e84aa,2026-03-29 13:40:53.308702+00:00,approved,0,17.0,1,True,2.0,False,1.0
E_pr17_scaled_7d_weighted_threshold_0_9_18,00432174-df04-44d2-a021-bcb142791fba,4ce403f9-c662-4caa-8576-c10e71f01c4b,2026-03-30 06:59:43.514591+00:00,pending,2,0.0,0,True,1.0,False,9.0
E_pr17_scaled_7d_weighted_threshold_0_9_18,ee61cd00-dfca-427c-90a7-72e336c2804b,a57f0fd6-6977-43c3-86bb-cd34ef2a7a29,2026-03-30 11:28:28.135600+00:00,approved,0,82.0,0,True,,True,0.0
E_pr17_scaled_7d_weighted_threshold_0_9_18,4e7f8ea7-2678-4290-837e-129a5d805d2a,a57f0fd6-6977-43c3-86bb-cd34ef2a7a29,2026-03-30 18:03:39.990127+00:00,approved,0,82.0,1,True,,True,0.0
E_pr17_scaled_7d_weighted_threshold_0_9_18,67d2925e-aacc-408b-81d5-f0bbdbcd8f25,cdbc2977-3feb-4b78-967e-7636db3986d5,2026-03-30 20:28:39.035599+00:00,approved,1,9.0,0,True,2.0,False,9.0
E_pr17_scaled_7d_weighted_threshold_0_9_18,0b89993c-fca3-4e23-a4c0-857864547c61,a57f0fd6-6977-43c3-86bb-cd34ef2a7a29,2026-03-30 20:38:49.810654+00:00,approved,1,90.0,2,True,,True,0.0
E_pr17_scaled_7d_weighted_threshold_0_9_18,f72598fd-701b-4eff-a500-06007ceae2ba,a57f0fd6-6977-43c3-86bb-cd34ef2a7a29,2026-03-30 20:42:16.291398+00:00,approved,0,90.0,3,True,,True,0.0
E_pr17_scaled_7d_weighted_threshold_0_9_18,aff32161-e65b-4248-9059-f9f9587167e6,cdbc2977-3feb-4b78-967e-7636db3986d5,2026-03-30 20:42:26.732732+00:00,pending,0,12.0,1,True,2.0,False,6.0
E_pr17_scaled_7d_weighted_threshold_0_9_18,a346ccdb-19c6-4772-a1f9-365d904f4954,cdbc2977-3feb-4b78-967e-7636db3986d5,2026-03-30 20:44:42.548265+00:00,approved,1,12.0,2,False,2.0,False,6.0
E_pr17_scaled_7d_weighted_threshold_0_9_18,7df1ceec-a971-4f2e-b0d1-0338efd5d658,a57f0fd6-6977-43c3-86bb-cd34ef2a7a29,2026-03-30 20:46:59.231372+00:00,approved,0,90.0,4,True,,True,0.0
E_pr17_scaled_7d_weighted_threshold_0_9_18,34eaef5b-6a03-410e-9b2d-4021a9a9c1e5,a57f0fd6-6977-43c3-86bb-cd34ef2a7a29,2026-03-30 20:51:50.854584+00:00,approved,0,90.0,5,True,,True,0.0
E_pr17_scaled_7d_weighted_threshold_0_9_18,d55180e3-8b1b-4878-a4a0-e3119a620cb2,cdbc2977-3feb-4b78-967e-7636db3986d5,2026-03-30 21:14:53.192653+00:00,pending,0,12.0,3,False,2.0,False,6.0
E_pr17_scaled_7d_weighted_threshold_0_9_18,be4d9360-5665-4b0a-948f-791b10119259,cdbc2977-3feb-4b78-967e-7636db3986d5,2026-03-30 21:26:32.273001+00:00,pending,0,12.0,4,False,2.0,False,6.0
E_pr17_scaled_7d_weighted_threshold_0_9_18,d70195a4-3836-414a-81bf-469f43272d92,cdbc2977-3feb-4b78-967e-7636db3986d5,2026-03-30 21:49:45.058277+00:00,pending,0,12.0,5,False,2.0,False,6.0
E_pr17_scaled_7d_weighted_threshold_0_9_18,5b12d1fe-efd8-46f4-9560-34aaa6407c43,4ce403f9-c662-4caa-8576-c10e71f01c4b,2026-03-31 01:59:08.014041+00:00,approved,1,0.0,0,True,1.0,False,9.0
E_pr17_scaled_7d_weighted_threshold_0_9_18,7934dd1d-047f-4c64-9dcf-3f652c2d1b15,4ce403f9-c662-4caa-8576-c10e71f01c4b,2026-03-31 03:34:41.729245+00:00,pending,-1,0.0,1,False,1.0,False,9.0
E_pr17_scaled_7d_weighted_threshold_0_9_18,8cd940e6-6fb4-4d8f-a62d-d6a21905765f,4ce403f9-c662-4caa-8576-c10e71f01c4b,2026-03-31 05:46:54.929329+00:00,pending,1,0.0,2,False,1.0,False,9.0
E_pr17_scaled_7d_weighted_threshold_0_9_18,5725c07e-90ce-4d79-aac3-6735127d1b7a,4ce403f9-c662-4caa-8576-c10e71f01c4b,2026-03-31 06:02:36.104439+00:00,pending,-1,0.0,3,False,1.0,False,9.0
E_pr17_scaled_7d_weighted_threshold_0_9_18,7dd1333c-965d-46fa-8cd1-ed9b72007ce5,4ce403f9-c662-4caa-8576-c10e71f01c4b,2026-03-31 06:35:11.901306+00:00,approved,2,0.0,4,False,1.0,False,9.0
E_pr17_scaled_7d_weighted_threshold_0_9_18,7f7d6da9-f3a4-4237-be63-d847b5f3b455,a57f0fd6-6977-43c3-86bb-cd34ef2a7a29,2026-03-31 18:10:49.250948+00:00,approved,1,64.0,0,True,,True,0.0
E_pr17_scaled_7d_weighted_threshold_0_9_18,e3cf0aa2-3b6e-45a9-935b-7c56fb19885f,a57f0fd6-6977-43c3-86bb-cd34ef2a7a29,2026-03-31 20:20:24.125026+00:00,approved,1,64.0,1,True,,True,0.0
E_pr17_scaled_7d_weighted_threshold_0_9_18,5600785f-3893-4234-880e-ab0f18e03b3c,cdbc2977-3feb-4b78-967e-7636db3986d5,2026-03-31 20:24:02.325551+00:00,approved,3,25.0,0,True,,True,0.0
E_pr17_scaled_7d_weighted_threshold_0_9_18,d6b96bdb-f8f0-4c0f-a3a1-3f7006fcf69f,cdbc2977-3feb-4b78-967e-7636db3986d5,2026-03-31 20:26:49.392983+00:00,approved,2,25.0,1,True,,True,0.0
E_pr17_scaled_7d_weighted_threshold_0_9_18,f7592fa2-4687-422a-8ae9-ca3a26b929cd,cdbc2977-3feb-4b78-967e-7636db3986d5,2026-03-31 20:29:02.854148+00:00,approved,1,25.0,2,True,,True,0.0
E_pr17_scaled_7d_weighted_threshold_0_9_18,150f31af-7b42-4c71-9226-0721d60164ba,cdbc2977-3feb-4b78-967e-7636db3986d5,2026-03-31 20:33:13.261973+00:00,pending,0,25.0,3,True,,True,0.0
E_pr17_scaled_7d_weighted_threshold_0_9_18,bf1336e3-b10d-4adb-8fae-0b5406d30bbf,cdbc2977-3feb-4b78-967e-7636db3986d5,2026-03-31 20:36:56.056225+00:00,pending,0,25.0,4,True,,True,0.0
E_pr17_scaled_7d_weighted_threshold_0_9_18,078f8190-dbf5-44a0-8b08-9ceab0722247,cdbc2977-3feb-4b78-967e-7636db3986d5,2026-03-31 20:43:05.151991+00:00,pending,1,25.0,5,True,,True,0.0
E_pr17_scaled_7d_weighted_threshold_0_9_18,b365fdd7-00e7-46cd-8fe4-876074e933fa,a57f0fd6-6977-43c3-86bb-cd34ef2a7a29,2026-03-31 20:57:53.782893+00:00,approved,0,64.0,2,True,,True,0.0
E_pr17_scaled_7d_weighted_threshold_0_9_18,8a6a0f4a-875f-4cac-bce3-5c8f12d6d28e,cdbc2977-3feb-4b78-967e-7636db3986d5,2026-03-31 21:03:18.343126+00:00,pending,0,25.0,6,True,,True,0.0
E_pr17_scaled_7d_weighted_threshold_0_9_18,c4fe4383-3f4f-4d8f-8baf-e9b7eb3758cc,cdbc2977-3feb-4b78-967e-7636db3986d5,2026-03-31 21:43:37.923715+00:00,pending,2,25.0,7,True,,True,0.0
E_pr17_scaled_7d_weighted_threshold_0_9_18,f3a3cb58-e119-402e-8059-455ca8627991,4ce403f9-c662-4caa-8576-c10e71f01c4b,2026-03-31 22:01:00.940832+00:00,pending,0,1.0,5,False,1.0,False,8.0
E_pr17_scaled_7d_weighted_threshold_0_9_18,f04de763-9d17-452d-a25b-e13b6b9e35d4,4ce403f9-c662-4caa-8576-c10e71f01c4b,2026-03-31 22:50:43.428415+00:00,approved,2,1.0,6,False,1.0,False,8.0
E_pr17_scaled_7d_weighted_threshold_0_9_18,1c4a7f68-52a7-479f-ac16-a920506233cf,4ce403f9-c662-4caa-8576-c10e71f01c4b,2026-03-31 23:42:13.396359+00:00,approved,1,1.0,7,False,1.0,False,8.0
E_pr17_scaled_7d_weighted_threshold_0_9_18,e4f24900-3c94-4666-b8fa-337950d85dd6,cdbc2977-3feb-4b78-967e-7636db3986d5,2026-04-01 01:29:18.546288+00:00,approved,1,28.0,0,True,,True,0.0
E_pr17_scaled_7d_weighted_threshold_0_9_18,c03bdfeb-d916-4174-a088-ebc57cb5710c,4ce403f9-c662-4caa-8576-c10e71f01c4b,2026-04-01 01:30:57.337845+00:00,pending,0,1.0,0,True,1.0,False,8.0
E_pr17_scaled_7d_weighted_threshold_0_9_18,26f301c6-1032-4830-8a1d-8974adb5a46f,cdbc2977-3feb-4b78-967e-7636db3986d5,2026-04-01 01:34:23.308011+00:00,pending,0,28.0,1,True,,True,0.0
E_pr17_scaled_7d_weighted_threshold_0_9_18,c9160c2a-0f82-463e-ac55-531a292eaba3,cdbc2977-3feb-4b78-967e-7636db3986d5,2026-04-01 01:39:24.751857+00:00,pending,-1,28.0,2,True,,True,0.0
E_pr17_scaled_7d_weighted_threshold_0_9_18,6a5c2714-d2c1-4207-980f-683c9d2c6562,cdbc2977-3feb-4b78-967e-7636db3986d5,2026-04-01 01:46:23.481365+00:00,pending,1,28.0,3,True,,True,0.0
E_pr17_scaled_7d_weighted_threshold_0_9_18,cd5dcf31-f9c6-4480-8e0b-f65909e48a84,4ce403f9-c662-4caa-8576-c10e71f01c4b,2026-04-01 02:10:21.943587+00:00,pending,-1,2.0,1,False,1.0,False,7.0
E_pr17_scaled_7d_weighted_threshold_0_9_18,4da72f27-6d6f-4f46-94d6-42c721fe300e,4ce403f9-c662-4caa-8576-c10e71f01c4b,2026-04-01 06:13:41.760700+00:00,approved,1,5.0,2,False,1.0,False,4.0
E_pr17_scaled_7d_weighted_threshold_0_9_18,e7746b1d-9c7f-4f55-9df8-b291b48fbb2e,4ce403f9-c662-4caa-8576-c10e71f01c4b,2026-04-01 06:47:56.528688+00:00,pending,-1,5.0,3,False,1.0,False,4.0
E_pr17_scaled_7d_weighted_threshold_0_9_18,42c2175a-b8d5-42e3-b618-79dbeca4fe70,4ce403f9-c662-4caa-8576-c10e71f01c4b,2026-04-01 06:51:20.418037+00:00,approved,1,5.0,4,False,1.0,False,4.0
E_pr17_scaled_7d_weighted_threshold_0_9_18,cd5f315d-bfc8-4891-8418-68dd04735f3f,69ce191d-25f7-4ae6-b5fc-26bdc90e84aa,2026-04-01 12:11:36.117507+00:00,approved,1,25.0,0,True,,True,0.0
E_pr17_scaled_7d_weighted_threshold_0_9_18,8807163f-7635-493b-b640-2ea25f5acf07,a57f0fd6-6977-43c3-86bb-cd34ef2a7a29,2026-04-01 12:25:20.119410+00:00,approved,0,60.0,0,True,,True,0.0
E_pr17_scaled_7d_weighted_threshold_0_9_18,c8538cd4-e086-446b-99f0-6f6746eb603b,a57f0fd6-6977-43c3-86bb-cd34ef2a7a29,2026-04-01 12:30:52.667839+00:00,approved,0,60.0,1,True,,True,0.0
E_pr17_scaled_7d_weighted_threshold_0_9_18,399bdc23-c4c3-4b92-b560-baba6bf2963e,a57f0fd6-6977-43c3-86bb-cd34ef2a7a29,2026-04-01 12:49:13.751538+00:00,approved,2,63.0,2,True,,True,0.0
E_pr17_scaled_7d_weighted_threshold_0_9_18,606b1d84-efaa-43b8-95ef-24c757184970,a57f0fd6-6977-43c3-86bb-cd34ef2a7a29,2026-04-01 13:15:40.341626+00:00,approved,2,63.0,3,True,,True,0.0
E_pr17_scaled_7d_weighted_threshold_0_9_18,08b228dc-97fc-4395-bbb5-c87a382fd72a,a57f0fd6-6977-43c3-86bb-cd34ef2a7a29,2026-04-01 13:18:44.552678+00:00,approved,3,63.0,4,True,,True,0.0
E_pr17_scaled_7d_weighted_threshold_0_9_18,0d593837-5e52-49d1-814e-abf4cadfe479,e118f03c-0bb2-4c81-903d-b02f4aa15f26,2026-04-01 13:44:45.611408+00:00,approved,1,6.0,0,True,1.0,False,3.0
E_pr17_scaled_7d_weighted_threshold_0_9_18,e57dbd18-64f0-48dd-9554-b8ba9d3fed87,fd9b7f36-2943-4ceb-b658-83c814782ac3,2026-04-01 14:00:53.691342+00:00,approved,2,0.0,0,True,1.0,False,9.0
E_pr17_scaled_7d_weighted_threshold_0_9_18,0596b538-e408-4864-9f50-202e356eb492,a57f0fd6-6977-43c3-86bb-cd34ef2a7a29,2026-04-01 14:04:55.895077+00:00,approved,1,70.0,5,True,,True,0.0
E_pr17_scaled_7d_weighted_threshold_0_9_18,957b99dc-a63f-4a41-a36c-aab8491473dd,fd9b7f36-2943-4ceb-b658-83c814782ac3,2026-04-01 14:32:23.911170+00:00,approved,1,0.0,1,False,1.0,False,9.0
E_pr17_scaled_7d_weighted_threshold_0_9_18,b66e8a20-ccdd-4d2a-8b10-38e16a7835ae,fd9b7f36-2943-4ceb-b658-83c814782ac3,2026-04-01 14:41:54.514284+00:00,approved,1,0.0,2,False,1.0,False,9.0
E_pr17_scaled_7d_weighted_threshold_0_9_18,3044c66d-4008-415b-af59-dee03a16df46,fd9b7f36-2943-4ceb-b658-83c814782ac3,2026-04-01 14:49:19.735910+00:00,approved,2,0.0,3,False,1.0,False,9.0
E_pr17_scaled_7d_weighted_threshold_0_9_18,047cb2c4-d749-4d46-9032-14b47b06b4cb,fd9b7f36-2943-4ceb-b658-83c814782ac3,2026-04-01 20:41:19.248054+00:00,approved,2,11.0,4,False,2.0,False,7.0
E_pr17_scaled_7d_weighted_threshold_0_9_18,018ae8b7-87b0-45ba-83a4-a6e04db42692,fd9b7f36-2943-4ceb-b658-83c814782ac3,2026-04-01 22:57:51.666273+00:00,approved,2,21.0,5,True,,True,0.0
E_pr17_scaled_7d_weighted_threshold_0_9_18,47d010f4-997f-48bc-a3e9-323050ebdb4d,a57f0fd6-6977-43c3-86bb-cd34ef2a7a29,2026-04-02 00:22:15.509691+00:00,pending,2,86.0,0,True,,True,0.0
E_pr17_scaled_7d_weighted_threshold_0_9_18,c4154a9f-2da6-40cf-a198-a48326bb73f4,fd9b7f36-2943-4ceb-b658-83c814782ac3,2026-04-02 01:11:32.041307+00:00,approved,2,32.0,0,True,,True,0.0
E_pr17_scaled_7d_weighted_threshold_0_9_18,12300b25-b197-415c-a274-cec66e904e00,fd9b7f36-2943-4ceb-b658-83c814782ac3,2026-04-02 02:16:41.962346+00:00,approved,3,44.0,1,True,,True,0.0
E_pr17_scaled_7d_weighted_threshold_0_9_18,9244688f-635d-41c3-b510-99e06c485b98,fd9b7f36-2943-4ceb-b658-83c814782ac3,2026-04-02 03:20:08.389727+00:00,pending,-1,54.0,2,True,,True,0.0
E_pr17_scaled_7d_weighted_threshold_0_9_18,7b423646-314f-4b5d-b7d8-7594dd2e866e,a57f0fd6-6977-43c3-86bb-cd34ef2a7a29,2026-04-02 03:26:08.458871+00:00,pending,0,90.0,1,True,,True,0.0
E_pr17_scaled_7d_weighted_threshold_0_9_18,aedbe598-910f-42c5-88a7-14659d933b8f,fd9b7f36-2943-4ceb-b658-83c814782ac3,2026-04-02 03:46:58.986955+00:00,approved,2,65.0,3,True,,True,0.0
E_pr17_scaled_7d_weighted_threshold_0_9_18,594148de-e785-473d-a6b0-cd51dbd1e652,a57f0fd6-6977-43c3-86bb-cd34ef2a7a29,2026-04-02 03:53:24.392373+00:00,approved,2,95.0,2,True,,True,0.0
E_pr17_scaled_7d_weighted_threshold_0_9_18,6ea78b7c-bd8a-4a77-a7ca-3a4f0708d8a4,fd9b7f36-2943-4ceb-b658-83c814782ac3,2026-04-02 04:17:41.448007+00:00,approved,4,76.0,4,True,,True,0.0
E_pr17_scaled_7d_weighted_threshold_0_9_18,8435f474-6db5-432c-bcf2-b6136365bb39,4ce403f9-c662-4caa-8576-c10e71f01c4b,2026-04-02 06:05:33.982550+00:00,approved,2,15.0,0,True,2.0,False,3.0
E_pr17_scaled_7d_weighted_threshold_0_9_18,aed25b1e-60fd-49f2-b039-86ff426c2586,60264769-e015-4dba-b2f4-6bfdffed12b3,2026-04-02 11:58:32.266106+00:00,approved,3,20.0,0,True,,True,0.0
E_pr17_scaled_7d_weighted_threshold_0_9_18,69d90c73-d0cc-45fe-836b-9c58cfadb029,a57f0fd6-6977-43c3-86bb-cd34ef2a7a29,2026-04-02 12:27:19.740605+00:00,pending,0,95.0,3,True,,True,0.0
E_pr17_scaled_7d_weighted_threshold_0_9_18,f809db60-c27d-41f2-afd8-d346412f6734,a57f0fd6-6977-43c3-86bb-cd34ef2a7a29,2026-04-02 13:41:30.321714+00:00,pending,3,95.0,4,True,,True,0.0
E_pr17_scaled_7d_weighted_threshold_0_9_18,754557ee-3ddb-440c-a47d-b1e0815e0066,a57f0fd6-6977-43c3-86bb-cd34ef2a7a29,2026-04-02 14:03:37.718179+00:00,pending,0,95.0,5,True,,True,0.0
E_pr17_scaled_7d_weighted_threshold_0_9_18,61de7a3e-4e36-444c-965e-031d55bddde0,a57f0fd6-6977-43c3-86bb-cd34ef2a7a29,2026-04-02 14:14:13.354762+00:00,pending,0,95.0,6,True,,True,0.0
E_pr17_scaled_7d_weighted_threshold_0_9_18,b5014bfa-2df8-45fe-bb96-4ea7f84c4753,fd9b7f36-2943-4ceb-b658-83c814782ac3,2026-04-02 14:29:51.438084+00:00,approved,2,88.0,5,True,,True,0.0
E_pr17_scaled_7d_weighted_threshold_0_9_18,2537b9f3-bc4d-4093-9156-ec03a414b729,fd9b7f36-2943-4ceb-b658-83c814782ac3,2026-04-02 14:35:46.954194+00:00,approved,3,88.0,6,True,,True,0.0
E_pr17_scaled_7d_weighted_threshold_0_9_18,68a4975d-f7e0-4380-9021-5fa359464f37,fd9b7f36-2943-4ceb-b658-83c814782ac3,2026-04-02 15:03:22.036503+00:00,pending,1,88.0,7,True,,True,0.0
E_pr17_scaled_7d_weighted_threshold_0_9_18,7d38c07a-ef26-4d6f-813d-a47a1c405e48,fd9b7f36-2943-4ceb-b658-83c814782ac3,2026-04-02 15:08:37.601899+00:00,pending,1,88.0,8,True,,True,0.0
E_pr17_scaled_7d_weighted_threshold_0_9_18,e0b80bb7-71c4-4f6a-8618-386b524c5da0,a57f0fd6-6977-43c3-86bb-cd34ef2a7a29,2026-04-02 15:10:27.817668+00:00,pending,0,106.0,7,True,,True,0.0
E_pr17_scaled_7d_weighted_threshold_0_9_18,e687d8fb-d481-4f2f-b514-22e30ad3daea,a57f0fd6-6977-43c3-86bb-cd34ef2a7a29,2026-04-02 15:20:33.768218+00:00,pending,1,106.0,8,True,,True,0.0
E_pr17_scaled_7d_weighted_threshold_0_9_18,60457793-86a9-4b09-aaac-6af1d4e12add,a57f0fd6-6977-43c3-86bb-cd34ef2a7a29,2026-04-02 15:26:05.608653+00:00,pending,1,106.0,9,True,,True,0.0
E_pr17_scaled_7d_weighted_threshold_0_9_18,28624342-9eed-4cf6-a81f-b560acc8ed8c,fd9b7f36-2943-4ceb-b658-83c814782ac3,2026-04-02 15:27:39.085063+00:00,approved,1,88.0,9,True,,True,0.0
E_pr17_scaled_7d_weighted_threshold_0_9_18,07fbb638-210d-484e-aad7-2677d744c76f,a57f0fd6-6977-43c3-86bb-cd34ef2a7a29,2026-04-02 15:32:51.390694+00:00,rejected,0,106.0,10,True,,True,0.0
E_pr17_scaled_7d_weighted_threshold_0_9_18,dd5efadf-e3b7-4e46-bff1-ccd718456500,fd9b7f36-2943-4ceb-b658-83c814782ac3,2026-04-02 15:35:30.473144+00:00,approved,2,88.0,10,True,,True,0.0
E_pr17_scaled_7d_weighted_threshold_0_9_18,48adc6a9-4e27-4a67-adef-85df32250213,fd9b7f36-2943-4ceb-b658-83c814782ac3,2026-04-02 15:42:48.130369+00:00,pending,0,88.0,11,True,,True,0.0
E_pr17_scaled_7d_weighted_threshold_0_9_18,05e82829-9f6d-4200-9c30-570df20636ef,fd9b7f36-2943-4ceb-b658-83c814782ac3,2026-04-02 15:47:33.074740+00:00,pending,1,88.0,12,True,,True,0.0
E_pr17_scaled_7d_weighted_threshold_0_9_18,c3da5793-18c1-4758-b50e-4ea08b468bb2,fd9b7f36-2943-4ceb-b658-83c814782ac3,2026-04-02 16:06:51.093054+00:00,pending,1,88.0,13,True,,True,0.0
E_pr17_scaled_7d_weighted_threshold_0_9_18,94e3f04c-b673-46e5-aea5-4f14d1c1fe84,fd9b7f36-2943-4ceb-b658-83c814782ac3,2026-04-02 16:12:29.834661+00:00,pending,1,88.0,14,True,,True,0.0
E_pr17_scaled_7d_weighted_threshold_0_9_18,6fbaac12-47f9-4d3d-8a02-d63316e1fa6e,fd9b7f36-2943-4ceb-b658-83c814782ac3,2026-04-02 19:03:34.671735+00:00,pending,1,88.0,15,True,,True,0.0
E_pr17_scaled_7d_weighted_threshold_0_9_18,7538e10c-eca9-48d6-8bcf-329f7b9a4995,fd9b7f36-2943-4ceb-b658-83c814782ac3,2026-04-02 19:12:49.866848+00:00,pending,1,88.0,16,True,,True,0.0
E_pr17_scaled_7d_weighted_threshold_0_9_18,ed7478e8-54dc-420e-a8f3-d00f0aae55b1,fd9b7f36-2943-4ceb-b658-83c814782ac3,2026-04-02 20:12:14.272226+00:00,pending,1,88.0,17,True,,True,0.0
E_pr17_scaled_7d_weighted_threshold_0_9_18,fb386339-7c81-4b1f-87fa-9f0a91b4b54a,fd9b7f36-2943-4ceb-b658-83c814782ac3,2026-04-02 20:20:42.756171+00:00,approved,1,88.0,18,True,,True,0.0
E_pr17_scaled_7d_weighted_threshold_0_9_18,ddf53381-f643-4aa7-9c18-eee143162a2c,fd9b7f36-2943-4ceb-b658-83c814782ac3,2026-04-02 20:48:51.345377+00:00,pending,1,88.0,19,True,,True,0.0
E_pr17_scaled_7d_weighted_threshold_0_9_18,f015b413-a37d-495a-ac9c-e93dc4918523,fd9b7f36-2943-4ceb-b658-83c814782ac3,2026-04-02 21:00:21.434388+00:00,approved,3,88.0,20,True,,True,0.0
E_pr17_scaled_7d_weighted_threshold_0_9_18,1fb4fab8-cafc-4b64-8054-a70ff66a090f,fd9b7f36-2943-4ceb-b658-83c814782ac3,2026-04-02 21:03:36.178992+00:00,approved,3,88.0,21,True,,True,0.0
E_pr17_scaled_7d_weighted_threshold_0_9_18,96f6ff4b-d250-47c5-a608-ddd1506c6bd2,a57f0fd6-6977-43c3-86bb-cd34ef2a7a29,2026-04-02 21:04:34.221672+00:00,pending,1,107.0,11,True,,True,0.0
E_pr17_scaled_7d_weighted_threshold_0_9_18,c66bd2a2-e61c-4abf-9cad-36ce19f2ba85,4ce403f9-c662-4caa-8576-c10e71f01c4b,2026-04-02 22:00:24.019440+00:00,approved,1,51.0,1,True,,True,0.0
E_pr17_scaled_7d_weighted_threshold_0_9_18,bbe47b48-71fe-4f88-bfe3-e1f48818ad37,4ce403f9-c662-4caa-8576-c10e71f01c4b,2026-04-02 22:55:28.659376+00:00,pending,0,51.0,2,True,,True,0.0
E_pr17_scaled_7d_weighted_threshold_0_9_18,0267ae46-c20c-4071-95e9-0ff88a9ece8f,4ce403f9-c662-4caa-8576-c10e71f01c4b,2026-04-02 23:01:18.725122+00:00,approved,1,51.0,3,True,,True,0.0
E_pr17_scaled_7d_weighted_threshold_0_9_18,cc8bfadb-f186-400a-8681-7b408be370e3,4ce403f9-c662-4caa-8576-c10e71f01c4b,2026-04-02 23:38:46.870947+00:00,pending,0,51.0,4,True,,True,0.0
E_pr17_scaled_7d_weighted_threshold_0_9_18,6e7ef973-6252-427c-9513-fe0955adce5b,4ce403f9-c662-4caa-8576-c10e71f01c4b,2026-04-02 23:49:18.605339+00:00,pending,0,51.0,5,True,,True,0.0
E_pr17_scaled_7d_weighted_threshold_0_9_18,0f4a173d-2e06-4b22-905b-43fbb8d74d4b,4ce403f9-c662-4caa-8576-c10e71f01c4b,2026-04-02 23:52:04.661510+00:00,pending,0,51.0,6,True,,True,0.0
E_pr17_scaled_7d_weighted_threshold_0_9_18,5596201d-6a5b-4a5e-80de-8910f05b5a10,4ce403f9-c662-4caa-8576-c10e71f01c4b,2026-04-02 23:55:06.653973+00:00,pending,0,51.0,7,True,,True,0.0
E_pr17_scaled_7d_weighted_threshold_0_9_18,4af01bf0-135e-48e0-94d9-fe0a270a9404,4ce403f9-c662-4caa-8576-c10e71f01c4b,2026-04-02 23:57:36.854359+00:00,pending,0,51.0,8,True,,True,0.0
E_pr17_scaled_7d_weighted_threshold_0_9_18,66b09d28-15a6-4b66-8a4b-28a7773b7953,4ce403f9-c662-4caa-8576-c10e71f01c4b,2026-04-03 00:17:21.893646+00:00,pending,2,60.0,0,True,,True,0.0
E_pr17_scaled_7d_weighted_threshold_0_9_18,e3eea416-e0a2-4953-8977-869eafb6c355,4ce403f9-c662-4caa-8576-c10e71f01c4b,2026-04-03 06:35:04.424526+00:00,pending,0,69.0,1,True,,True,0.0
E_pr17_scaled_7d_weighted_threshold_0_9_18,996c89f0-177b-43b1-8252-60b346c78bd6,4ce403f9-c662-4caa-8576-c10e71f01c4b,2026-04-03 06:42:21.047785+00:00,pending,0,69.0,2,True,,True,0.0
E_pr17_scaled_7d_weighted_threshold_0_9_18,ef462d91-2d83-4acf-a6f7-8abad2744856,4ce403f9-c662-4caa-8576-c10e71f01c4b,2026-04-03 06:52:20.285591+00:00,pending,1,69.0,3,True,,True,0.0
E_pr17_scaled_7d_weighted_threshold_0_9_18,641522c1-8f0b-4b68-a4b0-2a883cf07321,4ce403f9-c662-4caa-8576-c10e71f01c4b,2026-04-03 07:11:19.151774+00:00,approved,1,69.0,4,True,,True,0.0
E_pr17_scaled_7d_weighted_threshold_0_9_18,d5ec5e8a-80bb-4f6d-8b69-ae3e0db13986,4ce403f9-c662-4caa-8576-c10e71f01c4b,2026-04-03 07:21:11.190958+00:00,approved,1,69.0,5,True,,True,0.0
E_pr17_scaled_7d_weighted_threshold_0_9_18,b938d7f0-383a-4aec-8cc3-f6889cb94d2a,4ce403f9-c662-4caa-8576-c10e71f01c4b,2026-04-03 07:29:34.429285+00:00,approved,1,69.0,6,True,,True,0.0
E_pr17_scaled_7d_weighted_threshold_0_9_18,c7c4a630-2143-467e-a791-39c5f22d4944,4ce403f9-c662-4caa-8576-c10e71f01c4b,2026-04-03 07:42:42.221449+00:00,approved,1,69.0,7,True,,True,0.0
E_pr17_scaled_7d_weighted_threshold_0_9_18,2a76ef0b-eac8-41c7-905d-1d00ddcc76ad,4ce403f9-c662-4caa-8576-c10e71f01c4b,2026-04-03 07:50:07.155085+00:00,pending,1,69.0,8,True,,True,0.0
E_pr17_scaled_7d_weighted_threshold_0_9_18,a4915154-ebf7-493a-98fc-98642b777d58,cdbc2977-3feb-4b78-967e-7636db3986d5,2026-04-03 12:49:56.084612+00:00,approved,1,57.0,0,True,,True,0.0
E_pr17_scaled_7d_weighted_threshold_0_9_18,ee7c8d2f-cacb-4888-800d-3d7ad12616cc,cdbc2977-3feb-4b78-967e-7636db3986d5,2026-04-03 12:58:12.626244+00:00,approved,1,57.0,1,True,,True,0.0
E_pr17_scaled_7d_weighted_threshold_0_9_18,d804e43e-f767-40c9-97b5-18926c81a87a,cdbc2977-3feb-4b78-967e-7636db3986d5,2026-04-03 13:13:52.696361+00:00,pending,0,57.0,2,True,,True,0.0
E_pr17_scaled_7d_weighted_threshold_0_9_18,1500e9df-7a3b-4aa5-826a-9b84a46d112b,cdbc2977-3feb-4b78-967e-7636db3986d5,2026-04-03 13:22:13.207429+00:00,pending,0,57.0,3,True,,True,0.0
E_pr17_scaled_7d_weighted_threshold_0_9_18,a35dba67-2364-4128-bfe9-d604fc968fd9,a57f0fd6-6977-43c3-86bb-cd34ef2a7a29,2026-04-03 13:31:09.411243+00:00,pending,1,134.0,0,True,,True,0.0
E_pr17_scaled_7d_weighted_threshold_0_9_18,2bf0597e-eb3a-44ee-b501-ff1e007f43d5,cdbc2977-3feb-4b78-967e-7636db3986d5,2026-04-03 21:02:12.691450+00:00,pending,2,58.0,4,True,,True,0.0
E_pr17_scaled_7d_weighted_threshold_0_9_18,d048b407-a504-4fe8-a492-2eece7147796,68094f87-01d0-4966-aae7-21eb452e918d,2026-04-03 22:34:17.329054+00:00,approved,1,23.0,0,True,,True,0.0
E_pr17_scaled_7d_weighted_threshold_0_9_18,595e9508-6dec-41f3-81c9-16025ad09dd0,4ce403f9-c662-4caa-8576-c10e71f01c4b,2026-04-03 23:31:50.582049+00:00,approved,1,75.0,9,True,,True,0.0
E_pr17_scaled_7d_weighted_threshold_0_9_18,6e411a74-d4bb-4d46-87a1-884a60808f5d,4ce403f9-c662-4caa-8576-c10e71f01c4b,2026-04-03 23:49:35.761407+00:00,approved,1,75.0,10,True,,True,0.0
E_pr17_scaled_7d_weighted_threshold_0_9_18,6155bd7f-1849-4d19-9ae0-73370015b6b8,4ce403f9-c662-4caa-8576-c10e71f01c4b,2026-04-04 00:20:45.324255+00:00,pending,0,84.0,0,True,,True,0.0
E_pr17_scaled_7d_weighted_threshold_0_9_18,80b0123a-2fb9-4483-9116-a3cdc7ec6dc4,4ce403f9-c662-4caa-8576-c10e71f01c4b,2026-04-04 00:29:04.106321+00:00,pending,0,93.0,1,True,,True,0.0
E_pr17_scaled_7d_weighted_threshold_0_9_18,07e2310f-c1d8-4d9e-851f-6900d29df881,4ce403f9-c662-4caa-8576-c10e71f01c4b,2026-04-04 00:45:06.007223+00:00,approved,1,93.0,2,True,,True,0.0
E_pr17_scaled_7d_weighted_threshold_0_9_18,f6d230fd-898e-41a9-9746-b3043d5deccb,4ce403f9-c662-4caa-8576-c10e71f01c4b,2026-04-04 00:57:10.913673+00:00,pending,-1,93.0,3,True,,True,0.0
E_pr17_scaled_7d_weighted_threshold_0_9_18,54d84fa7-62f9-418b-bf56-7b00c31baa24,4ce403f9-c662-4caa-8576-c10e71f01c4b,2026-04-04 01:12:40.420062+00:00,approved,1,93.0,4,True,,True,0.0
E_pr17_scaled_7d_weighted_threshold_0_9_18,b77390c8-efa9-4c7a-afe1-2c276252e22b,4ce403f9-c662-4caa-8576-c10e71f01c4b,2026-04-04 01:20:27.147637+00:00,pending,1,93.0,5,True,,True,0.0
E_pr17_scaled_7d_weighted_threshold_0_9_18,f5c9980f-5ddf-4029-a3f7-1cd0493bf794,4ce403f9-c662-4caa-8576-c10e71f01c4b,2026-04-04 02:56:42.333439+00:00,approved,1,96.0,6,True,,True,0.0
E_pr17_scaled_7d_weighted_threshold_0_9_18,8209cd5b-28e0-43d0-af19-410fadcca6db,4ce403f9-c662-4caa-8576-c10e71f01c4b,2026-04-04 03:08:35.068382+00:00,approved,1,96.0,7,True,,True,0.0
E_pr17_scaled_7d_weighted_threshold_0_9_18,9953d1ec-7be6-425d-8b9c-57e19551a704,4ce403f9-c662-4caa-8576-c10e71f01c4b,2026-04-04 03:40:55.787998+00:00,approved,1,96.0,8,True,,True,0.0
E_pr17_scaled_7d_weighted_threshold_0_9_18,af979dfd-1137-49f0-96a4-898c512e789f,fd9b7f36-2943-4ceb-b658-83c814782ac3,2026-04-04 05:00:15.738432+00:00,pending,1,112.0,0,True,,True,0.0
E_pr17_scaled_7d_weighted_threshold_0_9_18,e8999221-7cf3-43bb-8d26-6c1fd19e9aed,fd9b7f36-2943-4ceb-b658-83c814782ac3,2026-04-04 05:06:45.538998+00:00,pending,1,112.0,1,True,,True,0.0
E_pr17_scaled_7d_weighted_threshold_0_9_18,cd74add1-1863-4364-86dc-2567c80cd3d7,fd9b7f36-2943-4ceb-b658-83c814782ac3,2026-04-04 05:15:56.234550+00:00,approved,2,113.0,2,True,,True,0.0
E_pr17_scaled_7d_weighted_threshold_0_9_18,9cb4c561-2fda-44af-9e30-1cc83ef9a9e4,fd9b7f36-2943-4ceb-b658-83c814782ac3,2026-04-04 05:24:24.333155+00:00,pending,1,113.0,3,True,,True,0.0
E_pr17_scaled_7d_weighted_threshold_0_9_18,0cf88b99-2427-42c9-9b29-bef337f8be9d,fd9b7f36-2943-4ceb-b658-83c814782ac3,2026-04-04 05:33:02.696552+00:00,approved,2,113.0,4,True,,True,0.0
E_pr17_scaled_7d_weighted_threshold_0_9_18,28d0f223-498b-4aeb-a392-a63b8b24dab2,fd9b7f36-2943-4ceb-b658-83c814782ac3,2026-04-04 05:39:54.861459+00:00,approved,1,113.0,5,True,,True,0.0
E_pr17_scaled_7d_weighted_threshold_0_9_18,79f0b272-93e9-4f14-bdfc-511045f14ea7,fd9b7f36-2943-4ceb-b658-83c814782ac3,2026-04-04 05:55:45.983612+00:00,pending,1,113.0,6,True,,True,0.0
E_pr17_scaled_7d_weighted_threshold_0_9_18,02b5e106-b701-4655-b445-3d43f7da7876,fd9b7f36-2943-4ceb-b658-83c814782ac3,2026-04-04 06:15:27.955761+00:00,approved,2,113.0,7,True,,True,0.0
E_pr17_scaled_7d_weighted_threshold_0_9_18,1a223481-c4a6-4217-855c-6741dd0744a1,4ce403f9-c662-4caa-8576-c10e71f01c4b,2026-04-04 06:27:26.216422+00:00,approved,2,99.0,9,True,,True,0.0
E_pr17_scaled_7d_weighted_threshold_0_9_18,d5664a8a-8b9b-4661-a5fe-5393d6b50cf4,4ce403f9-c662-4caa-8576-c10e71f01c4b,2026-04-04 06:59:51.709528+00:00,approved,3,103.0,10,True,,True,0.0
E_pr17_scaled_7d_weighted_threshold_0_9_18,888eb6df-d596-42ab-83bb-b5d188312d3e,4ce403f9-c662-4caa-8576-c10e71f01c4b,2026-04-04 07:09:15.937044+00:00,pending,1,103.0,11,True,,True,0.0
E_pr17_scaled_7d_weighted_threshold_0_9_18,72a5ad2a-1cd3-454e-812b-2537998c12cd,4ce403f9-c662-4caa-8576-c10e71f01c4b,2026-04-04 07:36:21.827961+00:00,approved,2,103.0,12,True,,True,0.0
E_pr17_scaled_7d_weighted_threshold_0_9_18,1c54a2cf-d893-426e-870d-e0e5c3035b30,cdbc2977-3feb-4b78-967e-7636db3986d5,2026-04-04 13:51:29.205949+00:00,pending,0,68.0,0,True,,True,0.0
E_pr17_scaled_7d_weighted_threshold_0_9_18,f0349c75-43c2-4673-b279-55079c79e162,cdbc2977-3feb-4b78-967e-7636db3986d5,2026-04-04 13:56:14.488072+00:00,pending,0,68.0,1,True,,True,0.0
E_pr17_scaled_7d_weighted_threshold_0_9_18,1889f111-4475-4e41-807c-024110eec4f3,cdbc2977-3feb-4b78-967e-7636db3986d5,2026-04-04 16:19:26.735483+00:00,pending,1,68.0,2,True,,True,0.0
E_pr17_scaled_7d_weighted_threshold_0_9_18,d0d298bf-95d8-4093-b991-f51c9f5cadb0,a57f0fd6-6977-43c3-86bb-cd34ef2a7a29,2026-04-04 16:42:27.283839+00:00,pending,0,157.0,0,True,,True,0.0
E_pr17_scaled_7d_weighted_threshold_0_9_18,ffcdcdbf-f956-402c-888a-526d0a56bcbf,a57f0fd6-6977-43c3-86bb-cd34ef2a7a29,2026-04-04 16:47:13.564959+00:00,pending,0,157.0,1,True,,True,0.0
E_pr17_scaled_7d_weighted_threshold_0_9_18,a6000878-affc-49e7-a29d-ec47ff8d9727,fd9b7f36-2943-4ceb-b658-83c814782ac3,2026-04-04 16:48:26.184012+00:00,pending,1,115.0,8,True,,True,0.0
E_pr17_scaled_7d_weighted_threshold_0_9_18,aa38dbdb-517f-4a6c-8fa3-a314e1d262bf,a57f0fd6-6977-43c3-86bb-cd34ef2a7a29,2026-04-04 16:51:07.557220+00:00,pending,0,157.0,2,True,,True,0.0
E_pr17_scaled_7d_weighted_threshold_0_9_18,ee877acd-baaf-4342-b34a-a8d5cfd19840,a57f0fd6-6977-43c3-86bb-cd34ef2a7a29,2026-04-04 16:54:55.300756+00:00,pending,0,157.0,3,True,,True,0.0
E_pr17_scaled_7d_weighted_threshold_0_9_18,2e78c097-7b41-4c6d-85ee-087bb3b1bcb1,fd9b7f36-2943-4ceb-b658-83c814782ac3,2026-04-04 17:01:29.948654+00:00,pending,1,115.0,9,True,,True,0.0
E_pr17_scaled_7d_weighted_threshold_0_9_18,373912d9-ffb4-4760-8853-7512c64ce1f0,fd9b7f36-2943-4ceb-b658-83c814782ac3,2026-04-04 17:39:33.018229+00:00,pending,0,115.0,10,True,,True,0.0
E_pr17_scaled_7d_weighted_threshold_0_9_18,dffd1b1f-84bd-4285-b0a3-2a7c0e5f36ef,fd9b7f36-2943-4ceb-b658-83c814782ac3,2026-04-04 17:47:02.449508+00:00,approved,2,115.0,11,True,,True,0.0
E_pr17_scaled_7d_weighted_threshold_0_9_18,f97ced0b-3518-4a8c-b151-8608a14a2a39,fd9b7f36-2943-4ceb-b658-83c814782ac3,2026-04-04 17:51:36.948182+00:00,approved,1,115.0,12,True,,True,0.0
E_pr17_scaled_7d_weighted_threshold_0_9_18,ff8bc529-880a-4a01-81cf-691330b75f0b,fd9b7f36-2943-4ceb-b658-83c814782ac3,2026-04-04 18:14:04.658018+00:00,pending,1,115.0,13,True,,True,0.0
E_pr17_scaled_7d_weighted_threshold_0_9_18,f85fdb8e-2ea5-42d1-8e73-2b1ddb8c66bf,fd9b7f36-2943-4ceb-b658-83c814782ac3,2026-04-04 18:19:21.570919+00:00,approved,1,115.0,14,True,,True,0.0
E_pr17_scaled_7d_weighted_threshold_0_9_18,e09c5f4b-7115-4c12-a36f-92d32c498044,cdbc2977-3feb-4b78-967e-7636db3986d5,2026-04-04 19:31:59.949779+00:00,approved,1,68.0,3,True,,True,0.0
E_pr17_scaled_7d_weighted_threshold_0_9_18,e1cdc422-3c9f-4b2e-ac9d-0200440611f1,fd9b7f36-2943-4ceb-b658-83c814782ac3,2026-04-04 22:00:53.826937+00:00,approved,1,115.0,15,True,,True,0.0
E_pr17_scaled_7d_weighted_threshold_0_9_18,ddd5e090-5f3f-4bd3-a0a3-73b598164a51,4ce403f9-c662-4caa-8576-c10e71f01c4b,2026-04-04 23:43:56.173386+00:00,pending,0,111.0,13,True,,True,0.0
E_pr17_scaled_7d_weighted_threshold_0_9_18,cc1649b3-8abd-46e9-858f-52aab762c79a,4ce403f9-c662-4caa-8576-c10e71f01c4b,2026-04-04 23:55:36.438001+00:00,pending,1,111.0,14,True,,True,0.0
E_pr17_scaled_7d_weighted_threshold_0_9_18,4d3b3d1c-100f-4363-9428-3a3e6aafa430,4ce403f9-c662-4caa-8576-c10e71f01c4b,2026-04-05 01:12:10.384931+00:00,approved,3,129.0,0,True,,True,0.0
E_pr17_scaled_7d_weighted_threshold_0_9_18,23c3000a-bcc1-43f7-b986-8307f23e765d,4ce403f9-c662-4caa-8576-c10e71f01c4b,2026-04-05 01:31:06.040245+00:00,approved,2,129.0,1,True,,True,0.0
E_pr17_scaled_7d_weighted_threshold_0_9_18,4dc689aa-9b31-4538-bbaa-4e0a4eb698b3,4ce403f9-c662-4caa-8576-c10e71f01c4b,2026-04-05 02:19:42.240499+00:00,approved,3,129.0,2,True,,True,0.0
E_pr17_scaled_7d_weighted_threshold_0_9_18,29d2c3b9-a751-4734-9d9b-e8edd5dd7d9e,4ce403f9-c662-4caa-8576-c10e71f01c4b,2026-04-05 02:51:26.065753+00:00,approved,2,129.0,3,True,,True,0.0
E_pr17_scaled_7d_weighted_threshold_0_9_18,fedffe3c-5938-4ac4-9d66-4e9967beb2ad,4ce403f9-c662-4caa-8576-c10e71f01c4b,2026-04-05 03:07:45.075419+00:00,approved,1,129.0,4,True,,True,0.0
E_pr17_scaled_7d_weighted_threshold_0_9_18,bacd3a57-72ce-4ce9-8339-27b25ed3c349,fd9b7f36-2943-4ceb-b658-83c814782ac3,2026-04-05 03:09:45.200744+00:00,approved,2,137.0,0,True,,True,0.0
E_pr17_scaled_7d_weighted_threshold_0_9_18,34390624-f5ee-48d5-9b38-d8608aab6140,fd9b7f36-2943-4ceb-b658-83c814782ac3,2026-04-05 03:19:50.172222+00:00,approved,1,137.0,1,True,,True,0.0
E_pr17_scaled_7d_weighted_threshold_0_9_18,155ddb56-d201-4a31-9968-faae4a2d4d7c,fd9b7f36-2943-4ceb-b658-83c814782ac3,2026-04-05 03:31:51.829993+00:00,approved,1,137.0,2,True,,True,0.0
E_pr17_scaled_7d_weighted_threshold_0_9_18,48748549-9315-49a8-bca9-b315c6117fa0,fd9b7f36-2943-4ceb-b658-83c814782ac3,2026-04-05 03:37:34.537199+00:00,pending,-1,137.0,3,True,,True,0.0
E_pr17_scaled_7d_weighted_threshold_0_9_18,76071fe0-82f5-44dd-b7b6-ea94fbb72928,fd9b7f36-2943-4ceb-b658-83c814782ac3,2026-04-05 03:43:53.012512+00:00,approved,2,137.0,4,True,,True,0.0
E_pr17_scaled_7d_weighted_threshold_0_9_18,3e558a01-2a47-42bc-ab73-b75a623e6cd7,fd9b7f36-2943-4ceb-b658-83c814782ac3,2026-04-05 03:51:35.234202+00:00,approved,3,137.0,5,True,,True,0.0
E_pr17_scaled_7d_weighted_threshold_0_9_18,5c5232c8-f4e7-41b4-96b5-5af27df07b3e,fd9b7f36-2943-4ceb-b658-83c814782ac3,2026-04-05 03:54:25.215398+00:00,approved,1,137.0,6,True,,True,0.0
E_pr17_scaled_7d_weighted_threshold_0_9_18,6b289a9d-a9a0-4812-a2ba-e2aaeebb27fe,4ce403f9-c662-4caa-8576-c10e71f01c4b,2026-04-05 07:44:09.224050+00:00,approved,1,134.0,5,True,,True,0.0
E_pr17_scaled_7d_weighted_threshold_0_9_18,016a545f-fea5-4d60-9324-c5db4b2891b7,4ce403f9-c662-4caa-8576-c10e71f01c4b,2026-04-05 08:01:58.515433+00:00,approved,1,134.0,6,True,,True,0.0
E_pr17_scaled_7d_weighted_threshold_0_9_18,72a7dbe6-5890-4ffd-944a-cbfb084d4a98,4ce403f9-c662-4caa-8576-c10e71f01c4b,2026-04-05 21:09:39.687849+00:00,pending,0,134.0,7,True,,True,0.0
E_pr17_scaled_7d_weighted_threshold_0_9_18,8579f12a-1e70-4be7-92e4-8922e5c028ab,4ce403f9-c662-4caa-8576-c10e71f01c4b,2026-04-05 21:48:44.007998+00:00,pending,1,134.0,8,True,,True,0.0
E_pr17_scaled_7d_weighted_threshold_0_9_18,eefcaf09-f970-4b73-8542-351060a7638e,4ce403f9-c662-4caa-8576-c10e71f01c4b,2026-04-05 23:02:52.094262+00:00,approved,2,134.0,9,True,,True,0.0
E_pr17_scaled_7d_weighted_threshold_0_9_18,858dea0b-a382-4f19-bc11-05cfae313027,69ce191d-25f7-4ae6-b5fc-26bdc90e84aa,2026-04-06 00:36:15.982864+00:00,pending,0,81.0,0,True,,True,0.0
E_pr17_scaled_7d_weighted_threshold_0_9_18,954da555-0f8c-4414-8d61-729084046daf,fd9b7f36-2943-4ceb-b658-83c814782ac3,2026-04-06 01:57:16.735908+00:00,pending,1,156.0,0,True,,True,0.0
E_pr17_scaled_7d_weighted_threshold_0_9_18,87d7f119-8230-463b-a400-fa3784dd8514,fd9b7f36-2943-4ceb-b658-83c814782ac3,2026-04-06 02:06:30.536738+00:00,approved,-1,156.0,1,True,,True,0.0
E_pr17_scaled_7d_weighted_threshold_0_9_18,5c0d3d21-afa7-4fb0-b3a8-fff4c95b23ed,fd9b7f36-2943-4ceb-b658-83c814782ac3,2026-04-06 02:11:33.826601+00:00,approved,1,156.0,2,True,,True,0.0
E_pr17_scaled_7d_weighted_threshold_0_9_18,f9ec9e33-6c22-4617-9abb-d12bd455c1bf,fd9b7f36-2943-4ceb-b658-83c814782ac3,2026-04-06 02:15:30.481751+00:00,approved,0,156.0,3,True,,True,0.0
E_pr17_scaled_7d_weighted_threshold_0_9_18,699d29b3-84e4-4152-b569-14b7b128a820,fd9b7f36-2943-4ceb-b658-83c814782ac3,2026-04-06 02:48:24.458943+00:00,approved,1,156.0,4,True,,True,0.0
E_pr17_scaled_7d_weighted_threshold_0_9_18,b0161d26-176e-4327-813c-6b47794da10a,fd9b7f36-2943-4ceb-b658-83c814782ac3,2026-04-06 02:51:33.230316+00:00,approved,0,156.0,5,True,,True,0.0
E_pr17_scaled_7d_weighted_threshold_0_9_18,9e150024-14a9-4f20-a24c-4351c021100d,a57f0fd6-6977-43c3-86bb-cd34ef2a7a29,2026-04-06 03:55:16.590886+00:00,pending,0,228.0,0,True,,True,0.0
E_pr17_scaled_7d_weighted_threshold_0_9_18,601b7e4f-aaed-454a-88a3-0a910e2e19c0,4ce403f9-c662-4caa-8576-c10e71f01c4b,2026-04-06 04:02:44.937401+00:00,approved,2,154.0,0,True,,True,0.0
E_pr17_scaled_7d_weighted_threshold_0_9_18,cea27375-c0f5-443f-9b08-15cf622a3585,a57f0fd6-6977-43c3-86bb-cd34ef2a7a29,2026-04-06 04:09:43.778004+00:00,pending,1,240.0,1,True,,True,0.0
E_pr17_scaled_7d_weighted_threshold_0_9_18,a47b70b5-6919-4204-8a4a-4da3071bb253,a57f0fd6-6977-43c3-86bb-cd34ef2a7a29,2026-04-06 04:22:09.972342+00:00,pending,1,240.0,2,True,,True,0.0
E_pr17_scaled_7d_weighted_threshold_0_9_18,be645576-35df-4a80-bf66-a88b59f827d2,a57f0fd6-6977-43c3-86bb-cd34ef2a7a29,2026-04-06 04:36:35.970545+00:00,pending,0,240.0,3,True,,True,0.0
E_pr17_scaled_7d_weighted_threshold_0_9_18,113018f5-0a2f-43c2-96ad-0d175d91e7a3,a57f0fd6-6977-43c3-86bb-cd34ef2a7a29,2026-04-06 04:47:29.576068+00:00,pending,1,240.0,4,True,,True,0.0
E_pr17_scaled_7d_weighted_threshold_0_9_18,40b82d8e-7d2c-4e68-bebe-6d03c1b3356d,4ce403f9-c662-4caa-8576-c10e71f01c4b,2026-04-06 06:12:41.382321+00:00,pending,0,175.0,1,True,,True,0.0
E_pr17_scaled_7d_weighted_threshold_0_9_18,6e9d11a7-8c54-46f9-9b6d-4648faf54ffc,4ce403f9-c662-4caa-8576-c10e71f01c4b,2026-04-06 06:21:17.063849+00:00,approved,2,175.0,2,True,,True,0.0
E_pr17_scaled_7d_weighted_threshold_0_9_18,a86b8cc8-4a40-47de-9a3a-6b35a757e0bc,a57f0fd6-6977-43c3-86bb-cd34ef2a7a29,2026-04-06 11:10:00.489120+00:00,pending,0,240.0,5,True,,True,0.0
E_pr17_scaled_7d_weighted_threshold_0_9_18,d2f9bc1a-322c-416f-8390-901f4414a2d0,a57f0fd6-6977-43c3-86bb-cd34ef2a7a29,2026-04-06 11:18:49.013117+00:00,pending,0,240.0,6,True,,True,0.0
E_pr17_scaled_7d_weighted_threshold_0_9_18,543c8110-5c01-4de6-adce-17ab51b5e722,a57f0fd6-6977-43c3-86bb-cd34ef2a7a29,2026-04-06 11:25:01.235512+00:00,pending,0,240.0,7,True,,True,0.0
E_pr17_scaled_7d_weighted_threshold_0_9_18,9b684f4b-85f0-4ca6-a5f1-c6d5664c7967,a57f0fd6-6977-43c3-86bb-cd34ef2a7a29,2026-04-06 12:51:59.061007+00:00,pending,1,240.0,8,True,,True,0.0
E_pr17_scaled_7d_weighted_threshold_0_9_18,8676c547-0dc4-4415-9f2b-c673ee67d98d,fd9b7f36-2943-4ceb-b658-83c814782ac3,2026-04-06 15:14:23.379857+00:00,approved,2,156.0,6,True,,True,0.0
E_pr17_scaled_7d_weighted_threshold_0_9_18,63c85812-22b0-47f3-ab3a-8387dc34eb14,fd9b7f36-2943-4ceb-b658-83c814782ac3,2026-04-06 15:24:30.390242+00:00,approved,4,156.0,7,True,,True,0.0
E_pr17_scaled_7d_weighted_threshold_0_9_18,1befaada-68f1-45b2-910a-82f7194d7280,fd9b7f36-2943-4ceb-b658-83c814782ac3,2026-04-06 15:33:54.316758+00:00,approved,2,156.0,8,True,,True,0.0
E_pr17_scaled_7d_weighted_threshold_0_9_18,785706a6-eacd-453c-9d85-723db483f64e,fd9b7f36-2943-4ceb-b658-83c814782ac3,2026-04-06 15:43:20.136528+00:00,approved,3,156.0,9,True,,True,0.0
E_pr17_scaled_7d_weighted_threshold_0_9_18,3d580b12-f012-4fd4-a811-b9c3661b7106,60264769-e015-4dba-b2f4-6bfdffed12b3,2026-04-06 15:58:48.116866+00:00,pending,1,42.0,0,True,,True,0.0
E_pr17_scaled_7d_weighted_threshold_0_9_18,acf06857-4004-416b-bc06-5697fe5d2d89,fd9b7f36-2943-4ceb-b658-83c814782ac3,2026-04-06 18:14:25.083161+00:00,approved,4,156.0,10,True,,True,0.0
E_pr17_scaled_7d_weighted_threshold_0_9_18,5103ad95-4d0e-4712-bd85-cc0298497305,fd9b7f36-2943-4ceb-b658-83c814782ac3,2026-04-06 18:35:12.575385+00:00,approved,3,156.0,11,True,,True,0.0
E_pr17_scaled_7d_weighted_threshold_0_9_18,d513157c-2d57-41ce-a9a1-4281b5b5b5d8,fd9b7f36-2943-4ceb-b658-83c814782ac3,2026-04-06 18:39:09.364658+00:00,approved,4,156.0,12,True,,True,0.0
E_pr17_scaled_7d_weighted_threshold_0_9_18,dd2f4e62-5d07-48a9-9ae3-899a1ac4d4bb,fd9b7f36-2943-4ceb-b658-83c814782ac3,2026-04-06 18:41:34.724245+00:00,approved,3,156.0,13,True,,True,0.0
E_pr17_scaled_7d_weighted_threshold_0_9_18,82430952-49af-4214-8aae-b6bb6d23be04,fd9b7f36-2943-4ceb-b658-83c814782ac3,2026-04-06 20:25:15.203249+00:00,approved,3,156.0,14,True,,True,0.0
E_pr17_scaled_7d_weighted_threshold_0_9_18,ae402ff9-4610-43da-94bc-c6b1100bfb66,fd9b7f36-2943-4ceb-b658-83c814782ac3,2026-04-06 20:33:01.691251+00:00,approved,3,156.0,15,True,,True,0.0
E_pr17_scaled_7d_weighted_threshold_0_9_18,3056fba3-8a67-4e48-b7da-67e3bd953310,fd9b7f36-2943-4ceb-b658-83c814782ac3,2026-04-06 20:44:26.502166+00:00,approved,3,156.0,16,True,,True,0.0
E_pr17_scaled_7d_weighted_threshold_0_9_18,8cadd9ac-7f22-4a46-9d61-600c245038d7,a57f0fd6-6977-43c3-86bb-cd34ef2a7a29,2026-04-06 23:06:44.891040+00:00,pending,1,250.0,9,True,,True,0.0
E_pr17_scaled_7d_weighted_threshold_0_9_18,57c8bba6-0f23-452f-85aa-5650e286d3cf,4ce403f9-c662-4caa-8576-c10e71f01c4b,2026-04-07 01:11:20.558374+00:00,approved,1,197.0,0,True,,True,0.0
E_pr17_scaled_7d_weighted_threshold_0_9_18,2d84081c-6a0a-49de-8cce-59c1fa69b879,a57f0fd6-6977-43c3-86bb-cd34ef2a7a29,2026-04-07 01:35:37.067292+00:00,pending,0,265.0,0,True,,True,0.0
E_pr17_scaled_7d_weighted_threshold_0_9_18,d9c2fc3d-5406-49a4-a12a-9572d9454856,a57f0fd6-6977-43c3-86bb-cd34ef2a7a29,2026-04-07 01:48:52.989226+00:00,pending,0,266.0,1,True,,True,0.0
E_pr17_scaled_7d_weighted_threshold_0_9_18,457a89ac-7b3d-43c1-9323-fe1835bbb58a,4ce403f9-c662-4caa-8576-c10e71f01c4b,2026-04-07 01:55:26.805566+00:00,pending,1,197.0,1,True,,True,0.0
E_pr17_scaled_7d_weighted_threshold_0_9_18,525c0f6b-5643-4898-badf-a01bac16c759,4ce403f9-c662-4caa-8576-c10e71f01c4b,2026-04-07 02:09:32.542401+00:00,approved,1,197.0,2,True,,True,0.0
E_pr17_scaled_7d_weighted_threshold_0_9_18,0651c7b1-69d2-4cba-b7e2-87561cae26dc,fd9b7f36-2943-4ceb-b658-83c814782ac3,2026-04-07 02:23:24.597168+00:00,approved,3,176.0,0,True,,True,0.0
E_pr17_scaled_7d_weighted_threshold_0_9_18,6d3d999d-b5b1-483f-ac7e-92cc41e3f5e1,fd9b7f36-2943-4ceb-b658-83c814782ac3,2026-04-07 02:28:26.231593+00:00,approved,3,176.0,1,True,,True,0.0
E_pr17_scaled_7d_weighted_threshold_0_9_18,eefda393-00ef-4da7-b31d-9baa47742560,fd9b7f36-2943-4ceb-b658-83c814782ac3,2026-04-07 03:06:51.933913+00:00,approved,2,176.0,2,True,,True,0.0
E_pr17_scaled_7d_weighted_threshold_0_9_18,864bdb9c-b795-452f-97c1-3420675b0324,fd9b7f36-2943-4ceb-b658-83c814782ac3,2026-04-07 03:15:33.904961+00:00,pending,2,176.0,3,True,,True,0.0
E_pr17_scaled_7d_weighted_threshold_0_9_18,eb30ddd1-8650-4782-9694-cafed510cbc8,4ce403f9-c662-4caa-8576-c10e71f01c4b,2026-04-07 03:44:32.843208+00:00,approved,2,197.0,3,True,,True,0.0
E_pr17_scaled_7d_weighted_threshold_0_9_18,7ada756d-274c-4da0-9347-e6ac9e89f8fd,4ce403f9-c662-4caa-8576-c10e71f01c4b,2026-04-07 06:29:32.735248+00:00,approved,1,197.0,4,True,,True,0.0
E_pr17_scaled_7d_weighted_threshold_0_9_18,86010be0-64f0-4747-a84d-60368e7f0545,4ce403f9-c662-4caa-8576-c10e71f01c4b,2026-04-07 08:10:17.635781+00:00,approved,1,199.0,5,True,,True,0.0
E_pr17_scaled_7d_weighted_threshold_0_9_18,56784da5-bfe8-42a6-9701-076ab932c04a,4ce403f9-c662-4caa-8576-c10e71f01c4b,2026-04-07 08:13:43.864689+00:00,approved,2,199.0,6,True,,True,0.0
E_pr17_scaled_7d_weighted_threshold_0_9_18,ca7d29c7-9d55-4e39-8beb-3a9e5b36a06b,a57f0fd6-6977-43c3-86bb-cd34ef2a7a29,2026-04-07 13:35:44.155143+00:00,pending,0,281.0,2,True,,True,0.0
E_pr17_scaled_7d_weighted_threshold_0_9_18,a05645ac-a209-41c0-b765-37829acbb666,a57f0fd6-6977-43c3-86bb-cd34ef2a7a29,2026-04-07 13:44:09.240293+00:00,pending,1,281.0,3,True,,True,0.0
E_pr17_scaled_7d_weighted_threshold_0_9_18,19c7c4fb-1713-4fb1-b5e5-780378d45187,a57f0fd6-6977-43c3-86bb-cd34ef2a7a29,2026-04-07 13:54:52.583140+00:00,approved,1,281.0,4,True,,True,0.0
E_pr17_scaled_7d_weighted_threshold_0_9_18,3dbdfdbb-b6d0-4353-b506-c5aa6d334ac3,a57f0fd6-6977-43c3-86bb-cd34ef2a7a29,2026-04-07 14:06:43.440222+00:00,pending,0,281.0,5,True,,True,0.0
E_pr17_scaled_7d_weighted_threshold_0_9_18,d0f40557-2451-47b2-a5d3-a7af3c5fd024,4ce403f9-c662-4caa-8576-c10e71f01c4b,2026-04-07 23:00:26.902358+00:00,approved,2,199.0,7,True,,True,0.0
E_pr17_scaled_7d_weighted_threshold_0_9_18,ffaaefa2-7d20-498d-9bec-164be6898c7c,69ce191d-25f7-4ae6-b5fc-26bdc90e84aa,2026-04-08 00:51:20.814017+00:00,approved,2,105.0,0,True,,True,0.0
E_pr17_scaled_7d_weighted_threshold_0_9_18,3c8a5ee7-6210-474a-816d-048744f2c2a6,a57f0fd6-6977-43c3-86bb-cd34ef2a7a29,2026-04-08 02:37:05.051160+00:00,pending,1,290.0,0,True,,True,0.0
E_pr17_scaled_7d_weighted_threshold_0_9_18,e4594fbd-16fc-4852-94c1-732a0d804a79,4ce403f9-c662-4caa-8576-c10e71f01c4b,2026-04-08 03:26:45.844376+00:00,approved,1,213.0,0,True,,True,0.0
E_pr17_scaled_7d_weighted_threshold_0_9_18,07c810cf-302f-4a99-afb5-29f4ea344953,4ce403f9-c662-4caa-8576-c10e71f01c4b,2026-04-08 03:49:43.557289+00:00,approved,1,213.0,1,True,,True,0.0
E_pr17_scaled_7d_weighted_threshold_0_9_18,c776d0de-f669-4c42-9204-855fb2469741,4ce403f9-c662-4caa-8576-c10e71f01c4b,2026-04-08 04:12:11.076157+00:00,approved,1,213.0,2,True,,True,0.0
E_pr17_scaled_7d_weighted_threshold_0_9_18,14421584-a284-48e7-9bf1-e04d0f632f32,4ce403f9-c662-4caa-8576-c10e71f01c4b,2026-04-08 04:16:46.387185+00:00,approved,1,213.0,3,True,,True,0.0
E_pr17_scaled_7d_weighted_threshold_0_9_18,8a3bf9bf-0f54-4228-8892-be752bc69470,a57f0fd6-6977-43c3-86bb-cd34ef2a7a29,2026-04-08 13:24:15.156539+00:00,pending,1,290.0,1,True,,True,0.0
E_pr17_scaled_7d_weighted_threshold_0_9_18,2b2a5b01-96a1-4c3d-888e-0b111bf565b1,a57f0fd6-6977-43c3-86bb-cd34ef2a7a29,2026-04-09 00:24:39.198827+00:00,pending,1,270.0,0,True,,True,0.0
E_pr17_scaled_7d_weighted_threshold_0_9_18,21ca61c7-3b6d-4ac0-b147-3e1c233777b2,4ce403f9-c662-4caa-8576-c10e71f01c4b,2026-04-09 04:16:06.034144+00:00,approved,1,232.0,0,True,,True,0.0
E_pr17_scaled_7d_weighted_threshold_0_9_18,24a1588c-3faa-4042-aee6-5361d1c4d051,4ce403f9-c662-4caa-8576-c10e71f01c4b,2026-04-09 04:36:56.091163+00:00,approved,1,232.0,1,True,,True,0.0
E_pr17_scaled_7d_weighted_threshold_0_9_18,5db56046-47ed-4258-862a-b6f7375eb681,4ce403f9-c662-4caa-8576-c10e71f01c4b,2026-04-09 04:39:55.540133+00:00,approved,1,232.0,2,True,,True,0.0
E_pr17_scaled_7d_weighted_threshold_0_9_18,0af4f2a6-cf75-4961-83e1-fbc45e3a25c8,4ce403f9-c662-4caa-8576-c10e71f01c4b,2026-04-09 05:02:04.721044+00:00,approved,2,229.0,3,True,,True,0.0
E_pr17_scaled_7d_weighted_threshold_0_9_18,ff8fdede-a5a9-401d-afdb-2145759eb240,4ce403f9-c662-4caa-8576-c10e71f01c4b,2026-04-09 05:05:39.722765+00:00,approved,1,229.0,4,True,,True,0.0
E_pr17_scaled_7d_weighted_threshold_0_9_18,7e64475b-24e8-48af-aa17-5eeea7e66b47,4ce403f9-c662-4caa-8576-c10e71f01c4b,2026-04-09 05:51:12.640226+00:00,approved,3,222.0,5,True,,True,0.0
E_pr17_scaled_7d_weighted_threshold_0_9_18,b6b3f509-da63-40d7-83fa-0c4d0a2feda8,4ce403f9-c662-4caa-8576-c10e71f01c4b,2026-04-09 06:36:29.712767+00:00,approved,2,222.0,6,True,,True,0.0
E_pr17_scaled_7d_weighted_threshold_0_9_18,fe515e65-d427-4dcc-a9e5-f445eca4e6c7,4ce403f9-c662-4caa-8576-c10e71f01c4b,2026-04-09 07:05:51.541154+00:00,approved,1,222.0,7,True,,True,0.0
E_pr17_scaled_7d_weighted_threshold_0_9_18,fb0b8ba4-c424-4365-9f9c-5f433eb27d98,4ce403f9-c662-4caa-8576-c10e71f01c4b,2026-04-09 07:24:43.026558+00:00,pending,1,222.0,8,True,,True,0.0
E_pr17_scaled_7d_weighted_threshold_0_9_18,21bb02e3-b731-4677-bd89-c7bd7ed141f6,4ce403f9-c662-4caa-8576-c10e71f01c4b,2026-04-09 07:31:31.549178+00:00,approved,2,222.0,9,True,,True,0.0
E_pr17_scaled_7d_weighted_threshold_0_9_18,3a0181d0-2a4c-4d63-af03-5976e81e35ba,4ce403f9-c662-4caa-8576-c10e71f01c4b,2026-04-09 07:56:37.501274+00:00,approved,2,222.0,10,True,,True,0.0
E_pr17_scaled_7d_weighted_threshold_0_9_18,a663ded7-cdad-46dd-8a95-c8046c52cb02,a57f0fd6-6977-43c3-86bb-cd34ef2a7a29,2026-04-09 12:23:14.921493+00:00,pending,0,244.0,1,True,,True,0.0
E_pr17_scaled_7d_weighted_threshold_0_9_18,3a3abb50-4570-4a66-a87f-1f180d28a379,a57f0fd6-6977-43c3-86bb-cd34ef2a7a29,2026-04-09 15:58:53.233546+00:00,approved,2,232.0,2,True,,True,0.0
E_pr17_scaled_7d_weighted_threshold_0_9_18,e7c87f43-7cc5-439c-9a6e-6989bbe0a48a,a57f0fd6-6977-43c3-86bb-cd34ef2a7a29,2026-04-09 16:09:36.131759+00:00,pending,1,235.0,3,True,,True,0.0
E_pr17_scaled_7d_weighted_threshold_0_9_18,fc22b8db-6c1c-4372-96a3-a1935aea51d3,a57f0fd6-6977-43c3-86bb-cd34ef2a7a29,2026-04-09 16:24:31.910571+00:00,pending,0,234.0,4,True,,True,0.0
E_pr17_scaled_7d_weighted_threshold_0_9_18,828ee348-a4e7-43d5-8f87-d2a3f006ba2b,a57f0fd6-6977-43c3-86bb-cd34ef2a7a29,2026-04-09 17:37:52.206620+00:00,pending,0,234.0,5,True,,True,0.0
E_pr17_scaled_7d_weighted_threshold_0_9_18,cf84de9c-ec8f-4ecd-b830-d336e035e729,a57f0fd6-6977-43c3-86bb-cd34ef2a7a29,2026-04-09 17:42:51.111272+00:00,pending,0,234.0,6,True,,True,0.0
E_pr17_scaled_7d_weighted_threshold_0_9_18,9a802ff7-32a2-45da-affb-ab60886dfd0f,a57f0fd6-6977-43c3-86bb-cd34ef2a7a29,2026-04-09 17:55:19.404772+00:00,pending,1,234.0,7,True,,True,0.0
E_pr17_scaled_7d_weighted_threshold_0_9_18,ac30f977-d588-4d3f-bc66-bfd66a47a4a2,a57f0fd6-6977-43c3-86bb-cd34ef2a7a29,2026-04-09 17:59:32.755716+00:00,approved,4,234.0,8,True,,True,0.0
E_pr17_scaled_7d_weighted_threshold_0_9_18,85fa6f4b-0c77-41d8-8898-aedc72fe6815,a57f0fd6-6977-43c3-86bb-cd34ef2a7a29,2026-04-09 19:42:47.736403+00:00,pending,1,233.0,9,True,,True,0.0
E_pr17_scaled_7d_weighted_threshold_0_9_18,67b2f8ac-1337-4f17-846e-7d908c4bde03,a57f0fd6-6977-43c3-86bb-cd34ef2a7a29,2026-04-09 20:04:53.312527+00:00,pending,3,233.0,10,True,,True,0.0
E_pr17_scaled_7d_weighted_threshold_0_9_18,f9be94ae-3037-48eb-9790-9157de0f7e43,a57f0fd6-6977-43c3-86bb-cd34ef2a7a29,2026-04-09 20:09:18.067578+00:00,pending,2,233.0,11,True,,True,0.0
E_pr17_scaled_7d_weighted_threshold_0_9_18,27669fe2-93b4-4697-88c0-90e8f24bfaa2,a57f0fd6-6977-43c3-86bb-cd34ef2a7a29,2026-04-09 20:33:31.526229+00:00,pending,2,233.0,12,True,,True,0.0
E_pr17_scaled_7d_weighted_threshold_0_9_18,00182208-4a07-4f70-b0b0-f436f3239c5c,a57f0fd6-6977-43c3-86bb-cd34ef2a7a29,2026-04-09 20:56:26.542487+00:00,pending,0,229.0,13,True,,True,0.0
E_pr17_scaled_7d_weighted_threshold_0_9_18,9d31be9b-abf1-4088-8c95-9b2b42075632,a57f0fd6-6977-43c3-86bb-cd34ef2a7a29,2026-04-09 21:20:49.603776+00:00,approved,1,226.0,14,True,,True,0.0
E_pr17_scaled_7d_weighted_threshold_0_9_18,607d9f27-5748-475f-950c-16a4e0c6a0e3,a57f0fd6-6977-43c3-86bb-cd34ef2a7a29,2026-04-09 21:25:34.047724+00:00,pending,0,226.0,15,True,,True,0.0
E_pr17_scaled_7d_weighted_threshold_0_9_18,1d6eb8c2-56e2-4ca0-8669-58900768f074,a57f0fd6-6977-43c3-86bb-cd34ef2a7a29,2026-04-09 21:28:10.585358+00:00,pending,0,226.0,16,True,,True,0.0
E_pr17_scaled_7d_weighted_threshold_0_9_18,c4cb8fb1-b4ac-4b70-a08d-221b68d65930,a57f0fd6-6977-43c3-86bb-cd34ef2a7a29,2026-04-09 21:31:06.634936+00:00,pending,0,226.0,17,True,,True,0.0
E_pr17_scaled_7d_weighted_threshold_0_9_18,00ed8ae9-731f-4c3c-ba26-6611d2b37ad5,a57f0fd6-6977-43c3-86bb-cd34ef2a7a29,2026-04-09 21:34:30.504583+00:00,pending,0,226.0,18,True,,True,0.0
E_pr17_scaled_7d_weighted_threshold_0_9_18,bc70f130-e6ed-49ae-8dc6-f37897f1b73e,cdbc2977-3feb-4b78-967e-7636db3986d5,2026-04-09 23:41:21.554666+00:00,approved,1,60.0,0,True,,True,0.0
E_pr17_scaled_7d_weighted_threshold_0_9_18,7052b73d-af8a-46ea-89af-c674dc529c2c,cdbc2977-3feb-4b78-967e-7636db3986d5,2026-04-09 23:48:29.816976+00:00,approved,1,69.0,1,True,,True,0.0
E_pr17_scaled_7d_weighted_threshold_0_9_18,5b43c43f-52ca-443d-b144-13c12d331f24,fd9b7f36-2943-4ceb-b658-83c814782ac3,2026-04-10 01:32:11.013012+00:00,approved,1,107.0,0,True,,True,0.0
E_pr17_scaled_7d_weighted_threshold_0_9_18,566ba7ec-492c-427c-a940-0e83aebcd359,fd9b7f36-2943-4ceb-b658-83c814782ac3,2026-04-10 01:51:22.250765+00:00,pending,0,107.0,1,True,,True,0.0
E_pr17_scaled_7d_weighted_threshold_0_9_18,4c7c22bb-be5f-44e0-ad4d-6562a5ccad50,fd9b7f36-2943-4ceb-b658-83c814782ac3,2026-04-10 02:06:35.126171+00:00,approved,2,107.0,2,True,,True,0.0
E_pr17_scaled_7d_weighted_threshold_0_9_18,aeeaa1a4-9097-4302-93b4-b6fa61bc6f58,fd9b7f36-2943-4ceb-b658-83c814782ac3,2026-04-10 02:17:03.008117+00:00,pending,2,107.0,3,True,,True,0.0
E_pr17_scaled_7d_weighted_threshold_0_9_18,ab1fc48c-f98e-4da6-9946-f989ff791497,fd9b7f36-2943-4ceb-b658-83c814782ac3,2026-04-10 03:18:05.498624+00:00,approved,1,107.0,4,True,,True,0.0
E_pr17_scaled_7d_weighted_threshold_0_9_18,13f5a19a-8702-485f-a087-d2d0e74ffdba,fd9b7f36-2943-4ceb-b658-83c814782ac3,2026-04-10 03:30:46.003307+00:00,approved,2,107.0,5,True,,True,0.0
E_pr17_scaled_7d_weighted_threshold_0_9_18,f9e29f74-277d-4f41-9a59-ca1ea0c97607,fd9b7f36-2943-4ceb-b658-83c814782ac3,2026-04-10 03:48:00.679674+00:00,approved,1,107.0,6,True,,True,0.0
E_pr17_scaled_7d_weighted_threshold_0_9_18,f70a07fb-c993-44bc-baf9-4e228767a187,fd9b7f36-2943-4ceb-b658-83c814782ac3,2026-04-10 04:03:30.631138+00:00,approved,2,107.0,7,True,,True,0.0
E_pr17_scaled_7d_weighted_threshold_0_9_18,9813ea1f-39a7-44b2-a085-0e6be45a8e06,4ce403f9-c662-4caa-8576-c10e71f01c4b,2026-04-10 05:48:57.516452+00:00,pending,1,190.0,0,True,,True,0.0
E_pr17_scaled_7d_weighted_threshold_0_9_18,2b4288f5-0f7c-4471-9e11-457bf1ffbe1b,4ce403f9-c662-4caa-8576-c10e71f01c4b,2026-04-10 05:55:45.129929+00:00,approved,1,190.0,1,True,,True,0.0
E_pr17_scaled_7d_weighted_threshold_0_9_18,31958ede-704e-40e4-9614-27b080bebc51,4ce403f9-c662-4caa-8576-c10e71f01c4b,2026-04-10 06:48:54.096777+00:00,approved,1,190.0,2,True,,True,0.0
E_pr17_scaled_7d_weighted_threshold_0_9_18,9331c97e-0917-46d9-9f39-7a24596292a7,4ce403f9-c662-4caa-8576-c10e71f01c4b,2026-04-10 06:53:53.013139+00:00,approved,1,190.0,3,True,,True,0.0
E_pr17_scaled_7d_weighted_threshold_0_9_18,314c997f-adbe-4d8d-9a29-5df7489119d6,4ce403f9-c662-4caa-8576-c10e71f01c4b,2026-04-10 07:52:54.761889+00:00,approved,1,190.0,4,True,,True,0.0
E_pr17_scaled_7d_weighted_threshold_0_9_18,89d853b9-d133-4a94-b546-aecc64d6af0d,4ce403f9-c662-4caa-8576-c10e71f01c4b,2026-04-10 08:09:20.873090+00:00,approved,1,190.0,5,True,,True,0.0
E_pr17_scaled_7d_weighted_threshold_0_9_18,0e966df5-b6b0-44b9-b310-86f050cd0890,4ce403f9-c662-4caa-8576-c10e71f01c4b,2026-04-10 08:27:49.372098+00:00,approved,1,190.0,6,True,,True,0.0
E_pr17_scaled_7d_weighted_threshold_0_9_18,a3977e6b-8460-46a1-b2f4-96c4b4a679e2,4ce403f9-c662-4caa-8576-c10e71f01c4b,2026-04-10 08:45:39.209368+00:00,approved,2,190.0,7,True,,True,0.0
E_pr17_scaled_7d_weighted_threshold_0_9_18,bdae7fcc-9ea8-42b4-a79b-5d83c7a7e621,fd9b7f36-2943-4ceb-b658-83c814782ac3,2026-04-10 18:58:48.620746+00:00,pending,1,101.0,8,True,,True,0.0
E_pr17_scaled_7d_weighted_threshold_0_9_18,98db7e0e-ab23-4847-ad9d-37b3bc52ab9a,fd9b7f36-2943-4ceb-b658-83c814782ac3,2026-04-10 19:10:25.260930+00:00,approved,2,101.0,9,True,,True,0.0
E_pr17_scaled_7d_weighted_threshold_0_9_18,c4472511-751b-43dc-a149-48c4f3e198fa,4ce403f9-c662-4caa-8576-c10e71f01c4b,2026-04-10 19:15:17.174123+00:00,pending,1,190.0,8,True,,True,0.0
E_pr17_scaled_7d_weighted_threshold_0_9_18,9ff2460f-20e0-46cf-af52-4965eb173f53,4ce403f9-c662-4caa-8576-c10e71f01c4b,2026-04-10 19:20:03.435847+00:00,pending,2,190.0,9,True,,True,0.0
E_pr17_scaled_7d_weighted_threshold_0_9_18,c3df13be-b19f-4691-9d63-5b9028269aad,4ce403f9-c662-4caa-8576-c10e71f01c4b,2026-04-10 19:24:01.225780+00:00,pending,1,190.0,10,True,,True,0.0
E_pr17_scaled_7d_weighted_threshold_0_9_18,f9f7dbaf-7a24-48b0-a9e0-3ecbccaf2b27,a57f0fd6-6977-43c3-86bb-cd34ef2a7a29,2026-04-10 20:16:55.738678+00:00,pending,0,248.0,0,True,,True,0.0
E_pr17_scaled_7d_weighted_threshold_0_9_18,d5829b6e-4db1-4f05-8484-5069f8b6927a,4ce403f9-c662-4caa-8576-c10e71f01c4b,2026-04-10 20:36:26.401835+00:00,approved,1,190.0,11,True,,True,0.0
E_pr17_scaled_7d_weighted_threshold_0_9_18,cf47bb54-a267-47cd-903c-e783e18b5ad6,4ce403f9-c662-4caa-8576-c10e71f01c4b,2026-04-10 20:41:54.144329+00:00,approved,1,190.0,12,True,,True,0.0
E_pr17_scaled_7d_weighted_threshold_0_9_18,ae09bd9d-a52a-4ca9-83db-7f318e1443b3,4ce403f9-c662-4caa-8576-c10e71f01c4b,2026-04-10 20:44:30.117651+00:00,pending,2,190.0,13,True,,True,0.0
E_pr17_scaled_7d_weighted_threshold_0_9_18,ab228ccc-24a8-49d0-a42f-aef7be7c68eb,4ce403f9-c662-4caa-8576-c10e71f01c4b,2026-04-10 20:47:42.406970+00:00,approved,2,190.0,14,True,,True,0.0
E_pr17_scaled_7d_weighted_threshold_0_9_18,88bd0278-b66a-4836-8d0e-0887afb4853b,a57f0fd6-6977-43c3-86bb-cd34ef2a7a29,2026-04-10 21:34:41.077704+00:00,approved,1,260.0,1,True,,True,0.0
E_pr17_scaled_7d_weighted_threshold_0_9_18,bb702e61-9d7e-46bf-a8e6-951d106134ef,a57f0fd6-6977-43c3-86bb-cd34ef2a7a29,2026-04-11 10:09:38.646854+00:00,pending,1,278.0,0,True,,True,0.0
E_pr17_scaled_7d_weighted_threshold_0_9_18,ee785f6c-2751-467a-8e3e-6eae6ad147c6,a57f0fd6-6977-43c3-86bb-cd34ef2a7a29,2026-04-11 10:20:42.275846+00:00,approved,1,278.0,1,True,,True,0.0
E_pr17_scaled_7d_weighted_threshold_0_9_18,8fb46c93-a45f-4ad1-8a7c-ead24433ed85,a57f0fd6-6977-43c3-86bb-cd34ef2a7a29,2026-04-11 10:56:13.935259+00:00,approved,1,278.0,2,True,,True,0.0
E_pr17_scaled_7d_weighted_threshold_0_9_18,41fd6db1-6290-42e9-b15a-a5fe77e9bcd0,69ce191d-25f7-4ae6-b5fc-26bdc90e84aa,2026-04-11 14:06:20.728967+00:00,approved,2,99.0,0,True,,True,0.0
E_pr17_scaled_7d_weighted_threshold_0_9_18,77274b01-ab23-45ee-bb13-ef8e009325de,69ce191d-25f7-4ae6-b5fc-26bdc90e84aa,2026-04-11 14:25:26.255782+00:00,approved,2,105.0,1,True,,True,0.0
E_pr17_scaled_7d_weighted_threshold_0_9_18,fbbcfa44-2b40-4e67-9624-fa65db741726,a57f0fd6-6977-43c3-86bb-cd34ef2a7a29,2026-04-11 17:22:41.004636+00:00,pending,1,267.0,3,True,,True,0.0
E_pr17_scaled_7d_weighted_threshold_0_9_18,f803d8fa-37b5-4a3e-b256-a2c29f417715,4ce403f9-c662-4caa-8576-c10e71f01c4b,2026-04-11 19:15:15.855688+00:00,approved,2,176.0,0,True,,True,0.0
E_pr17_scaled_7d_weighted_threshold_0_9_18,2c9bcfcc-1aef-4868-992d-a0acc9eaa635,a57f0fd6-6977-43c3-86bb-cd34ef2a7a29,2026-04-12 00:44:26.001063+00:00,pending,0,276.0,0,True,,True,0.0
E_pr17_scaled_7d_weighted_threshold_0_9_18,0377de0a-3a4f-4095-b954-1cad82a73d1f,a57f0fd6-6977-43c3-86bb-cd34ef2a7a29,2026-04-12 12:32:29.811761+00:00,pending,3,239.0,1,True,,True,0.0
E_pr17_scaled_7d_weighted_threshold_0_9_18,fc1a7636-b194-418e-baee-e58c2f573d1e,a57f0fd6-6977-43c3-86bb-cd34ef2a7a29,2026-04-12 14:34:18.970569+00:00,pending,1,235.0,2,True,,True,0.0
E_pr17_scaled_7d_weighted_threshold_0_9_18,2fcb5d2e-512a-4542-9702-193df73c8f35,a57f0fd6-6977-43c3-86bb-cd34ef2a7a29,2026-04-12 14:39:45.097544+00:00,pending,2,235.0,3,True,,True,0.0
E_pr17_scaled_7d_weighted_threshold_0_9_18,3a86f5ff-b486-4b1e-9480-98e9bcd7afc8,a57f0fd6-6977-43c3-86bb-cd34ef2a7a29,2026-04-12 14:54:46.676431+00:00,pending,-1,235.0,4,True,,True,0.0
E_pr17_scaled_7d_weighted_threshold_0_9_18,27c36138-7835-407a-aa22-cfac4cdc403b,a57f0fd6-6977-43c3-86bb-cd34ef2a7a29,2026-04-12 15:01:25.876558+00:00,pending,-1,235.0,5,True,,True,0.0
E_pr17_scaled_7d_weighted_threshold_0_9_18,822770b0-fdf1-4f55-a0fb-9f69e75ff13a,a57f0fd6-6977-43c3-86bb-cd34ef2a7a29,2026-04-12 15:04:46.533408+00:00,pending,-1,235.0,6,True,,True,0.0
E_pr17_scaled_7d_weighted_threshold_0_9_18,7484ac17-73b2-45d4-9ae7-3e1a8ede2905,a57f0fd6-6977-43c3-86bb-cd34ef2a7a29,2026-04-12 15:07:44.353168+00:00,approved,0,235.0,7,True,,True,0.0
E_pr17_scaled_7d_weighted_threshold_0_9_18,70117813-54bb-45e1-a4ff-fce1cf73e19b,a57f0fd6-6977-43c3-86bb-cd34ef2a7a29,2026-04-12 18:15:30.688067+00:00,pending,0,235.0,8,True,,True,0.0
E_pr17_scaled_7d_weighted_threshold_0_9_18,065a1cd9-345a-4ea7-b04a-9f7544a1d2f7,a57f0fd6-6977-43c3-86bb-cd34ef2a7a29,2026-04-12 18:19:55.929840+00:00,pending,0,235.0,9,True,,True,0.0
E_pr17_scaled_7d_weighted_threshold_0_9_18,d9d7f08e-7454-41e3-834f-4cca6ffc586f,a57f0fd6-6977-43c3-86bb-cd34ef2a7a29,2026-04-12 20:05:16.261333+00:00,approved,2,235.0,10,True,,True,0.0
E_pr17_scaled_7d_weighted_threshold_0_9_18,8b30bdb8-92de-4cbc-8e2c-cc363ecd99b2,a57f0fd6-6977-43c3-86bb-cd34ef2a7a29,2026-04-12 20:49:18.921282+00:00,pending,1,235.0,11,True,,True,0.0
E_pr17_scaled_7d_weighted_threshold_0_9_18,874812dd-4a8e-4fd9-8060-2f842ad4ca7e,a57f0fd6-6977-43c3-86bb-cd34ef2a7a29,2026-04-12 23:04:20.444762+00:00,pending,3,235.0,12,True,,True,0.0
E_pr17_scaled_7d_weighted_threshold_0_9_18,74c14866-c8be-44aa-9904-6ecbf0d7cac6,a57f0fd6-6977-43c3-86bb-cd34ef2a7a29,2026-04-13 13:43:04.181632+00:00,pending,1,235.0,0,True,,True,0.0
E_pr17_scaled_7d_weighted_threshold_0_9_18,6e9e356c-b064-4c4b-aba2-662c92e3ba7b,a57f0fd6-6977-43c3-86bb-cd34ef2a7a29,2026-04-13 13:48:46.148146+00:00,pending,1,235.0,1,True,,True,0.0
E_pr17_scaled_7d_weighted_threshold_0_9_18,6cc38f95-261d-4fe5-aeef-9ff7f05c037e,a57f0fd6-6977-43c3-86bb-cd34ef2a7a29,2026-04-13 19:02:49.386568+00:00,pending,1,229.0,2,True,,True,0.0
E_pr17_scaled_7d_weighted_threshold_0_9_18,9a013578-2dd6-4e23-9b2a-1758c949c6df,a57f0fd6-6977-43c3-86bb-cd34ef2a7a29,2026-04-14 13:24:15.813345+00:00,pending,1,207.0,0,True,,True,0.0
E_pr17_scaled_7d_weighted_threshold_0_9_18,4d8c4ed6-9831-4789-9436-f65e8b948e97,fd9b7f36-2943-4ceb-b658-83c814782ac3,2026-04-14 13:41:00.198037+00:00,pending,-1,42.0,0,True,,True,0.0
E_pr17_scaled_7d_weighted_threshold_0_9_18,32e7a341-9b53-41b5-9b94-1656d9da4d7b,fd9b7f36-2943-4ceb-b658-83c814782ac3,2026-04-14 13:43:46.900546+00:00,pending,0,42.0,1,True,,True,0.0
E_pr17_scaled_7d_weighted_threshold_0_9_18,a5d68ecb-164d-4a0b-9c39-2b0f133b83ca,fd9b7f36-2943-4ceb-b658-83c814782ac3,2026-04-14 14:12:04.608465+00:00,approved,2,42.0,2,True,,True,0.0
E_pr17_scaled_7d_weighted_threshold_0_9_18,8db3b8a2-ec75-4486-a7fa-68799e95ce58,a57f0fd6-6977-43c3-86bb-cd34ef2a7a29,2026-04-14 14:27:59.607735+00:00,pending,1,215.0,1,True,,True,0.0
E_pr17_scaled_7d_weighted_threshold_0_9_18,3dd9881e-c7b0-44ee-9b57-59fbc34de5b3,fd9b7f36-2943-4ceb-b658-83c814782ac3,2026-04-14 14:36:46.403901+00:00,approved,2,42.0,3,True,,True,0.0
E_pr17_scaled_7d_weighted_threshold_0_9_18,0060495f-869a-43a3-bff1-9bb060a7f50c,fd9b7f36-2943-4ceb-b658-83c814782ac3,2026-04-14 14:40:10.974547+00:00,approved,2,42.0,4,True,,True,0.0
E_pr17_scaled_7d_weighted_threshold_0_9_18,95e004cd-cde1-41a1-8809-aa88d60584dc,a57f0fd6-6977-43c3-86bb-cd34ef2a7a29,2026-04-14 17:48:34.919081+00:00,approved,2,221.0,2,True,,True,0.0
E_pr17_scaled_7d_weighted_threshold_0_9_18,332ece9d-bc5e-42db-9b83-ad2a0793d7fd,a57f0fd6-6977-43c3-86bb-cd34ef2a7a29,2026-04-14 18:23:20.807033+00:00,pending,1,221.0,3,True,,True,0.0
E_pr17_scaled_7d_weighted_threshold_0_9_18,4667e4c7-1112-4334-b255-8eb2e45b19ef,a57f0fd6-6977-43c3-86bb-cd34ef2a7a29,2026-04-14 18:27:37.725221+00:00,pending,0,221.0,4,True,,True,0.0
E_pr17_scaled_7d_weighted_threshold_0_9_18,45543dee-e2d9-4520-b5f7-c39cbea778aa,a57f0fd6-6977-43c3-86bb-cd34ef2a7a29,2026-04-14 18:33:11.562451+00:00,pending,2,221.0,5,True,,True,0.0
E_pr17_scaled_7d_weighted_threshold_0_9_18,fc005273-2c89-48ed-83dc-93970d76ac96,a57f0fd6-6977-43c3-86bb-cd34ef2a7a29,2026-04-14 18:42:35.535309+00:00,pending,2,221.0,6,True,,True,0.0
E_pr17_scaled_7d_weighted_threshold_0_9_18,3642b719-da35-4af2-96f6-ea44d4724d20,a57f0fd6-6977-43c3-86bb-cd34ef2a7a29,2026-04-14 22:06:35.620329+00:00,pending,2,221.0,7,True,,True,0.0
E_pr17_scaled_7d_weighted_threshold_0_9_18,39b4e48b-0a33-4a20-9a46-7b9572d2b453,ce6e5c8c-b2e1-4acd-89fe-b42fe49a86bc,2026-04-15 00:46:30.112719+00:00,pending,2,21.0,0,True,,True,0.0
E_pr17_scaled_7d_weighted_threshold_0_9_18,ccdd2ba6-8ee6-49d0-9804-0a4d942a437e,a57f0fd6-6977-43c3-86bb-cd34ef2a7a29,2026-04-15 14:16:14.938967+00:00,pending,1,219.0,0,True,,True,0.0
E_pr17_scaled_7d_weighted_threshold_0_9_18,fddd9c73-bc5e-4062-9161-d645add18aea,a57f0fd6-6977-43c3-86bb-cd34ef2a7a29,2026-04-15 15:34:33.839534+00:00,pending,1,219.0,1,True,,True,0.0
E_pr17_scaled_7d_weighted_threshold_0_9_18,ebe500fd-27f3-4b76-b3c7-3c31a107d94a,392a03db-0ab2-42c7-bf58-3acde7de9d5d,2026-04-15 16:23:39.686499+00:00,approved,1,9.0,0,True,2.0,False,9.0
E_pr17_scaled_7d_weighted_threshold_0_9_18,28adb370-197d-43af-9796-b17d63b7f1c2,a57f0fd6-6977-43c3-86bb-cd34ef2a7a29,2026-04-15 16:57:34.295233+00:00,pending,1,219.0,2,True,,True,0.0
E_pr17_scaled_7d_weighted_threshold_0_9_18,797e16cb-5a7d-436e-a40c-38711e6fceab,a57f0fd6-6977-43c3-86bb-cd34ef2a7a29,2026-04-15 19:22:28.708096+00:00,pending,1,219.0,3,True,,True,0.0
E_pr17_scaled_7d_weighted_threshold_0_9_18,f8e1029f-e86c-4e40-bb79-31e587ed3113,fd9b7f36-2943-4ceb-b658-83c814782ac3,2026-04-15 19:28:35.317005+00:00,approved,1,66.0,0,True,,True,0.0
E_pr17_scaled_7d_weighted_threshold_0_9_18,575a9052-1a64-41e3-ab93-55ea913f9fbc,fd9b7f36-2943-4ceb-b658-83c814782ac3,2026-04-15 19:33:44.402991+00:00,approved,1,66.0,1,True,,True,0.0
E_pr17_scaled_7d_weighted_threshold_0_9_18,8770249a-3efc-481a-8c9d-9a08194b803b,392a03db-0ab2-42c7-bf58-3acde7de9d5d,2026-04-15 20:00:33.997771+00:00,approved,1,18.0,1,True,,True,0.0
E_pr17_scaled_7d_weighted_threshold_0_9_18,4c12dbdc-d0f0-4c38-83de-451e410e4009,392a03db-0ab2-42c7-bf58-3acde7de9d5d,2026-04-15 20:14:07.943870+00:00,approved,1,18.0,2,True,,True,0.0
E_pr17_scaled_7d_weighted_threshold_0_9_18,70596937-62d2-44de-9293-8e44ff0a8e62,392a03db-0ab2-42c7-bf58-3acde7de9d5d,2026-04-15 20:29:02.151173+00:00,approved,1,18.0,3,True,,True,0.0
E_pr17_scaled_7d_weighted_threshold_0_9_18,9dfdc66d-bca2-4803-ae0e-17af9366ef0d,fd9b7f36-2943-4ceb-b658-83c814782ac3,2026-04-15 20:42:54.469438+00:00,pending,0,66.0,2,True,,True,0.0
E_pr17_scaled_7d_weighted_threshold_0_9_18,04e8ba6e-7d06-4c87-aace-d666892ce7fd,392a03db-0ab2-42c7-bf58-3acde7de9d5d,2026-04-15 21:17:09.115441+00:00,approved,1,18.0,4,True,,True,0.0
E_pr17_scaled_7d_weighted_threshold_0_9_18,0301b1e5-9672-4e69-afbb-9b39bd02fa64,a57f0fd6-6977-43c3-86bb-cd34ef2a7a29,2026-04-15 21:31:08.880407+00:00,pending,1,223.0,4,True,,True,0.0
E_pr17_scaled_7d_weighted_threshold_0_9_18,225887b4-3e76-4d67-8b13-086514a6413f,a57f0fd6-6977-43c3-86bb-cd34ef2a7a29,2026-04-15 21:45:08.664001+00:00,pending,1,223.0,5,True,,True,0.0
E_pr17_scaled_7d_weighted_threshold_0_9_18,1b7bfebd-eff7-452f-9f40-1770f4768d97,392a03db-0ab2-42c7-bf58-3acde7de9d5d,2026-04-15 23:50:20.872751+00:00,approved,1,18.0,5,True,,True,0.0
E_pr17_scaled_7d_weighted_threshold_0_9_18,e53cf49e-1029-4bee-940a-d8f0d588ea8b,392a03db-0ab2-42c7-bf58-3acde7de9d5d,2026-04-16 00:23:26.928233+00:00,approved,1,30.0,0,True,,True,0.0
E_pr17_scaled_7d_weighted_threshold_0_9_18,859aa600-4177-41ee-b69e-382d93aaf8a0,a57f0fd6-6977-43c3-86bb-cd34ef2a7a29,2026-04-16 00:34:16.656080+00:00,pending,1,229.0,0,True,,True,0.0
E_pr17_scaled_7d_weighted_threshold_0_9_18,f6fdb04f-0b04-46a8-a78d-75e6f2788d63,a57f0fd6-6977-43c3-86bb-cd34ef2a7a29,2026-04-16 00:40:26.877376+00:00,pending,1,229.0,1,True,,True,0.0
E_pr17_scaled_7d_weighted_threshold_0_9_18,10c45b0d-90a2-49b3-961a-52887e77ff2a,a57f0fd6-6977-43c3-86bb-cd34ef2a7a29,2026-04-16 01:04:04.714100+00:00,pending,1,229.0,2,True,,True,0.0
E_pr17_scaled_7d_weighted_threshold_0_9_18,66d22b00-b121-42ff-bc80-07d9a74745f9,a57f0fd6-6977-43c3-86bb-cd34ef2a7a29,2026-04-16 01:16:12.718270+00:00,pending,0,229.0,3,True,,True,0.0
E_pr17_scaled_7d_weighted_threshold_0_9_18,5334d367-bd0a-486b-9496-794e260906b7,a57f0fd6-6977-43c3-86bb-cd34ef2a7a29,2026-04-16 01:20:39.584592+00:00,pending,0,229.0,4,True,,True,0.0
E_pr17_scaled_7d_weighted_threshold_0_9_18,14c40b60-cfd7-40ba-a519-e965c4562806,a57f0fd6-6977-43c3-86bb-cd34ef2a7a29,2026-04-16 01:26:37.570500+00:00,pending,1,229.0,5,True,,True,0.0
E_pr17_scaled_7d_weighted_threshold_0_9_18,a9938e2c-cfc0-4f85-af0e-23f5a7b7c9ba,a57f0fd6-6977-43c3-86bb-cd34ef2a7a29,2026-04-16 01:33:11.612212+00:00,pending,1,229.0,6,True,,True,0.0
E_pr17_scaled_7d_weighted_threshold_0_9_18,55f59f23-8154-4b80-bb46-76bf263cff5f,a57f0fd6-6977-43c3-86bb-cd34ef2a7a29,2026-04-16 01:58:17.939640+00:00,pending,1,229.0,7,True,,True,0.0
E_pr17_scaled_7d_weighted_threshold_0_9_18,1d8f6210-ebc1-4b1f-a17c-78a5fe7a7dac,a57f0fd6-6977-43c3-86bb-cd34ef2a7a29,2026-04-16 11:29:18.176019+00:00,approved,1,226.0,8,True,,True,0.0
E_pr17_scaled_7d_weighted_threshold_0_9_18,aa8ecd86-9859-4ee5-921e-a60c8da5dd85,a57f0fd6-6977-43c3-86bb-cd34ef2a7a29,2026-04-16 11:33:17.473515+00:00,approved,1,226.0,9,True,,True,0.0
E_pr17_scaled_7d_weighted_threshold_0_9_18,227f7669-2337-4aaf-b3e2-47c0527d5a87,a57f0fd6-6977-43c3-86bb-cd34ef2a7a29,2026-04-16 11:40:55.155566+00:00,pending,1,226.0,10,True,,True,0.0
E_pr17_scaled_7d_weighted_threshold_0_9_18,72fe924a-371c-4bea-a995-ecf2ce1c5cfd,a57f0fd6-6977-43c3-86bb-cd34ef2a7a29,2026-04-16 11:53:12.069332+00:00,pending,1,228.0,11,True,,True,0.0
E_pr17_scaled_7d_weighted_threshold_0_9_18,86c05373-b7f0-4a19-b903-306768f90722,a57f0fd6-6977-43c3-86bb-cd34ef2a7a29,2026-04-16 11:56:57.392687+00:00,approved,2,228.0,12,True,,True,0.0
E_pr17_scaled_7d_weighted_threshold_0_9_18,456514a4-4913-4827-8d91-ad9b91b9bda3,a57f0fd6-6977-43c3-86bb-cd34ef2a7a29,2026-04-16 11:58:45.017065+00:00,approved,2,228.0,13,True,,True,0.0
E_pr17_scaled_7d_weighted_threshold_0_9_18,cce27aa3-ca35-485a-973a-ddc13a6b0425,392a03db-0ab2-42c7-bf58-3acde7de9d5d,2026-04-16 17:35:52.155675+00:00,approved,1,45.0,1,True,,True,0.0
E_pr17_scaled_7d_weighted_threshold_0_9_18,e34d20b4-73df-467c-a286-d4a7ce3a3ae1,a57f0fd6-6977-43c3-86bb-cd34ef2a7a29,2026-04-16 20:01:13.160825+00:00,pending,2,225.0,14,True,,True,0.0
E_pr17_scaled_7d_weighted_threshold_0_9_18,3a63c04b-d89e-4c96-9891-12cb3fe29f91,a57f0fd6-6977-43c3-86bb-cd34ef2a7a29,2026-04-16 20:26:53.650493+00:00,pending,3,225.0,15,True,,True,0.0
E_pr17_scaled_7d_weighted_threshold_0_9_18,83831632-5742-404e-a708-a4f410b143ea,a57f0fd6-6977-43c3-86bb-cd34ef2a7a29,2026-04-16 20:58:15.266001+00:00,pending,2,225.0,16,True,,True,0.0
E_pr17_scaled_7d_weighted_threshold_0_9_18,cd74bac3-a1ad-4479-9dd4-e837284cbd7e,a57f0fd6-6977-43c3-86bb-cd34ef2a7a29,2026-04-16 22:15:49.985278+00:00,pending,2,224.0,17,True,,True,0.0
E_pr17_scaled_7d_weighted_threshold_0_9_18,c0a85f66-c0d5-41f3-a717-670748d0088b,392a03db-0ab2-42c7-bf58-3acde7de9d5d,2026-04-16 22:29:09.364833+00:00,approved,2,45.0,2,True,,True,0.0
E_pr17_scaled_7d_weighted_threshold_0_9_18,ba80fcb6-6e11-4e18-9e08-e8fd714812e0,392a03db-0ab2-42c7-bf58-3acde7de9d5d,2026-04-16 22:33:34.219091+00:00,pending,1,45.0,3,True,,True,0.0
E_pr17_scaled_7d_weighted_threshold_0_9_18,87d03fe9-efd7-4768-b1d9-1b661eb8cc2f,392a03db-0ab2-42c7-bf58-3acde7de9d5d,2026-04-16 22:40:57.924456+00:00,pending,2,45.0,4,True,,True,0.0
E_pr17_scaled_7d_weighted_threshold_0_9_18,f7628df8-ce1e-45fe-b469-220d3f250dd2,392a03db-0ab2-42c7-bf58-3acde7de9d5d,2026-04-16 22:47:40.614695+00:00,approved,3,45.0,5,True,,True,0.0
E_pr17_scaled_7d_weighted_threshold_0_9_18,c8421a3d-cd85-4951-b70e-4f68f8eaa71e,392a03db-0ab2-42c7-bf58-3acde7de9d5d,2026-04-16 22:54:16.871019+00:00,approved,2,45.0,6,True,,True,0.0
E_pr17_scaled_7d_weighted_threshold_0_9_18,74c6ae67-f75c-4cdd-b5f3-e9e76a4d426a,392a03db-0ab2-42c7-bf58-3acde7de9d5d,2026-04-16 22:58:07.424834+00:00,approved,4,45.0,7,True,,True,0.0
E_pr17_scaled_7d_weighted_threshold_0_9_18,20f70b28-dfac-4228-9122-c615d7bb23d6,392a03db-0ab2-42c7-bf58-3acde7de9d5d,2026-04-16 23:02:16.841255+00:00,approved,2,45.0,8,True,,True,0.0
E_pr17_scaled_7d_weighted_threshold_0_9_18,bc1c9483-ba77-435d-aed9-e1990cad7609,a57f0fd6-6977-43c3-86bb-cd34ef2a7a29,2026-04-17 13:57:05.967004+00:00,pending,1,206.0,0,True,,True,0.0
E_pr17_scaled_7d_weighted_threshold_0_9_18,5878d3c0-204a-4701-8050-089d53d04803,a57f0fd6-6977-43c3-86bb-cd34ef2a7a29,2026-04-17 14:35:08.883040+00:00,pending,1,206.0,1,True,,True,0.0
E_pr17_scaled_7d_weighted_threshold_0_9_18,09487269-ba97-4199-9666-f7385e0ca46f,a57f0fd6-6977-43c3-86bb-cd34ef2a7a29,2026-04-17 18:06:35.193034+00:00,pending,1,206.0,2,True,,True,0.0
E_pr17_scaled_7d_weighted_threshold_0_9_18,f1cb12cf-484f-40c0-b762-e822cc14b952,a57f0fd6-6977-43c3-86bb-cd34ef2a7a29,2026-04-17 18:18:35.894494+00:00,pending,3,206.0,3,True,,True,0.0
E_pr17_scaled_7d_weighted_threshold_0_9_18,38fca065-b03e-44ce-a1f0-38a28df86325,4ce403f9-c662-4caa-8576-c10e71f01c4b,2026-04-17 19:42:50.478406+00:00,pending,2,83.0,0,True,,True,0.0
E_pr17_scaled_7d_weighted_threshold_0_9_18,838f9867-6d6d-4019-afe2-ce01d9b9432d,4ce403f9-c662-4caa-8576-c10e71f01c4b,2026-04-17 19:44:59.822102+00:00,pending,2,83.0,1,True,,True,0.0
E_pr17_scaled_7d_weighted_threshold_0_9_18,980ccafe-c454-4903-b2cc-16ed817cd67e,a57f0fd6-6977-43c3-86bb-cd34ef2a7a29,2026-04-17 19:55:15.132300+00:00,pending,2,206.0,4,True,,True,0.0
E_pr17_scaled_7d_weighted_threshold_0_9_18,af228821-af4a-4f94-89a7-710e28fcc49f,a57f0fd6-6977-43c3-86bb-cd34ef2a7a29,2026-04-17 20:06:54.978003+00:00,pending,2,194.0,5,True,,True,0.0
E_pr17_scaled_7d_weighted_threshold_0_9_18,3580b235-f813-40f5-a638-10b5dc0890c0,a57f0fd6-6977-43c3-86bb-cd34ef2a7a29,2026-04-17 20:17:17.107907+00:00,pending,2,194.0,6,True,,True,0.0
E_pr17_scaled_7d_weighted_threshold_0_9_18,1cfe8b08-dd4d-4a82-a836-c9f9a9e106cc,4ce403f9-c662-4caa-8576-c10e71f01c4b,2026-04-17 21:52:15.388621+00:00,pending,3,80.0,2,True,,True,0.0
E_pr17_scaled_7d_weighted_threshold_0_9_18,5b955585-b85a-4cec-aaae-2ecaa11d9a9c,a57f0fd6-6977-43c3-86bb-cd34ef2a7a29,2026-04-18 00:15:24.212370+00:00,pending,2,200.0,0,True,,True,0.0
E_pr17_scaled_7d_weighted_threshold_0_9_18,584dd41b-7c09-46c0-9c0e-f44188a707cd,a57f0fd6-6977-43c3-86bb-cd34ef2a7a29,2026-04-18 00:27:51.074083+00:00,pending,2,200.0,1,True,,True,0.0
E_pr17_scaled_7d_weighted_threshold_0_9_18,fa632f8a-6661-408c-bd7b-b29035dce656,392a03db-0ab2-42c7-bf58-3acde7de9d5d,2026-04-18 02:01:21.134858+00:00,pending,4,54.0,0,True,,True,0.0
E_pr17_scaled_7d_weighted_threshold_0_9_18,a0e0cb9c-ce18-4327-a6b3-1846c877281a,392a03db-0ab2-42c7-bf58-3acde7de9d5d,2026-04-18 02:13:03.746119+00:00,approved,2,63.0,1,True,,True,0.0
E_pr17_scaled_7d_weighted_threshold_0_9_18,d129c327-56a6-4452-993f-d80b5ca8a6e7,a57f0fd6-6977-43c3-86bb-cd34ef2a7a29,2026-04-18 03:17:24.671702+00:00,pending,1,203.0,2,True,,True,0.0
E_pr17_scaled_7d_weighted_threshold_0_9_18,fc89967e-af03-4de0-ac8b-5c81471c29d6,392a03db-0ab2-42c7-bf58-3acde7de9d5d,2026-04-18 14:41:42.285259+00:00,pending,2,66.0,2,True,,True,0.0
E_pr17_scaled_7d_weighted_threshold_0_9_18,af6c3b42-1ffc-4188-a335-a3de5af08fae,392a03db-0ab2-42c7-bf58-3acde7de9d5d,2026-04-18 15:15:41.774206+00:00,approved,5,66.0,3,True,,True,0.0
E_pr17_scaled_7d_weighted_threshold_0_9_18,cdbd38f6-f2f3-4d46-875a-29c4bb33d40d,392a03db-0ab2-42c7-bf58-3acde7de9d5d,2026-04-18 18:04:18.728856+00:00,approved,2,66.0,4,True,,True,0.0
E_pr17_scaled_7d_weighted_threshold_0_9_18,1a060bef-914f-42bf-9899-f86e1ffcd699,ce6e5c8c-b2e1-4acd-89fe-b42fe49a86bc,2026-04-18 18:25:58.517742+00:00,approved,4,64.0,0,True,,True,0.0
E_pr17_scaled_7d_weighted_threshold_0_9_18,d597dc05-4f94-4cb0-bebc-34c6effe56c9,4ce403f9-c662-4caa-8576-c10e71f01c4b,2026-04-18 20:28:31.254844+00:00,pending,2,69.0,0,True,,True,0.0
E_pr17_scaled_7d_weighted_threshold_0_9_18,190e5cc6-d246-4bb8-9ec3-d320f1a74b11,68094f87-01d0-4966-aae7-21eb452e918d,2026-04-18 23:08:37.198011+00:00,approved,3,29.0,0,True,,True,0.0
E_pr17_scaled_7d_weighted_threshold_0_9_18,5cd78345-dbb7-430d-b879-6f028e735930,68094f87-01d0-4966-aae7-21eb452e918d,2026-04-18 23:17:36.316891+00:00,approved,4,29.0,1,True,,True,0.0
E_pr17_scaled_7d_weighted_threshold_0_9_18,e49fb55a-021e-4958-8e3f-82227c64b0cc,a57f0fd6-6977-43c3-86bb-cd34ef2a7a29,2026-04-18 23:56:45.621707+00:00,approved,3,169.0,3,True,,True,0.0
E_pr17_scaled_7d_weighted_threshold_0_9_18,32191593-d0c7-4536-a046-f0f3da62c0a9,a57f0fd6-6977-43c3-86bb-cd34ef2a7a29,2026-04-19 00:12:47.551636+00:00,pending,3,190.0,0,True,,True,0.0
E_pr17_scaled_7d_weighted_threshold_0_9_18,f2c575aa-3534-45be-9db1-498fe9686b5b,a57f0fd6-6977-43c3-86bb-cd34ef2a7a29,2026-04-19 00:21:52.666661+00:00,pending,1,190.0,1,True,,True,0.0
E_pr17_scaled_7d_weighted_threshold_0_9_18,42c04f89-150a-4fd5-997f-fcd66b17210e,a57f0fd6-6977-43c3-86bb-cd34ef2a7a29,2026-04-19 00:38:14.828239+00:00,pending,2,181.0,2,True,,True,0.0
E_pr17_scaled_7d_weighted_threshold_0_9_18,02b42f60-e086-474f-a6bd-6c4eadea3a4c,4ce403f9-c662-4caa-8576-c10e71f01c4b,2026-04-19 03:25:17.779442+00:00,approved,2,96.0,0,True,,True,0.0
E_pr17_scaled_7d_weighted_threshold_0_9_18,44996974-7584-450d-b4a1-db3b522f0e9c,4ce403f9-c662-4caa-8576-c10e71f01c4b,2026-04-19 03:46:24.644515+00:00,pending,1,96.0,1,True,,True,0.0
E_pr17_scaled_7d_weighted_threshold_0_9_18,02e8813d-1a1f-43c1-a2db-8c4507020d54,4ce403f9-c662-4caa-8576-c10e71f01c4b,2026-04-19 03:55:23.819416+00:00,pending,1,96.0,2,True,,True,0.0
E_pr17_scaled_7d_weighted_threshold_0_9_18,b544b2cf-a659-43ec-acf3-7935c3d2fe6b,4ce403f9-c662-4caa-8576-c10e71f01c4b,2026-04-19 04:23:55.055074+00:00,pending,1,96.0,3,True,,True,0.0
E_pr17_scaled_7d_weighted_threshold_0_9_18,f91233a0-d2f7-4f62-99c9-7811d5d8bc0c,4ce403f9-c662-4caa-8576-c10e71f01c4b,2026-04-19 04:30:53.751654+00:00,pending,1,96.0,4,True,,True,0.0
E_pr17_scaled_7d_weighted_threshold_0_9_18,3d4a44c7-f4e5-406c-b578-43e865a5b13a,4ce403f9-c662-4caa-8576-c10e71f01c4b,2026-04-19 04:35:43.444196+00:00,pending,2,96.0,5,True,,True,0.0
E_pr17_scaled_7d_weighted_threshold_0_9_18,c80e1419-6331-4396-857f-fbb808ac36b2,4ce403f9-c662-4caa-8576-c10e71f01c4b,2026-04-19 04:40:51.246881+00:00,pending,2,96.0,6,True,,True,0.0
E_pr17_scaled_7d_weighted_threshold_0_9_18,b5f7a4db-c7bc-4a77-916d-9028301bf5fc,4ce403f9-c662-4caa-8576-c10e71f01c4b,2026-04-19 04:44:44.257879+00:00,approved,2,96.0,7,True,,True,0.0
E_pr17_scaled_7d_weighted_threshold_0_9_18,9a9ade01-bd42-42dc-af47-1a9eb309d970,4ce403f9-c662-4caa-8576-c10e71f01c4b,2026-04-19 04:47:24.654038+00:00,approved,2,96.0,8,True,,True,0.0
E_pr17_scaled_7d_weighted_threshold_0_9_18,a7ceceb8-b488-49f7-9feb-a8b5220bec57,a57f0fd6-6977-43c3-86bb-cd34ef2a7a29,2026-04-19 12:52:02.015472+00:00,pending,2,166.0,3,True,,True,0.0
E_pr17_scaled_7d_weighted_threshold_0_9_18,68f72ef3-3228-4b12-ab9f-fb567650d7cf,a57f0fd6-6977-43c3-86bb-cd34ef2a7a29,2026-04-19 15:43:17.718537+00:00,pending,2,166.0,4,True,,True,0.0
E_pr17_scaled_7d_weighted_threshold_0_9_18,cdcb1425-4e88-4a51-a862-003a25f4bcee,a57f0fd6-6977-43c3-86bb-cd34ef2a7a29,2026-04-19 15:47:12.994733+00:00,pending,2,166.0,5,True,,True,0.0
E_pr17_scaled_7d_weighted_threshold_0_9_18,bd10d1fc-9736-4278-8a8c-980bb47aca68,392a03db-0ab2-42c7-bf58-3acde7de9d5d,2026-04-19 16:28:37.807544+00:00,pending,0,79.0,0,True,,True,0.0
E_pr17_scaled_7d_weighted_threshold_0_9_18,f98aea1f-fa85-44a7-97b2-5406ac7cec09,a57f0fd6-6977-43c3-86bb-cd34ef2a7a29,2026-04-19 19:39:51.380414+00:00,pending,3,166.0,6,True,,True,0.0
E_pr17_scaled_7d_weighted_threshold_0_9_18,5d9fbd2f-696a-4382-982a-49b151d26b2c,a57f0fd6-6977-43c3-86bb-cd34ef2a7a29,2026-04-19 23:59:57.800393+00:00,pending,2,166.0,7,True,,True,0.0
E_pr17_scaled_7d_weighted_threshold_0_9_18,2926d25c-727a-4376-8f46-2f11706b9308,a57f0fd6-6977-43c3-86bb-cd34ef2a7a29,2026-04-20 14:56:21.637710+00:00,pending,2,150.0,0,True,,True,0.0
E_pr17_scaled_7d_weighted_threshold_0_9_18,37fccae0-58a4-4b76-8c99-aba46a5f8d6c,392a03db-0ab2-42c7-bf58-3acde7de9d5d,2026-04-20 15:03:13.561334+00:00,pending,2,88.0,0,True,,True,0.0
E_pr17_scaled_7d_weighted_threshold_0_9_18,5935e8aa-6452-47ad-ae59-5f38a1a53268,a57f0fd6-6977-43c3-86bb-cd34ef2a7a29,2026-04-20 17:04:44.923694+00:00,pending,2,159.0,1,True,,True,0.0
E_pr17_scaled_7d_weighted_threshold_0_9_18,639809cf-83b5-47ba-a25c-45a0358f7797,a57f0fd6-6977-43c3-86bb-cd34ef2a7a29,2026-04-20 20:07:18.679294+00:00,pending,1,159.0,2,True,,True,0.0
E_pr17_scaled_7d_weighted_threshold_0_9_18,89ba2262-f3c5-4742-9f1c-d270433c2dd3,a57f0fd6-6977-43c3-86bb-cd34ef2a7a29,2026-04-20 20:39:03.435082+00:00,pending,1,159.0,3,True,,True,0.0
E_pr17_scaled_7d_weighted_threshold_0_9_18,0405fae8-11a4-478b-86e2-ed60e9a4a553,a57f0fd6-6977-43c3-86bb-cd34ef2a7a29,2026-04-20 20:47:39.666781+00:00,pending,1,159.0,4,True,,True,0.0
E_pr17_scaled_7d_weighted_threshold_0_9_18,39dd3801-1da4-432e-ae39-58660f1eb025,fd9b7f36-2943-4ceb-b658-83c814782ac3,2026-04-20 21:03:52.061313+00:00,approved,3,63.0,0,True,,True,0.0
E_pr17_scaled_7d_weighted_threshold_0_9_18,857572ac-0235-4ee4-9be2-343dca03d4fb,fd9b7f36-2943-4ceb-b658-83c814782ac3,2026-04-20 21:07:15.244606+00:00,approved,3,63.0,1,True,,True,0.0
E_pr17_scaled_7d_weighted_threshold_0_9_18,fd6c2eb7-0b67-4cf0-8995-5f833db2de7c,fd9b7f36-2943-4ceb-b658-83c814782ac3,2026-04-20 21:24:46.025928+00:00,approved,2,63.0,2,True,,True,0.0
E_pr17_scaled_7d_weighted_threshold_0_9_18,925e6ba8-9a3b-47f5-8267-819fce140b29,392a03db-0ab2-42c7-bf58-3acde7de9d5d,2026-04-20 21:56:01.354668+00:00,pending,0,95.0,1,True,,True,0.0
E_pr17_scaled_7d_weighted_threshold_0_9_18,c1b877a0-fc59-4924-a732-d7acb60add21,a57f0fd6-6977-43c3-86bb-cd34ef2a7a29,2026-04-20 22:21:25.228603+00:00,pending,3,161.0,5,True,,True,0.0
E_pr17_scaled_7d_weighted_threshold_0_9_18,3ce80d5a-b18d-49df-83d3-1bd8c05b29c8,392a03db-0ab2-42c7-bf58-3acde7de9d5d,2026-04-21 00:25:04.911204+00:00,pending,1,105.0,0,True,,True,0.0
E_pr17_scaled_7d_weighted_threshold_0_9_18,bd09e29c-76e6-4948-9ef1-f449a6e32c3d,fd9b7f36-2943-4ceb-b658-83c814782ac3,2026-04-21 02:45:57.447735+00:00,approved,2,81.0,0,True,,True,0.0
E_pr17_scaled_7d_weighted_threshold_0_9_18,f6fedc31-c141-42ac-bf7f-768eb1fba166,392a03db-0ab2-42c7-bf58-3acde7de9d5d,2026-04-21 03:26:02.023980+00:00,approved,3,114.0,1,True,,True,0.0
E_pr17_scaled_7d_weighted_threshold_0_9_18,d69a4f94-1f5a-4041-89f0-29e5f90a67ab,392a03db-0ab2-42c7-bf58-3acde7de9d5d,2026-04-21 04:09:18.084619+00:00,approved,1,114.0,2,True,,True,0.0
E_pr17_scaled_7d_weighted_threshold_0_9_18,c71db8b6-09cb-4491-b83c-0d396bac7a9e,392a03db-0ab2-42c7-bf58-3acde7de9d5d,2026-04-21 04:23:06.806990+00:00,approved,2,114.0,3,True,,True,0.0
E_pr17_scaled_7d_weighted_threshold_0_9_18,10c5e7ae-0a82-411a-8935-437970326f9b,392a03db-0ab2-42c7-bf58-3acde7de9d5d,2026-04-21 16:55:45.479127+00:00,pending,1,118.0,4,True,,True,0.0
E_pr17_scaled_7d_weighted_threshold_0_9_18,8677f3ed-2a98-478b-bcfa-bda614539b64,392a03db-0ab2-42c7-bf58-3acde7de9d5d,2026-04-21 17:01:47.864082+00:00,pending,0,118.0,5,True,,True,0.0
E_pr17_scaled_7d_weighted_threshold_0_9_18,c373da49-ee5f-4e09-a637-f9771a79b52c,392a03db-0ab2-42c7-bf58-3acde7de9d5d,2026-04-21 17:05:26.603280+00:00,pending,0,118.0,6,True,,True,0.0
E_pr17_scaled_7d_weighted_threshold_0_9_18,b71e2c04-bca2-4ac2-aee1-f876bf9ec139,392a03db-0ab2-42c7-bf58-3acde7de9d5d,2026-04-21 17:57:02.711606+00:00,pending,0,118.0,7,True,,True,0.0
E_pr17_scaled_7d_weighted_threshold_0_9_18,760810ad-f67b-4907-9538-41c07686095c,392a03db-0ab2-42c7-bf58-3acde7de9d5d,2026-04-21 21:13:42.061578+00:00,pending,0,118.0,8,True,,True,0.0
E_pr17_scaled_7d_weighted_threshold_0_9_18,5a41911b-3db6-4c2a-8b96-12db217cf850,392a03db-0ab2-42c7-bf58-3acde7de9d5d,2026-04-22 00:02:39.889179+00:00,pending,0,127.0,0,True,,True,0.0
E_pr17_scaled_7d_weighted_threshold_0_9_18,41f30708-2e2a-486b-bda8-b990008183b4,392a03db-0ab2-42c7-bf58-3acde7de9d5d,2026-04-22 00:11:18.298241+00:00,pending,0,136.0,1,True,,True,0.0
E_pr17_scaled_7d_weighted_threshold_0_9_18,d9b483d8-5193-4f23-99d4-c343f81bb410,392a03db-0ab2-42c7-bf58-3acde7de9d5d,2026-04-22 00:42:56.943524+00:00,pending,1,137.0,2,True,,True,0.0
E_pr17_scaled_7d_weighted_threshold_0_9_18,5f00eb22-a793-40f7-b829-0f6b136fe951,392a03db-0ab2-42c7-bf58-3acde7de9d5d,2026-04-22 03:51:05.853886+00:00,pending,0,137.0,3,True,,True,0.0
E_pr17_scaled_7d_weighted_threshold_0_9_18,216ce11e-a7d9-45f8-996d-3afe35e36be6,392a03db-0ab2-42c7-bf58-3acde7de9d5d,2026-04-22 15:36:51.417391+00:00,approved,1,137.0,4,True,,True,0.0
E_pr17_scaled_7d_weighted_threshold_0_9_18,2c029705-a38a-47a2-94d6-881887522d0b,392a03db-0ab2-42c7-bf58-3acde7de9d5d,2026-04-22 15:49:32.242549+00:00,approved,1,137.0,5,True,,True,0.0
E_pr17_scaled_7d_weighted_threshold_0_9_18,7c076b17-8360-4d23-8e52-d83f7a0473ab,a57f0fd6-6977-43c3-86bb-cd34ef2a7a29,2026-04-22 17:01:30.494248+00:00,pending,1,124.0,0,True,,True,0.0
E_pr17_scaled_7d_weighted_threshold_0_9_18,bafa397b-8767-4d13-be64-07de8e226d07,392a03db-0ab2-42c7-bf58-3acde7de9d5d,2026-04-22 21:32:25.658050+00:00,pending,-1,130.0,6,True,,True,0.0
E_pr17_scaled_7d_weighted_threshold_0_9_18,66b42626-3f13-473c-a9cb-e658335f6b28,392a03db-0ab2-42c7-bf58-3acde7de9d5d,2026-04-22 21:34:43.837084+00:00,approved,2,130.0,7,True,,True,0.0
E_pr17_scaled_7d_weighted_threshold_0_9_18,3f13697b-8984-4f68-8007-b58e5c89a281,a57f0fd6-6977-43c3-86bb-cd34ef2a7a29,2026-04-22 23:32:10.106790+00:00,pending,0,130.0,1,True,,True,0.0
E_pr17_scaled_7d_weighted_threshold_0_9_18,cefaf20a-a919-42e2-ae46-706c3cfe60c0,fd9b7f36-2943-4ceb-b658-83c814782ac3,2026-04-23 02:17:28.928469+00:00,pending,0,56.0,0,True,,True,0.0
E_pr17_scaled_7d_weighted_threshold_0_9_18,f1bb68fb-ea55-4515-814b-5f8d16ce4876,fd9b7f36-2943-4ceb-b658-83c814782ac3,2026-04-23 02:39:02.579148+00:00,pending,1,56.0,1,True,,True,0.0
E_pr17_scaled_7d_weighted_threshold_0_9_18,13b37226-3ad0-4175-a391-2245ed0189bd,fd9b7f36-2943-4ceb-b658-83c814782ac3,2026-04-23 02:52:55.161676+00:00,pending,0,56.0,2,True,,True,0.0
E_pr17_scaled_7d_weighted_threshold_0_9_18,3035c992-455f-4f6e-9217-c0e883713600,fd9b7f36-2943-4ceb-b658-83c814782ac3,2026-04-23 03:23:13.893026+00:00,pending,1,56.0,3,True,,True,0.0
E_pr17_scaled_7d_weighted_threshold_0_9_18,84faab01-303e-4e90-95c4-c1332c456999,fd9b7f36-2943-4ceb-b658-83c814782ac3,2026-04-23 03:32:33.473055+00:00,pending,0,56.0,4,True,,True,0.0
E_pr17_scaled_7d_weighted_threshold_0_9_18,39c9b9a1-2c08-455f-bfe5-2dee5a1f2091,fd9b7f36-2943-4ceb-b658-83c814782ac3,2026-04-23 04:17:56.382850+00:00,pending,1,56.0,5,True,,True,0.0
E_pr17_scaled_7d_weighted_threshold_0_9_18,a8f4693d-ae2c-4ede-81d6-24da37de6333,392a03db-0ab2-42c7-bf58-3acde7de9d5d,2026-04-23 04:27:46.677841+00:00,pending,0,124.0,0,True,,True,0.0
E_pr17_scaled_7d_weighted_threshold_0_9_18,3676fab2-3ba7-40e4-9e50-4b2dda419021,fd9b7f36-2943-4ceb-b658-83c814782ac3,2026-04-23 04:29:15.032854+00:00,pending,1,56.0,6,True,,True,0.0
E_pr17_scaled_7d_weighted_threshold_0_9_18,d675590c-30b6-4d08-93d3-c3c3287aa5af,392a03db-0ab2-42c7-bf58-3acde7de9d5d,2026-04-23 04:42:20.720666+00:00,pending,0,133.0,1,True,,True,0.0
E_pr17_scaled_7d_weighted_threshold_0_9_18,0e9dc353-e081-4af3-b427-9374dd613f55,392a03db-0ab2-42c7-bf58-3acde7de9d5d,2026-04-23 05:04:33.850263+00:00,pending,1,136.0,2,True,,True,0.0
E_pr17_scaled_7d_weighted_threshold_0_9_18,f2f48a46-184a-436b-96ac-68214a69ac1f,a57f0fd6-6977-43c3-86bb-cd34ef2a7a29,2026-04-23 11:03:06.729989+00:00,pending,0,122.0,0,True,,True,0.0
E_pr17_scaled_7d_weighted_threshold_0_9_18,14dd599c-1f0f-42db-bbaa-2378626058f9,68094f87-01d0-4966-aae7-21eb452e918d,2026-04-23 12:53:28.648495+00:00,approved,1,49.0,0,True,,True,0.0
E_pr17_scaled_7d_weighted_threshold_0_9_18,5d5ec15d-997d-4085-859a-7697821ef619,68094f87-01d0-4966-aae7-21eb452e918d,2026-04-23 12:57:12.311955+00:00,approved,1,49.0,1,True,,True,0.0
E_pr17_scaled_7d_weighted_threshold_0_9_18,fbfa501c-b933-4ef8-a9c4-76e4e3d86f10,a57f0fd6-6977-43c3-86bb-cd34ef2a7a29,2026-04-23 13:39:04.289041+00:00,pending,1,127.0,1,True,,True,0.0
E_pr17_scaled_7d_weighted_threshold_0_9_18,e0bdd64a-d824-499e-84ea-1beb17f68e41,a57f0fd6-6977-43c3-86bb-cd34ef2a7a29,2026-04-23 13:40:23.558036+00:00,pending,1,127.0,2,True,,True,0.0
E_pr17_scaled_7d_weighted_threshold_0_9_18,4e679b0d-0eac-49ef-b9d0-e507c53510e1,a57f0fd6-6977-43c3-86bb-cd34ef2a7a29,2026-04-23 13:53:51.438518+00:00,pending,1,127.0,3,True,,True,0.0
E_pr17_scaled_7d_weighted_threshold_0_9_18,11c97a8f-951c-4d17-b936-9e1f36727e03,fd9b7f36-2943-4ceb-b658-83c814782ac3,2026-04-23 14:06:40.933024+00:00,approved,1,55.0,7,True,,True,0.0
E_pr17_scaled_7d_weighted_threshold_0_9_18,b4eae83b-1512-4989-bb17-229a33471cf0,fd9b7f36-2943-4ceb-b658-83c814782ac3,2026-04-23 14:18:38.796016+00:00,approved,1,55.0,8,True,,True,0.0
E_pr17_scaled_7d_weighted_threshold_0_9_18,9d9f7995-fc23-4438-9343-5b7b64d30ef2,fd9b7f36-2943-4ceb-b658-83c814782ac3,2026-04-23 14:26:18.471395+00:00,pending,0,55.0,9,True,,True,0.0
E_pr17_scaled_7d_weighted_threshold_0_9_18,6535ab26-7cc7-4e1a-bcd5-c9ccaf41a0c7,fd9b7f36-2943-4ceb-b658-83c814782ac3,2026-04-23 15:44:47.964355+00:00,approved,0,57.0,10,True,,True,0.0
E_pr17_scaled_7d_weighted_threshold_0_9_18,0bc00399-96e9-4634-8cdf-fc6a615b8128,a57f0fd6-6977-43c3-86bb-cd34ef2a7a29,2026-04-23 20:59:27.129002+00:00,approved,1,130.0,4,True,,True,0.0
E_pr17_scaled_7d_weighted_threshold_0_9_18,5cf1f5e8-fc0b-4014-a3ec-1290365803cb,a57f0fd6-6977-43c3-86bb-cd34ef2a7a29,2026-04-23 21:09:14.097552+00:00,approved,1,130.0,5,True,,True,0.0
E_pr17_scaled_7d_weighted_threshold_0_9_18,b60b327e-7e64-4719-8e86-80a63f9a62e6,392a03db-0ab2-42c7-bf58-3acde7de9d5d,2026-04-23 21:48:26.062181+00:00,rejected,0,125.0,3,True,,True,0.0
E_pr17_scaled_7d_weighted_threshold_0_9_18,e40500b1-6382-4d49-ba26-f479ad3f3c7a,392a03db-0ab2-42c7-bf58-3acde7de9d5d,2026-04-23 21:57:03.423844+00:00,pending,0,125.0,4,True,,True,0.0
E_pr17_scaled_7d_weighted_threshold_0_9_18,7d1c5441-c973-4308-a1a9-afc452046490,69ce191d-25f7-4ae6-b5fc-26bdc90e84aa,2026-04-23 22:26:40.210131+00:00,pending,0,34.0,0,True,,True,0.0
E_pr17_scaled_7d_weighted_threshold_0_9_18,be9840da-6763-4d04-af37-6587408eda67,392a03db-0ab2-42c7-bf58-3acde7de9d5d,2026-04-24 02:00:36.899016+00:00,pending,0,134.0,0,True,,True,0.0
E_pr17_scaled_7d_weighted_threshold_0_9_18,d6c07639-0259-4817-a25a-b89c3f82829e,392a03db-0ab2-42c7-bf58-3acde7de9d5d,2026-04-24 02:06:33.619193+00:00,approved,1,140.0,1,True,,True,0.0
F_entry_only_7d_threshold_0_3_6,5331584a-56bb-46d0-9493-56b622c9e4bf,a57f0fd6-6977-43c3-86bb-cd34ef2a7a29,2026-03-14 18:40:57.454405+00:00,approved,1,0.0,0,True,1.0,False,3.0
F_entry_only_7d_threshold_0_3_6,32262f76-1a59-43d6-9a94-840a38a79439,a57f0fd6-6977-43c3-86bb-cd34ef2a7a29,2026-03-14 18:54:05.649655+00:00,approved,0,0.0,1,False,1.0,False,3.0
F_entry_only_7d_threshold_0_3_6,e38bbdb3-dab1-4f9c-8956-21842cdf509b,a57f0fd6-6977-43c3-86bb-cd34ef2a7a29,2026-03-14 20:07:34.507547+00:00,approved,0,0.0,2,False,1.0,False,3.0
F_entry_only_7d_threshold_0_3_6,c106ddb2-8db7-44a3-942d-cacf45f27430,a57f0fd6-6977-43c3-86bb-cd34ef2a7a29,2026-03-14 20:18:35.154922+00:00,approved,-1,0.0,3,False,1.0,False,3.0
F_entry_only_7d_threshold_0_3_6,393477f3-c9f7-49f2-a6e5-025c8ea2ca3f,60264769-e015-4dba-b2f4-6bfdffed12b3,2026-03-14 20:35:41.056139+00:00,approved,3,0.0,0,True,1.0,False,3.0
F_entry_only_7d_threshold_0_3_6,61866180-9717-41cc-8e26-f90cd8775298,a57f0fd6-6977-43c3-86bb-cd34ef2a7a29,2026-03-14 20:54:18.168454+00:00,approved,1,0.0,4,False,1.0,False,3.0
F_entry_only_7d_threshold_0_3_6,449a3467-b150-4f07-9ed7-3a3804f6f525,68094f87-01d0-4966-aae7-21eb452e918d,2026-03-14 21:15:17.675527+00:00,approved,2,0.0,0,True,1.0,False,3.0
F_entry_only_7d_threshold_0_3_6,d3772e60-a8c7-4ad7-ad14-4e30f67ef7ed,a57f0fd6-6977-43c3-86bb-cd34ef2a7a29,2026-03-14 21:26:35.667080+00:00,approved,0,0.0,5,False,1.0,False,3.0
F_entry_only_7d_threshold_0_3_6,a6e2e580-3be5-411b-8ece-7b2b12663cf7,a57f0fd6-6977-43c3-86bb-cd34ef2a7a29,2026-03-14 21:34:28.210456+00:00,approved,1,0.0,6,False,1.0,False,3.0
F_entry_only_7d_threshold_0_3_6,c33c69e0-9ab8-401f-8b56-d1f8a735649f,69ce191d-25f7-4ae6-b5fc-26bdc90e84aa,2026-03-14 22:45:39.748380+00:00,rejected,0,6.0,0,True,,True,0.0
F_entry_only_7d_threshold_0_3_6,f605b9e6-29c7-49a0-adfc-b8f4138f32a3,69ce191d-25f7-4ae6-b5fc-26bdc90e84aa,2026-03-14 22:50:32.694247+00:00,rejected,0,6.0,1,True,,True,0.0
F_entry_only_7d_threshold_0_3_6,6250524e-c541-4d10-bab9-ea97aabacb43,69ce191d-25f7-4ae6-b5fc-26bdc90e84aa,2026-03-15 00:41:50.652765+00:00,approved,1,7.0,0,True,,True,0.0
F_entry_only_7d_threshold_0_3_6,6752d281-bca4-45dc-af62-e8ffdbb6df8e,69ce191d-25f7-4ae6-b5fc-26bdc90e84aa,2026-03-15 02:47:58.927216+00:00,approved,1,7.0,1,True,,True,0.0
F_entry_only_7d_threshold_0_3_6,9a275745-4d67-4fac-ad72-dd5f78b54891,69ce191d-25f7-4ae6-b5fc-26bdc90e84aa,2026-03-15 12:36:10.145621+00:00,approved,0,7.0,2,True,,True,0.0
F_entry_only_7d_threshold_0_3_6,0f077339-92ef-453d-8e12-bf329e96840b,a57f0fd6-6977-43c3-86bb-cd34ef2a7a29,2026-03-15 13:53:41.279663+00:00,approved,2,2.0,0,True,1.0,False,1.0
F_entry_only_7d_threshold_0_3_6,05a7c900-212c-47d0-a604-08d140972f39,69ce191d-25f7-4ae6-b5fc-26bdc90e84aa,2026-03-15 13:54:25.369228+00:00,approved,2,7.0,3,True,,True,0.0
F_entry_only_7d_threshold_0_3_6,f64ac8c8-2cb4-45cf-99a0-82e63aa16cb2,a57f0fd6-6977-43c3-86bb-cd34ef2a7a29,2026-03-15 14:50:21.225860+00:00,approved,3,2.0,1,False,1.0,False,1.0
F_entry_only_7d_threshold_0_3_6,02ca4dcf-9767-4ca0-b57e-cfbea954d3ba,a57f0fd6-6977-43c3-86bb-cd34ef2a7a29,2026-03-15 15:00:20.072486+00:00,approved,1,2.0,2,False,1.0,False,1.0
F_entry_only_7d_threshold_0_3_6,595627e7-5482-4e29-8b00-817bc0024341,a57f0fd6-6977-43c3-86bb-cd34ef2a7a29,2026-03-16 10:27:01.354071+00:00,approved,1,4.0,0,True,2.0,False,2.0
F_entry_only_7d_threshold_0_3_6,aeef017d-33b4-4175-b9c9-b4bd065a1fcd,10293b59-6af4-4de0-9a6d-b87c2ed343a1,2026-03-16 15:28:13.382405+00:00,approved,2,0.0,0,True,1.0,False,3.0
F_entry_only_7d_threshold_0_3_6,690426b4-a430-4b09-b9e9-a19aa2737b42,8f2ee531-41f7-4433-a49a-712adb50c585,2026-03-16 15:39:23.355309+00:00,approved,3,0.0,0,True,1.0,False,3.0
F_entry_only_7d_threshold_0_3_6,1de3eb0a-a6a5-4ba3-a24c-3c87e83ee7f3,8f2ee531-41f7-4433-a49a-712adb50c585,2026-03-16 15:46:52.287348+00:00,approved,2,0.0,1,False,1.0,False,3.0
F_entry_only_7d_threshold_0_3_6,8e1eaeb9-6bd0-4a03-95d5-1c70ba7dd28b,8f2ee531-41f7-4433-a49a-712adb50c585,2026-03-16 15:58:53.504299+00:00,approved,1,0.0,2,False,1.0,False,3.0
F_entry_only_7d_threshold_0_3_6,7d41ac98-8b30-44e7-a06f-bf54f2061b0d,8f2ee531-41f7-4433-a49a-712adb50c585,2026-03-16 16:04:07.212810+00:00,pending,0,0.0,3,False,1.0,False,3.0
F_entry_only_7d_threshold_0_3_6,d75c2ac8-8787-41c8-b255-55f8c28bec7b,8f2ee531-41f7-4433-a49a-712adb50c585,2026-03-16 16:08:26.937596+00:00,approved,1,0.0,4,False,1.0,False,3.0
F_entry_only_7d_threshold_0_3_6,a41727d6-20d6-4b81-961f-915ca3bf2196,8f2ee531-41f7-4433-a49a-712adb50c585,2026-03-16 16:13:10.493301+00:00,approved,4,0.0,5,False,1.0,False,3.0
F_entry_only_7d_threshold_0_3_6,1e4a525f-8ed6-4ac1-9209-53b24434739b,a57f0fd6-6977-43c3-86bb-cd34ef2a7a29,2026-03-16 16:37:45.247056+00:00,approved,1,10.0,1,True,,True,0.0
F_entry_only_7d_threshold_0_3_6,66c9a1a9-81d1-4976-80bb-bebfae5be88e,a57f0fd6-6977-43c3-86bb-cd34ef2a7a29,2026-03-16 16:53:37.868843+00:00,approved,1,10.0,2,True,,True,0.0
F_entry_only_7d_threshold_0_3_6,4aaa6014-d8b3-45dd-ba59-8b49c9948665,36e75d85-db7f-499d-8d6b-ee983421a046,2026-03-16 17:41:51.212050+00:00,approved,2,0.0,0,True,1.0,False,3.0
F_entry_only_7d_threshold_0_3_6,4b1e0615-6f87-4a75-9a64-5fab90bd763a,36e75d85-db7f-499d-8d6b-ee983421a046,2026-03-16 17:50:35.625234+00:00,pending,0,0.0,1,False,1.0,False,3.0
F_entry_only_7d_threshold_0_3_6,c449a355-4fae-426f-98cb-1b5538b688d5,36e75d85-db7f-499d-8d6b-ee983421a046,2026-03-16 17:55:09.206859+00:00,approved,1,0.0,2,False,1.0,False,3.0
F_entry_only_7d_threshold_0_3_6,21114c30-137b-4f51-b197-eef3673caadd,36e75d85-db7f-499d-8d6b-ee983421a046,2026-03-16 17:58:34.654377+00:00,approved,2,0.0,3,False,1.0,False,3.0
F_entry_only_7d_threshold_0_3_6,1c66ddd2-7036-4c2f-a514-234b6fc453c5,36e75d85-db7f-499d-8d6b-ee983421a046,2026-03-16 18:04:20.908920+00:00,approved,1,0.0,4,False,1.0,False,3.0
F_entry_only_7d_threshold_0_3_6,8b6021d1-ac56-4778-8a6f-6ed1a30138ca,36e75d85-db7f-499d-8d6b-ee983421a046,2026-03-16 18:08:15.920953+00:00,pending,0,0.0,5,False,1.0,False,3.0
F_entry_only_7d_threshold_0_3_6,e267eb2b-9598-4f0f-9fba-a07fb73b5173,36e75d85-db7f-499d-8d6b-ee983421a046,2026-03-16 18:12:11.007718+00:00,pending,0,0.0,6,False,1.0,False,3.0
F_entry_only_7d_threshold_0_3_6,433c9453-c3ee-4ada-b85a-441711c227c5,36e75d85-db7f-499d-8d6b-ee983421a046,2026-03-16 18:26:38.197371+00:00,pending,-1,1.0,7,False,1.0,False,2.0
F_entry_only_7d_threshold_0_3_6,5d62e42e-fc95-403a-b265-dd56eb40b260,36e75d85-db7f-499d-8d6b-ee983421a046,2026-03-16 18:28:42.441781+00:00,approved,1,1.0,8,False,1.0,False,2.0
F_entry_only_7d_threshold_0_3_6,63a6fc40-0d1e-4fde-9cd6-50f41df5ffc6,36e75d85-db7f-499d-8d6b-ee983421a046,2026-03-16 19:32:00.877372+00:00,pending,1,1.0,9,False,1.0,False,2.0
F_entry_only_7d_threshold_0_3_6,a58b2fdd-5377-41f3-8e14-d8a793af1942,36e75d85-db7f-499d-8d6b-ee983421a046,2026-03-16 20:00:55.490116+00:00,pending,0,1.0,10,False,1.0,False,2.0
F_entry_only_7d_threshold_0_3_6,2f9a9db3-10e4-4ae3-bd86-bfd2041bfeb1,36e75d85-db7f-499d-8d6b-ee983421a046,2026-03-16 20:26:15.397670+00:00,approved,1,1.0,11,False,1.0,False,2.0
F_entry_only_7d_threshold_0_3_6,ffcc8121-91cb-40c2-ab36-4b8f94889260,36e75d85-db7f-499d-8d6b-ee983421a046,2026-03-16 20:39:57.894230+00:00,pending,1,1.0,12,False,1.0,False,2.0
F_entry_only_7d_threshold_0_3_6,f84f7d7c-802f-41ee-88ec-c8ea3073cbf5,36e75d85-db7f-499d-8d6b-ee983421a046,2026-03-16 22:38:02.462374+00:00,approved,1,2.0,13,False,1.0,False,1.0
F_entry_only_7d_threshold_0_3_6,57e222a9-1143-416b-b24f-fb170a059722,36e75d85-db7f-499d-8d6b-ee983421a046,2026-03-16 22:43:43.457705+00:00,approved,1,2.0,14,False,1.0,False,1.0
F_entry_only_7d_threshold_0_3_6,9faa7537-17b1-4492-8399-a67cf278e5f1,36e75d85-db7f-499d-8d6b-ee983421a046,2026-03-16 23:27:26.123294+00:00,approved,1,2.0,15,False,1.0,False,1.0
F_entry_only_7d_threshold_0_3_6,9c6412f6-86a4-4932-95b1-b1aa8e604735,36e75d85-db7f-499d-8d6b-ee983421a046,2026-03-16 23:46:13.726291+00:00,approved,2,2.0,16,False,1.0,False,1.0
F_entry_only_7d_threshold_0_3_6,48d8dcc8-692b-4156-aa4f-625f8aea1661,36e75d85-db7f-499d-8d6b-ee983421a046,2026-03-17 00:09:10.369848+00:00,approved,1,2.0,0,True,1.0,False,1.0
F_entry_only_7d_threshold_0_3_6,c7092743-11a3-42bb-86e5-7e8117a5757f,36e75d85-db7f-499d-8d6b-ee983421a046,2026-03-17 00:14:34.852001+00:00,pending,0,2.0,1,False,1.0,False,1.0
F_entry_only_7d_threshold_0_3_6,b51c9675-6b80-44f8-a229-cf44ccb88c92,36e75d85-db7f-499d-8d6b-ee983421a046,2026-03-17 00:19:54.819121+00:00,pending,0,2.0,2,False,1.0,False,1.0
F_entry_only_7d_threshold_0_3_6,ee9dc332-6561-477d-af1c-22cd1384e475,a57f0fd6-6977-43c3-86bb-cd34ef2a7a29,2026-03-17 18:49:43.545135+00:00,pending,0,10.0,0,True,,True,0.0
F_entry_only_7d_threshold_0_3_6,d5f1ee08-36df-40e6-8e6a-1c56e912594a,a57f0fd6-6977-43c3-86bb-cd34ef2a7a29,2026-03-17 18:58:47.606389+00:00,pending,2,10.0,1,True,,True,0.0
F_entry_only_7d_threshold_0_3_6,2ea36044-6d48-4371-8c5d-d955df6d68ea,a57f0fd6-6977-43c3-86bb-cd34ef2a7a29,2026-03-17 20:20:28.233580+00:00,pending,2,11.0,2,True,,True,0.0
F_entry_only_7d_threshold_0_3_6,8096ff40-3c0b-414e-a6e1-eef07aa99e7f,a57f0fd6-6977-43c3-86bb-cd34ef2a7a29,2026-03-17 20:26:15.254983+00:00,pending,2,11.0,3,True,,True,0.0
F_entry_only_7d_threshold_0_3_6,418e4cd0-6103-4f1b-9eaf-69931c1674c8,a3cd0e01-82b4-4a40-bbfd-448afbe493a5,2026-03-17 21:01:19.683095+00:00,pending,0,0.0,0,True,1.0,False,3.0
F_entry_only_7d_threshold_0_3_6,14752602-af47-46be-92b7-1006e2fd594c,cdbc2977-3feb-4b78-967e-7636db3986d5,2026-03-17 21:10:01.275748+00:00,pending,2,0.0,0,True,1.0,False,3.0
F_entry_only_7d_threshold_0_3_6,c311b020-b9b7-4474-be49-ecb53356f56c,cdbc2977-3feb-4b78-967e-7636db3986d5,2026-03-17 21:17:04.016034+00:00,pending,3,0.0,1,False,1.0,False,3.0
F_entry_only_7d_threshold_0_3_6,b397c158-17f5-4db5-aed6-af055438c82a,cdbc2977-3feb-4b78-967e-7636db3986d5,2026-03-17 21:29:05.622704+00:00,approved,2,0.0,2,False,1.0,False,3.0
F_entry_only_7d_threshold_0_3_6,19fe85b3-e0df-49ba-9aaa-c48ad5b6fcf4,cdbc2977-3feb-4b78-967e-7636db3986d5,2026-03-17 21:48:12.648546+00:00,pending,0,0.0,3,False,1.0,False,3.0
F_entry_only_7d_threshold_0_3_6,3427d60c-c677-4b79-bd9e-0c05512302bd,cdbc2977-3feb-4b78-967e-7636db3986d5,2026-03-17 21:54:05.533970+00:00,approved,1,0.0,4,False,1.0,False,3.0
F_entry_only_7d_threshold_0_3_6,a0b62e05-8af4-4fa3-be0d-0571bc14da76,cdbc2977-3feb-4b78-967e-7636db3986d5,2026-03-17 22:10:42.802094+00:00,approved,1,0.0,5,False,1.0,False,3.0
F_entry_only_7d_threshold_0_3_6,dfafca12-f628-4370-977b-59dd682e4375,cdbc2977-3feb-4b78-967e-7636db3986d5,2026-03-17 22:18:28.552148+00:00,approved,3,0.0,6,False,1.0,False,3.0
F_entry_only_7d_threshold_0_3_6,3ef7bfd5-624d-4768-a779-ece5c2f129a1,cdbc2977-3feb-4b78-967e-7636db3986d5,2026-03-17 22:36:31.395437+00:00,approved,1,0.0,7,False,1.0,False,3.0
F_entry_only_7d_threshold_0_3_6,0dddc6bb-3c37-4214-964c-77907c7601ea,36e75d85-db7f-499d-8d6b-ee983421a046,2026-03-18 00:58:51.421217+00:00,pending,0,4.0,0,True,2.0,False,2.0
F_entry_only_7d_threshold_0_3_6,c009a013-aeed-4725-9630-a88eaa40ebac,a57f0fd6-6977-43c3-86bb-cd34ef2a7a29,2026-03-18 02:57:16.836460+00:00,approved,1,11.0,0,True,,True,0.0
F_entry_only_7d_threshold_0_3_6,a3a49861-8ca9-4bd7-a8a0-7ca7c39e2ed4,a57f0fd6-6977-43c3-86bb-cd34ef2a7a29,2026-03-18 03:01:11.061988+00:00,approved,2,11.0,1,True,,True,0.0
F_entry_only_7d_threshold_0_3_6,0d1e4266-0db8-4823-bca4-32ed82383bc0,69ce191d-25f7-4ae6-b5fc-26bdc90e84aa,2026-03-18 15:24:05.807237+00:00,approved,1,21.0,0,True,,True,0.0
F_entry_only_7d_threshold_0_3_6,835de9cc-b5da-42e0-8f78-0c96ddcf42f6,a57f0fd6-6977-43c3-86bb-cd34ef2a7a29,2026-03-18 15:54:03.287158+00:00,approved,0,13.0,2,True,,True,0.0
F_entry_only_7d_threshold_0_3_6,dae06965-2c2a-4de2-ad93-eab99d273db4,a57f0fd6-6977-43c3-86bb-cd34ef2a7a29,2026-03-18 16:05:34.392396+00:00,approved,0,13.0,3,True,,True,0.0
F_entry_only_7d_threshold_0_3_6,ef677fa9-4d7e-41d4-a8d0-cdefb9b9bd52,a57f0fd6-6977-43c3-86bb-cd34ef2a7a29,2026-03-18 16:09:10.773825+00:00,approved,2,13.0,4,True,,True,0.0
F_entry_only_7d_threshold_0_3_6,0484e948-9f4b-4745-ab84-5b8e2e137c97,a57f0fd6-6977-43c3-86bb-cd34ef2a7a29,2026-03-18 16:28:36.712114+00:00,approved,1,13.0,5,True,,True,0.0
F_entry_only_7d_threshold_0_3_6,8d47ea60-8e9c-4e1e-9b90-308c1a5aa8dd,a57f0fd6-6977-43c3-86bb-cd34ef2a7a29,2026-03-18 16:31:51.909477+00:00,approved,-1,13.0,6,True,,True,0.0
F_entry_only_7d_threshold_0_3_6,9fb0874e-d656-4c62-bc9e-793f083c4aec,36e75d85-db7f-499d-8d6b-ee983421a046,2026-03-18 17:51:39.958836+00:00,pending,0,4.0,1,True,2.0,False,2.0
F_entry_only_7d_threshold_0_3_6,6111c7a3-134a-4bc6-9f9c-02d907550d59,36e75d85-db7f-499d-8d6b-ee983421a046,2026-03-18 18:06:03.180098+00:00,pending,0,4.0,2,False,2.0,False,2.0
F_entry_only_7d_threshold_0_3_6,2d70c0ee-49e2-40cc-8ef4-398a015b31ba,36e75d85-db7f-499d-8d6b-ee983421a046,2026-03-18 18:13:37.334836+00:00,pending,0,4.0,3,False,2.0,False,2.0
F_entry_only_7d_threshold_0_3_6,384fc819-2ab4-431d-8f75-5c0757e6b525,a57f0fd6-6977-43c3-86bb-cd34ef2a7a29,2026-03-18 18:19:02.925571+00:00,approved,1,13.0,7,True,,True,0.0
F_entry_only_7d_threshold_0_3_6,66461198-07c6-48c4-ab40-a02eb5d6bde7,36e75d85-db7f-499d-8d6b-ee983421a046,2026-03-18 18:20:18.239183+00:00,pending,0,4.0,4,False,2.0,False,2.0
F_entry_only_7d_threshold_0_3_6,67abe8d6-eb4b-4771-adf0-9fecffee7139,a57f0fd6-6977-43c3-86bb-cd34ef2a7a29,2026-03-19 18:29:05.346131+00:00,approved,1,13.0,0,True,,True,0.0
F_entry_only_7d_threshold_0_3_6,f85ed7c0-d67c-4d5a-9dfa-09eca6f5fcf7,a57f0fd6-6977-43c3-86bb-cd34ef2a7a29,2026-03-19 18:33:07.613704+00:00,approved,0,13.0,1,True,,True,0.0
F_entry_only_7d_threshold_0_3_6,9a8011df-915a-4a0d-9dcf-bd245536203d,a57f0fd6-6977-43c3-86bb-cd34ef2a7a29,2026-03-19 18:36:55.954681+00:00,approved,0,13.0,2,True,,True,0.0
F_entry_only_7d_threshold_0_3_6,e67af038-f163-4b95-8d31-8c003ca8318e,a57f0fd6-6977-43c3-86bb-cd34ef2a7a29,2026-03-19 18:39:26.892431+00:00,approved,0,13.0,3,True,,True,0.0
F_entry_only_7d_threshold_0_3_6,895dd77b-e931-4b45-bc3b-337dc5cab355,a57f0fd6-6977-43c3-86bb-cd34ef2a7a29,2026-03-19 18:41:22.002985+00:00,approved,0,13.0,4,True,,True,0.0
F_entry_only_7d_threshold_0_3_6,8ef6e1b0-dd24-4784-8aaa-51a26340a1a9,e118f03c-0bb2-4c81-903d-b02f4aa15f26,2026-03-20 12:31:25.048261+00:00,approved,1,1.0,0,True,1.0,False,2.0
F_entry_only_7d_threshold_0_3_6,d54d8072-5523-4404-9066-5ec556fea623,a57f0fd6-6977-43c3-86bb-cd34ef2a7a29,2026-03-20 13:18:19.806689+00:00,approved,0,25.0,0,True,,True,0.0
F_entry_only_7d_threshold_0_3_6,a8f8e90b-bf84-4c42-80c2-7c961cb8df24,e118f03c-0bb2-4c81-903d-b02f4aa15f26,2026-03-20 20:56:09.032185+00:00,approved,2,1.0,1,False,1.0,False,2.0
F_entry_only_7d_threshold_0_3_6,c3de7c3b-9136-4c78-82e3-9e478074b36e,a57f0fd6-6977-43c3-86bb-cd34ef2a7a29,2026-03-20 21:48:15.445281+00:00,approved,0,26.0,1,True,,True,0.0
F_entry_only_7d_threshold_0_3_6,7ccb6046-0ee7-49bd-a053-6a31624f6266,36e75d85-db7f-499d-8d6b-ee983421a046,2026-03-21 22:03:47.611550+00:00,pending,1,9.0,0,True,,True,0.0
F_entry_only_7d_threshold_0_3_6,8175e9d8-7fe3-4004-af4c-5e20150faf4f,fd9b7f36-2943-4ceb-b658-83c814782ac3,2026-03-23 16:01:44.463596+00:00,approved,3,0.0,0,True,1.0,False,3.0
F_entry_only_7d_threshold_0_3_6,7a87f3fb-fb63-49df-b252-314e9c2d979f,36e75d85-db7f-499d-8d6b-ee983421a046,2026-03-23 16:19:42.291725+00:00,pending,-2,10.0,0,True,,True,0.0
F_entry_only_7d_threshold_0_3_6,ccc8ddea-af31-4cf3-980e-a80c23c040bc,a57f0fd6-6977-43c3-86bb-cd34ef2a7a29,2026-03-23 20:07:13.840083+00:00,approved,1,16.0,0,True,,True,0.0
F_entry_only_7d_threshold_0_3_6,9abe6a8f-e1f0-40e8-a26b-e925b5da9d7f,a57f0fd6-6977-43c3-86bb-cd34ef2a7a29,2026-03-24 00:29:00.388204+00:00,approved,1,17.0,0,True,,True,0.0
F_entry_only_7d_threshold_0_3_6,d4b0dcb4-ad94-47f1-b879-9a849ea28078,ce6e5c8c-b2e1-4acd-89fe-b42fe49a86bc,2026-03-24 00:29:00.682685+00:00,approved,1,8.0,0,True,,True,0.0
F_entry_only_7d_threshold_0_3_6,2f5b98a7-ba9e-46ab-8371-93d9184220b5,a57f0fd6-6977-43c3-86bb-cd34ef2a7a29,2026-03-24 00:33:38.065395+00:00,approved,2,17.0,1,True,,True,0.0
F_entry_only_7d_threshold_0_3_6,46ca0aad-95f5-4fbd-960d-46f69c7e7b4b,a57f0fd6-6977-43c3-86bb-cd34ef2a7a29,2026-03-24 00:43:41.171414+00:00,approved,1,17.0,2,True,,True,0.0
F_entry_only_7d_threshold_0_3_6,710898ff-ce7e-4920-a828-3896c0baecbf,e118f03c-0bb2-4c81-903d-b02f4aa15f26,2026-03-24 00:43:44.593683+00:00,approved,1,0.0,0,True,1.0,False,3.0
F_entry_only_7d_threshold_0_3_6,f5f43cd0-bdfa-49aa-8f22-43ddfc5e4a7a,a57f0fd6-6977-43c3-86bb-cd34ef2a7a29,2026-03-24 00:50:19.133495+00:00,approved,0,17.0,3,True,,True,0.0
F_entry_only_7d_threshold_0_3_6,cb87c5b0-2bc5-46cf-aaba-4ee6b5f589f1,a57f0fd6-6977-43c3-86bb-cd34ef2a7a29,2026-03-24 00:55:31.737668+00:00,approved,0,18.0,4,True,,True,0.0
F_entry_only_7d_threshold_0_3_6,3989f0d8-2cea-4103-8c9a-27010f70bafd,a57f0fd6-6977-43c3-86bb-cd34ef2a7a29,2026-03-24 02:34:16.530377+00:00,approved,0,20.0,5,True,,True,0.0
F_entry_only_7d_threshold_0_3_6,98a17281-10ba-49d5-af16-cd6992c9f9bc,a57f0fd6-6977-43c3-86bb-cd34ef2a7a29,2026-03-24 13:25:46.923702+00:00,approved,0,20.0,6,True,,True,0.0
F_entry_only_7d_threshold_0_3_6,039e2055-8b61-4dbd-9999-0152e8d15509,69ce191d-25f7-4ae6-b5fc-26bdc90e84aa,2026-03-24 13:33:28.584503+00:00,approved,1,7.0,0,True,,True,0.0
F_entry_only_7d_threshold_0_3_6,50486d05-3d87-4323-91b2-41d3db524ab9,68094f87-01d0-4966-aae7-21eb452e918d,2026-03-24 13:49:35.111701+00:00,approved,1,0.0,0,True,1.0,False,3.0
F_entry_only_7d_threshold_0_3_6,40cb1f23-379a-4c3b-a365-9c75203aebfb,a57f0fd6-6977-43c3-86bb-cd34ef2a7a29,2026-03-24 13:58:55.232309+00:00,approved,0,20.0,7,True,,True,0.0
F_entry_only_7d_threshold_0_3_6,fe24a861-b46e-4c92-b031-bf2d434efca9,a57f0fd6-6977-43c3-86bb-cd34ef2a7a29,2026-03-24 14:08:26.910264+00:00,approved,1,22.0,8,True,,True,0.0
F_entry_only_7d_threshold_0_3_6,8bc389d6-4dbd-4646-a873-e09be9be7d42,f63c93e7-16f1-4495-8e5f-220cf1bd0587,2026-03-24 14:31:00.736632+00:00,approved,2,0.0,0,True,1.0,False,3.0
F_entry_only_7d_threshold_0_3_6,cf6e1226-db19-48c6-919b-e6d0afad6504,f63c93e7-16f1-4495-8e5f-220cf1bd0587,2026-03-24 14:35:55.424486+00:00,approved,2,0.0,1,False,1.0,False,3.0
F_entry_only_7d_threshold_0_3_6,5df003db-e875-476e-be06-c29095117b6f,ce6e5c8c-b2e1-4acd-89fe-b42fe49a86bc,2026-03-25 00:04:06.339787+00:00,approved,1,15.0,0,True,,True,0.0
F_entry_only_7d_threshold_0_3_6,41792c0f-bd2b-4346-9fd0-17bba1c412b6,36e75d85-db7f-499d-8d6b-ee983421a046,2026-03-25 00:15:56.900776+00:00,approved,2,6.0,0,True,,True,0.0
F_entry_only_7d_threshold_0_3_6,909fed24-4625-460b-81a3-95b29b105583,a57f0fd6-6977-43c3-86bb-cd34ef2a7a29,2026-03-25 02:43:59.972057+00:00,approved,0,26.0,0,True,,True,0.0
F_entry_only_7d_threshold_0_3_6,bd7afdaf-ebe7-4255-9e0e-9626a686a9b4,68094f87-01d0-4966-aae7-21eb452e918d,2026-03-25 03:41:26.813222+00:00,approved,1,0.0,0,True,1.0,False,3.0
F_entry_only_7d_threshold_0_3_6,4a15402c-a9f0-4441-846a-10155ff370b7,a57f0fd6-6977-43c3-86bb-cd34ef2a7a29,2026-03-25 03:46:24.362693+00:00,approved,1,27.0,1,True,,True,0.0
F_entry_only_7d_threshold_0_3_6,48a1f266-be42-4660-8520-cf8dae598de7,a57f0fd6-6977-43c3-86bb-cd34ef2a7a29,2026-03-25 03:51:50.900434+00:00,approved,3,27.0,2,True,,True,0.0
F_entry_only_7d_threshold_0_3_6,9acfb7dc-b0a8-4339-82bf-005dde6940ab,a57f0fd6-6977-43c3-86bb-cd34ef2a7a29,2026-03-25 03:59:26.187461+00:00,approved,0,27.0,3,True,,True,0.0
F_entry_only_7d_threshold_0_3_6,271e9035-005a-45dc-b5eb-d8ae8b7d4737,ce6e5c8c-b2e1-4acd-89fe-b42fe49a86bc,2026-03-25 15:06:51.088392+00:00,approved,1,16.0,1,True,,True,0.0
F_entry_only_7d_threshold_0_3_6,59b36345-9456-4037-bd22-7c804979f3d9,a57f0fd6-6977-43c3-86bb-cd34ef2a7a29,2026-03-25 16:04:41.051777+00:00,approved,0,25.0,4,True,,True,0.0
F_entry_only_7d_threshold_0_3_6,2651bdd6-a63b-4429-ba43-76dd4213ba0a,36e75d85-db7f-499d-8d6b-ee983421a046,2026-03-25 19:21:33.255784+00:00,approved,3,5.0,1,True,2.0,False,1.0
F_entry_only_7d_threshold_0_3_6,a6d143d3-15cd-4596-a6bb-36a90cc9af9d,a57f0fd6-6977-43c3-86bb-cd34ef2a7a29,2026-03-25 19:58:54.898847+00:00,approved,0,28.0,5,True,,True,0.0
F_entry_only_7d_threshold_0_3_6,deaaf2c8-f914-4f34-bf79-21ab6c9307b9,a57f0fd6-6977-43c3-86bb-cd34ef2a7a29,2026-03-25 20:00:33.948670+00:00,approved,0,28.0,6,True,,True,0.0
F_entry_only_7d_threshold_0_3_6,5fa1cfb2-82dd-480e-b2f0-f1565347220f,a57f0fd6-6977-43c3-86bb-cd34ef2a7a29,2026-03-25 20:04:18.047108+00:00,approved,-1,28.0,7,True,,True,0.0
F_entry_only_7d_threshold_0_3_6,9b7d7d4a-86f2-4cfc-8ae5-372ac09c46e2,cdbc2977-3feb-4b78-967e-7636db3986d5,2026-03-26 00:42:44.739480+00:00,approved,1,0.0,0,True,1.0,False,3.0
F_entry_only_7d_threshold_0_3_6,529a54aa-ad2d-4163-836d-ceda5273336e,cdbc2977-3feb-4b78-967e-7636db3986d5,2026-03-26 00:49:52.549284+00:00,approved,1,0.0,1,False,1.0,False,3.0
F_entry_only_7d_threshold_0_3_6,7d6e2e33-ea84-4c57-b088-3eaf88ae72ae,cdbc2977-3feb-4b78-967e-7636db3986d5,2026-03-26 00:56:44.813002+00:00,approved,1,0.0,2,False,1.0,False,3.0
F_entry_only_7d_threshold_0_3_6,e58dc241-590b-4397-af24-b574f45cc38a,cdbc2977-3feb-4b78-967e-7636db3986d5,2026-03-26 01:03:28.754845+00:00,approved,2,0.0,3,False,1.0,False,3.0
F_entry_only_7d_threshold_0_3_6,05cca096-e76d-403e-8ff3-07ff16326292,cdbc2977-3feb-4b78-967e-7636db3986d5,2026-03-26 01:06:21.788478+00:00,approved,2,0.0,4,False,1.0,False,3.0
F_entry_only_7d_threshold_0_3_6,ae18153d-1566-4101-9c30-e30a9cb50c74,cdbc2977-3feb-4b78-967e-7636db3986d5,2026-03-26 01:13:21.322766+00:00,approved,1,0.0,5,False,1.0,False,3.0
F_entry_only_7d_threshold_0_3_6,ed72e73f-5e2b-44ab-b1b5-faadf0033305,cdbc2977-3feb-4b78-967e-7636db3986d5,2026-03-26 01:15:41.032953+00:00,approved,1,0.0,6,False,1.0,False,3.0
F_entry_only_7d_threshold_0_3_6,4e8d55f4-97c0-48fd-8a05-4c98e1cdd508,a57f0fd6-6977-43c3-86bb-cd34ef2a7a29,2026-03-26 13:34:58.588690+00:00,approved,0,35.0,0,True,,True,0.0
F_entry_only_7d_threshold_0_3_6,49a0985f-3024-46c4-83c8-397151acbd26,a57f0fd6-6977-43c3-86bb-cd34ef2a7a29,2026-03-26 14:41:41.523654+00:00,approved,-1,35.0,1,True,,True,0.0
F_entry_only_7d_threshold_0_3_6,8521b44b-61ba-4e85-b88d-faca23a6f2f7,e118f03c-0bb2-4c81-903d-b02f4aa15f26,2026-03-26 15:34:29.167463+00:00,approved,3,1.0,0,True,1.0,False,2.0
F_entry_only_7d_threshold_0_3_6,31227dae-0ba6-4134-979a-d792170b42d5,69ce191d-25f7-4ae6-b5fc-26bdc90e84aa,2026-03-27 14:18:40.852148+00:00,approved,0,2.0,0,True,1.0,False,1.0
F_entry_only_7d_threshold_0_3_6,0cc9b2f0-8cc7-4904-b683-bca09422145e,69ce191d-25f7-4ae6-b5fc-26bdc90e84aa,2026-03-27 20:12:01.864203+00:00,approved,1,4.0,1,True,2.0,False,2.0
F_entry_only_7d_threshold_0_3_6,7bc9ea61-83be-4bc4-9f8a-378e1a57ae2f,69ce191d-25f7-4ae6-b5fc-26bdc90e84aa,2026-03-27 20:17:54.998575+00:00,approved,-1,4.0,2,False,2.0,False,2.0
F_entry_only_7d_threshold_0_3_6,5b20b634-e8a8-42c0-940e-225e94fc563c,69ce191d-25f7-4ae6-b5fc-26bdc90e84aa,2026-03-27 20:24:44.188316+00:00,approved,3,4.0,3,False,2.0,False,2.0
F_entry_only_7d_threshold_0_3_6,9de4932a-7187-4fde-ab27-97531771c594,69ce191d-25f7-4ae6-b5fc-26bdc90e84aa,2026-03-27 20:30:35.860854+00:00,approved,1,4.0,4,False,2.0,False,2.0
F_entry_only_7d_threshold_0_3_6,a903e5ec-388f-40ce-9371-6404be81c3a5,69ce191d-25f7-4ae6-b5fc-26bdc90e84aa,2026-03-27 20:39:04.859726+00:00,approved,0,4.0,5,False,2.0,False,2.0
F_entry_only_7d_threshold_0_3_6,cdf5bda1-b8d1-4b10-b17e-d388781c55a1,69ce191d-25f7-4ae6-b5fc-26bdc90e84aa,2026-03-27 20:50:58.103371+00:00,approved,1,4.0,6,False,2.0,False,2.0
F_entry_only_7d_threshold_0_3_6,506ef1ca-696d-4f92-981c-8c5066a1b8d7,69ce191d-25f7-4ae6-b5fc-26bdc90e84aa,2026-03-27 20:54:44.405442+00:00,approved,-2,4.0,7,False,2.0,False,2.0
F_entry_only_7d_threshold_0_3_6,c14c6789-6aac-4c2c-90a0-0a067eaa1328,69ce191d-25f7-4ae6-b5fc-26bdc90e84aa,2026-03-27 20:58:24.793597+00:00,approved,1,4.0,8,False,2.0,False,2.0
F_entry_only_7d_threshold_0_3_6,b8cd81c8-3ece-4072-844d-fb159d70cc2a,a57f0fd6-6977-43c3-86bb-cd34ef2a7a29,2026-03-27 21:22:03.212497+00:00,approved,0,24.0,0,True,,True,0.0
F_entry_only_7d_threshold_0_3_6,662ac2e6-e1d5-4cb1-81d5-60f3eeb9a86b,cdbc2977-3feb-4b78-967e-7636db3986d5,2026-03-28 00:53:31.175200+00:00,pending,0,0.0,0,True,1.0,False,3.0
F_entry_only_7d_threshold_0_3_6,9cf7d488-6117-488c-be04-b933971c02df,cdbc2977-3feb-4b78-967e-7636db3986d5,2026-03-28 00:57:48.234085+00:00,pending,0,0.0,1,False,1.0,False,3.0
F_entry_only_7d_threshold_0_3_6,d1afceeb-221f-484e-9e6b-985611fc16ef,cdbc2977-3feb-4b78-967e-7636db3986d5,2026-03-28 01:03:14.354676+00:00,pending,0,0.0,2,False,1.0,False,3.0
F_entry_only_7d_threshold_0_3_6,6ba03b31-d756-4c27-917c-4192b8f1eef7,cdbc2977-3feb-4b78-967e-7636db3986d5,2026-03-28 01:18:55.400944+00:00,approved,1,0.0,3,False,1.0,False,3.0
F_entry_only_7d_threshold_0_3_6,920bc032-10d8-42b3-8a40-3b55dc88e9c2,cdbc2977-3feb-4b78-967e-7636db3986d5,2026-03-28 01:54:57.515224+00:00,approved,2,3.0,4,False,2.0,False,3.0
F_entry_only_7d_threshold_0_3_6,be2c5375-9a79-42e1-97a1-4ef707aefb47,a57f0fd6-6977-43c3-86bb-cd34ef2a7a29,2026-03-29 01:51:24.313175+00:00,approved,1,25.0,0,True,,True,0.0
F_entry_only_7d_threshold_0_3_6,788fac9b-e757-42b3-b2a0-ce6d0d84386b,69ce191d-25f7-4ae6-b5fc-26bdc90e84aa,2026-03-29 13:19:23.617782+00:00,approved,2,5.0,0,True,2.0,False,1.0
F_entry_only_7d_threshold_0_3_6,4de68fbf-3d0a-4a54-b6de-421f089f46ea,69ce191d-25f7-4ae6-b5fc-26bdc90e84aa,2026-03-29 13:40:53.308702+00:00,approved,0,5.0,1,True,2.0,False,1.0
F_entry_only_7d_threshold_0_3_6,00432174-df04-44d2-a021-bcb142791fba,4ce403f9-c662-4caa-8576-c10e71f01c4b,2026-03-30 06:59:43.514591+00:00,pending,2,0.0,0,True,1.0,False,3.0
F_entry_only_7d_threshold_0_3_6,ee61cd00-dfca-427c-90a7-72e336c2804b,a57f0fd6-6977-43c3-86bb-cd34ef2a7a29,2026-03-30 11:28:28.135600+00:00,approved,0,25.0,0,True,,True,0.0
F_entry_only_7d_threshold_0_3_6,4e7f8ea7-2678-4290-837e-129a5d805d2a,a57f0fd6-6977-43c3-86bb-cd34ef2a7a29,2026-03-30 18:03:39.990127+00:00,approved,0,25.0,1,True,,True,0.0
F_entry_only_7d_threshold_0_3_6,67d2925e-aacc-408b-81d5-f0bbdbcd8f25,cdbc2977-3feb-4b78-967e-7636db3986d5,2026-03-30 20:28:39.035599+00:00,approved,1,3.0,0,True,2.0,False,3.0
F_entry_only_7d_threshold_0_3_6,0b89993c-fca3-4e23-a4c0-857864547c61,a57f0fd6-6977-43c3-86bb-cd34ef2a7a29,2026-03-30 20:38:49.810654+00:00,approved,1,27.0,2,True,,True,0.0
F_entry_only_7d_threshold_0_3_6,f72598fd-701b-4eff-a500-06007ceae2ba,a57f0fd6-6977-43c3-86bb-cd34ef2a7a29,2026-03-30 20:42:16.291398+00:00,approved,0,27.0,3,True,,True,0.0
F_entry_only_7d_threshold_0_3_6,aff32161-e65b-4248-9059-f9f9587167e6,cdbc2977-3feb-4b78-967e-7636db3986d5,2026-03-30 20:42:26.732732+00:00,pending,0,4.0,1,True,2.0,False,2.0
F_entry_only_7d_threshold_0_3_6,a346ccdb-19c6-4772-a1f9-365d904f4954,cdbc2977-3feb-4b78-967e-7636db3986d5,2026-03-30 20:44:42.548265+00:00,approved,1,4.0,2,False,2.0,False,2.0
F_entry_only_7d_threshold_0_3_6,7df1ceec-a971-4f2e-b0d1-0338efd5d658,a57f0fd6-6977-43c3-86bb-cd34ef2a7a29,2026-03-30 20:46:59.231372+00:00,approved,0,27.0,4,True,,True,0.0
F_entry_only_7d_threshold_0_3_6,34eaef5b-6a03-410e-9b2d-4021a9a9c1e5,a57f0fd6-6977-43c3-86bb-cd34ef2a7a29,2026-03-30 20:51:50.854584+00:00,approved,0,27.0,5,True,,True,0.0
F_entry_only_7d_threshold_0_3_6,d55180e3-8b1b-4878-a4a0-e3119a620cb2,cdbc2977-3feb-4b78-967e-7636db3986d5,2026-03-30 21:14:53.192653+00:00,pending,0,4.0,3,False,2.0,False,2.0
F_entry_only_7d_threshold_0_3_6,be4d9360-5665-4b0a-948f-791b10119259,cdbc2977-3feb-4b78-967e-7636db3986d5,2026-03-30 21:26:32.273001+00:00,pending,0,4.0,4,False,2.0,False,2.0
F_entry_only_7d_threshold_0_3_6,d70195a4-3836-414a-81bf-469f43272d92,cdbc2977-3feb-4b78-967e-7636db3986d5,2026-03-30 21:49:45.058277+00:00,pending,0,4.0,5,False,2.0,False,2.0
F_entry_only_7d_threshold_0_3_6,5b12d1fe-efd8-46f4-9560-34aaa6407c43,4ce403f9-c662-4caa-8576-c10e71f01c4b,2026-03-31 01:59:08.014041+00:00,approved,1,0.0,0,True,1.0,False,3.0
F_entry_only_7d_threshold_0_3_6,7934dd1d-047f-4c64-9dcf-3f652c2d1b15,4ce403f9-c662-4caa-8576-c10e71f01c4b,2026-03-31 03:34:41.729245+00:00,pending,-1,0.0,1,False,1.0,False,3.0
F_entry_only_7d_threshold_0_3_6,8cd940e6-6fb4-4d8f-a62d-d6a21905765f,4ce403f9-c662-4caa-8576-c10e71f01c4b,2026-03-31 05:46:54.929329+00:00,pending,1,0.0,2,False,1.0,False,3.0
F_entry_only_7d_threshold_0_3_6,5725c07e-90ce-4d79-aac3-6735127d1b7a,4ce403f9-c662-4caa-8576-c10e71f01c4b,2026-03-31 06:02:36.104439+00:00,pending,-1,0.0,3,False,1.0,False,3.0
F_entry_only_7d_threshold_0_3_6,7dd1333c-965d-46fa-8cd1-ed9b72007ce5,4ce403f9-c662-4caa-8576-c10e71f01c4b,2026-03-31 06:35:11.901306+00:00,approved,2,0.0,4,False,1.0,False,3.0
F_entry_only_7d_threshold_0_3_6,7f7d6da9-f3a4-4237-be63-d847b5f3b455,a57f0fd6-6977-43c3-86bb-cd34ef2a7a29,2026-03-31 18:10:49.250948+00:00,approved,1,19.0,0,True,,True,0.0
F_entry_only_7d_threshold_0_3_6,e3cf0aa2-3b6e-45a9-935b-7c56fb19885f,a57f0fd6-6977-43c3-86bb-cd34ef2a7a29,2026-03-31 20:20:24.125026+00:00,approved,1,19.0,1,True,,True,0.0
F_entry_only_7d_threshold_0_3_6,5600785f-3893-4234-880e-ab0f18e03b3c,cdbc2977-3feb-4b78-967e-7636db3986d5,2026-03-31 20:24:02.325551+00:00,approved,3,8.0,0,True,,True,0.0
F_entry_only_7d_threshold_0_3_6,d6b96bdb-f8f0-4c0f-a3a1-3f7006fcf69f,cdbc2977-3feb-4b78-967e-7636db3986d5,2026-03-31 20:26:49.392983+00:00,approved,2,8.0,1,True,,True,0.0
F_entry_only_7d_threshold_0_3_6,f7592fa2-4687-422a-8ae9-ca3a26b929cd,cdbc2977-3feb-4b78-967e-7636db3986d5,2026-03-31 20:29:02.854148+00:00,approved,1,8.0,2,True,,True,0.0
F_entry_only_7d_threshold_0_3_6,150f31af-7b42-4c71-9226-0721d60164ba,cdbc2977-3feb-4b78-967e-7636db3986d5,2026-03-31 20:33:13.261973+00:00,pending,0,8.0,3,True,,True,0.0
F_entry_only_7d_threshold_0_3_6,bf1336e3-b10d-4adb-8fae-0b5406d30bbf,cdbc2977-3feb-4b78-967e-7636db3986d5,2026-03-31 20:36:56.056225+00:00,pending,0,8.0,4,True,,True,0.0
F_entry_only_7d_threshold_0_3_6,078f8190-dbf5-44a0-8b08-9ceab0722247,cdbc2977-3feb-4b78-967e-7636db3986d5,2026-03-31 20:43:05.151991+00:00,pending,1,8.0,5,True,,True,0.0
F_entry_only_7d_threshold_0_3_6,b365fdd7-00e7-46cd-8fe4-876074e933fa,a57f0fd6-6977-43c3-86bb-cd34ef2a7a29,2026-03-31 20:57:53.782893+00:00,approved,0,19.0,2,True,,True,0.0
F_entry_only_7d_threshold_0_3_6,8a6a0f4a-875f-4cac-bce3-5c8f12d6d28e,cdbc2977-3feb-4b78-967e-7636db3986d5,2026-03-31 21:03:18.343126+00:00,pending,0,8.0,6,True,,True,0.0
F_entry_only_7d_threshold_0_3_6,c4fe4383-3f4f-4d8f-8baf-e9b7eb3758cc,cdbc2977-3feb-4b78-967e-7636db3986d5,2026-03-31 21:43:37.923715+00:00,pending,2,8.0,7,True,,True,0.0
F_entry_only_7d_threshold_0_3_6,f3a3cb58-e119-402e-8059-455ca8627991,4ce403f9-c662-4caa-8576-c10e71f01c4b,2026-03-31 22:01:00.940832+00:00,pending,0,0.0,5,False,1.0,False,3.0
F_entry_only_7d_threshold_0_3_6,f04de763-9d17-452d-a25b-e13b6b9e35d4,4ce403f9-c662-4caa-8576-c10e71f01c4b,2026-03-31 22:50:43.428415+00:00,approved,2,0.0,6,False,1.0,False,3.0
F_entry_only_7d_threshold_0_3_6,1c4a7f68-52a7-479f-ac16-a920506233cf,4ce403f9-c662-4caa-8576-c10e71f01c4b,2026-03-31 23:42:13.396359+00:00,approved,1,0.0,7,False,1.0,False,3.0
F_entry_only_7d_threshold_0_3_6,e4f24900-3c94-4666-b8fa-337950d85dd6,cdbc2977-3feb-4b78-967e-7636db3986d5,2026-04-01 01:29:18.546288+00:00,approved,1,9.0,0,True,,True,0.0
F_entry_only_7d_threshold_0_3_6,c03bdfeb-d916-4174-a088-ebc57cb5710c,4ce403f9-c662-4caa-8576-c10e71f01c4b,2026-04-01 01:30:57.337845+00:00,pending,0,0.0,0,True,1.0,False,3.0
F_entry_only_7d_threshold_0_3_6,26f301c6-1032-4830-8a1d-8974adb5a46f,cdbc2977-3feb-4b78-967e-7636db3986d5,2026-04-01 01:34:23.308011+00:00,pending,0,9.0,1,True,,True,0.0
F_entry_only_7d_threshold_0_3_6,c9160c2a-0f82-463e-ac55-531a292eaba3,cdbc2977-3feb-4b78-967e-7636db3986d5,2026-04-01 01:39:24.751857+00:00,pending,-1,9.0,2,True,,True,0.0
F_entry_only_7d_threshold_0_3_6,6a5c2714-d2c1-4207-980f-683c9d2c6562,cdbc2977-3feb-4b78-967e-7636db3986d5,2026-04-01 01:46:23.481365+00:00,pending,1,9.0,3,True,,True,0.0
F_entry_only_7d_threshold_0_3_6,cd5dcf31-f9c6-4480-8e0b-f65909e48a84,4ce403f9-c662-4caa-8576-c10e71f01c4b,2026-04-01 02:10:21.943587+00:00,pending,-1,0.0,1,False,1.0,False,3.0
F_entry_only_7d_threshold_0_3_6,4da72f27-6d6f-4f46-94d6-42c721fe300e,4ce403f9-c662-4caa-8576-c10e71f01c4b,2026-04-01 06:13:41.760700+00:00,approved,1,1.0,2,False,1.0,False,2.0
F_entry_only_7d_threshold_0_3_6,e7746b1d-9c7f-4f55-9df8-b291b48fbb2e,4ce403f9-c662-4caa-8576-c10e71f01c4b,2026-04-01 06:47:56.528688+00:00,pending,-1,1.0,3,False,1.0,False,2.0
F_entry_only_7d_threshold_0_3_6,42c2175a-b8d5-42e3-b618-79dbeca4fe70,4ce403f9-c662-4caa-8576-c10e71f01c4b,2026-04-01 06:51:20.418037+00:00,approved,1,1.0,4,False,1.0,False,2.0
F_entry_only_7d_threshold_0_3_6,cd5f315d-bfc8-4891-8418-68dd04735f3f,69ce191d-25f7-4ae6-b5fc-26bdc90e84aa,2026-04-01 12:11:36.117507+00:00,approved,1,7.0,0,True,,True,0.0
F_entry_only_7d_threshold_0_3_6,8807163f-7635-493b-b640-2ea25f5acf07,a57f0fd6-6977-43c3-86bb-cd34ef2a7a29,2026-04-01 12:25:20.119410+00:00,approved,0,18.0,0,True,,True,0.0
F_entry_only_7d_threshold_0_3_6,c8538cd4-e086-446b-99f0-6f6746eb603b,a57f0fd6-6977-43c3-86bb-cd34ef2a7a29,2026-04-01 12:30:52.667839+00:00,approved,0,18.0,1,True,,True,0.0
F_entry_only_7d_threshold_0_3_6,399bdc23-c4c3-4b92-b560-baba6bf2963e,a57f0fd6-6977-43c3-86bb-cd34ef2a7a29,2026-04-01 12:49:13.751538+00:00,approved,2,19.0,2,True,,True,0.0
F_entry_only_7d_threshold_0_3_6,606b1d84-efaa-43b8-95ef-24c757184970,a57f0fd6-6977-43c3-86bb-cd34ef2a7a29,2026-04-01 13:15:40.341626+00:00,approved,2,19.0,3,True,,True,0.0
F_entry_only_7d_threshold_0_3_6,08b228dc-97fc-4395-bbb5-c87a382fd72a,a57f0fd6-6977-43c3-86bb-cd34ef2a7a29,2026-04-01 13:18:44.552678+00:00,approved,3,19.0,4,True,,True,0.0
F_entry_only_7d_threshold_0_3_6,0d593837-5e52-49d1-814e-abf4cadfe479,e118f03c-0bb2-4c81-903d-b02f4aa15f26,2026-04-01 13:44:45.611408+00:00,approved,1,2.0,0,True,1.0,False,1.0
F_entry_only_7d_threshold_0_3_6,e57dbd18-64f0-48dd-9554-b8ba9d3fed87,fd9b7f36-2943-4ceb-b658-83c814782ac3,2026-04-01 14:00:53.691342+00:00,approved,2,0.0,0,True,1.0,False,3.0
F_entry_only_7d_threshold_0_3_6,0596b538-e408-4864-9f50-202e356eb492,a57f0fd6-6977-43c3-86bb-cd34ef2a7a29,2026-04-01 14:04:55.895077+00:00,approved,1,21.0,5,True,,True,0.0
F_entry_only_7d_threshold_0_3_6,957b99dc-a63f-4a41-a36c-aab8491473dd,fd9b7f36-2943-4ceb-b658-83c814782ac3,2026-04-01 14:32:23.911170+00:00,approved,1,0.0,1,False,1.0,False,3.0
F_entry_only_7d_threshold_0_3_6,b66e8a20-ccdd-4d2a-8b10-38e16a7835ae,fd9b7f36-2943-4ceb-b658-83c814782ac3,2026-04-01 14:41:54.514284+00:00,approved,1,0.0,2,False,1.0,False,3.0
F_entry_only_7d_threshold_0_3_6,3044c66d-4008-415b-af59-dee03a16df46,fd9b7f36-2943-4ceb-b658-83c814782ac3,2026-04-01 14:49:19.735910+00:00,approved,2,0.0,3,False,1.0,False,3.0
F_entry_only_7d_threshold_0_3_6,047cb2c4-d749-4d46-9032-14b47b06b4cb,fd9b7f36-2943-4ceb-b658-83c814782ac3,2026-04-01 20:41:19.248054+00:00,approved,2,3.0,4,False,2.0,False,3.0
F_entry_only_7d_threshold_0_3_6,018ae8b7-87b0-45ba-83a4-a6e04db42692,fd9b7f36-2943-4ceb-b658-83c814782ac3,2026-04-01 22:57:51.666273+00:00,approved,2,6.0,5,True,,True,0.0
F_entry_only_7d_threshold_0_3_6,47d010f4-997f-48bc-a3e9-323050ebdb4d,a57f0fd6-6977-43c3-86bb-cd34ef2a7a29,2026-04-02 00:22:15.509691+00:00,pending,2,25.0,0,True,,True,0.0
F_entry_only_7d_threshold_0_3_6,c4154a9f-2da6-40cf-a198-a48326bb73f4,fd9b7f36-2943-4ceb-b658-83c814782ac3,2026-04-02 01:11:32.041307+00:00,approved,2,9.0,0,True,,True,0.0
F_entry_only_7d_threshold_0_3_6,12300b25-b197-415c-a274-cec66e904e00,fd9b7f36-2943-4ceb-b658-83c814782ac3,2026-04-02 02:16:41.962346+00:00,approved,3,12.0,1,True,,True,0.0
F_entry_only_7d_threshold_0_3_6,9244688f-635d-41c3-b510-99e06c485b98,fd9b7f36-2943-4ceb-b658-83c814782ac3,2026-04-02 03:20:08.389727+00:00,pending,-1,15.0,2,True,,True,0.0
F_entry_only_7d_threshold_0_3_6,7b423646-314f-4b5d-b7d8-7594dd2e866e,a57f0fd6-6977-43c3-86bb-cd34ef2a7a29,2026-04-02 03:26:08.458871+00:00,pending,0,26.0,1,True,,True,0.0
F_entry_only_7d_threshold_0_3_6,aedbe598-910f-42c5-88a7-14659d933b8f,fd9b7f36-2943-4ceb-b658-83c814782ac3,2026-04-02 03:46:58.986955+00:00,approved,2,18.0,3,True,,True,0.0
F_entry_only_7d_threshold_0_3_6,594148de-e785-473d-a6b0-cd51dbd1e652,a57f0fd6-6977-43c3-86bb-cd34ef2a7a29,2026-04-02 03:53:24.392373+00:00,approved,2,27.0,2,True,,True,0.0
F_entry_only_7d_threshold_0_3_6,6ea78b7c-bd8a-4a77-a7ca-3a4f0708d8a4,fd9b7f36-2943-4ceb-b658-83c814782ac3,2026-04-02 04:17:41.448007+00:00,approved,4,21.0,4,True,,True,0.0
F_entry_only_7d_threshold_0_3_6,8435f474-6db5-432c-bcf2-b6136365bb39,4ce403f9-c662-4caa-8576-c10e71f01c4b,2026-04-02 06:05:33.982550+00:00,approved,2,4.0,0,True,2.0,False,2.0
F_entry_only_7d_threshold_0_3_6,aed25b1e-60fd-49f2-b039-86ff426c2586,60264769-e015-4dba-b2f4-6bfdffed12b3,2026-04-02 11:58:32.266106+00:00,approved,3,5.0,0,True,2.0,False,1.0
F_entry_only_7d_threshold_0_3_6,69d90c73-d0cc-45fe-836b-9c58cfadb029,a57f0fd6-6977-43c3-86bb-cd34ef2a7a29,2026-04-02 12:27:19.740605+00:00,pending,0,25.0,3,True,,True,0.0
F_entry_only_7d_threshold_0_3_6,f809db60-c27d-41f2-afd8-d346412f6734,a57f0fd6-6977-43c3-86bb-cd34ef2a7a29,2026-04-02 13:41:30.321714+00:00,pending,3,25.0,4,True,,True,0.0
F_entry_only_7d_threshold_0_3_6,754557ee-3ddb-440c-a47d-b1e0815e0066,a57f0fd6-6977-43c3-86bb-cd34ef2a7a29,2026-04-02 14:03:37.718179+00:00,pending,0,25.0,5,True,,True,0.0
F_entry_only_7d_threshold_0_3_6,61de7a3e-4e36-444c-965e-031d55bddde0,a57f0fd6-6977-43c3-86bb-cd34ef2a7a29,2026-04-02 14:14:13.354762+00:00,pending,0,25.0,6,True,,True,0.0
F_entry_only_7d_threshold_0_3_6,b5014bfa-2df8-45fe-bb96-4ea7f84c4753,fd9b7f36-2943-4ceb-b658-83c814782ac3,2026-04-02 14:29:51.438084+00:00,approved,2,22.0,5,True,,True,0.0
F_entry_only_7d_threshold_0_3_6,2537b9f3-bc4d-4093-9156-ec03a414b729,fd9b7f36-2943-4ceb-b658-83c814782ac3,2026-04-02 14:35:46.954194+00:00,approved,3,22.0,6,True,,True,0.0
F_entry_only_7d_threshold_0_3_6,68a4975d-f7e0-4380-9021-5fa359464f37,fd9b7f36-2943-4ceb-b658-83c814782ac3,2026-04-02 15:03:22.036503+00:00,pending,1,22.0,7,True,,True,0.0
F_entry_only_7d_threshold_0_3_6,7d38c07a-ef26-4d6f-813d-a47a1c405e48,fd9b7f36-2943-4ceb-b658-83c814782ac3,2026-04-02 15:08:37.601899+00:00,pending,1,22.0,8,True,,True,0.0
F_entry_only_7d_threshold_0_3_6,e0b80bb7-71c4-4f6a-8618-386b524c5da0,a57f0fd6-6977-43c3-86bb-cd34ef2a7a29,2026-04-02 15:10:27.817668+00:00,pending,0,27.0,7,True,,True,0.0
F_entry_only_7d_threshold_0_3_6,e687d8fb-d481-4f2f-b514-22e30ad3daea,a57f0fd6-6977-43c3-86bb-cd34ef2a7a29,2026-04-02 15:20:33.768218+00:00,pending,1,27.0,8,True,,True,0.0
F_entry_only_7d_threshold_0_3_6,60457793-86a9-4b09-aaac-6af1d4e12add,a57f0fd6-6977-43c3-86bb-cd34ef2a7a29,2026-04-02 15:26:05.608653+00:00,pending,1,27.0,9,True,,True,0.0
F_entry_only_7d_threshold_0_3_6,28624342-9eed-4cf6-a81f-b560acc8ed8c,fd9b7f36-2943-4ceb-b658-83c814782ac3,2026-04-02 15:27:39.085063+00:00,approved,1,22.0,9,True,,True,0.0
F_entry_only_7d_threshold_0_3_6,07fbb638-210d-484e-aad7-2677d744c76f,a57f0fd6-6977-43c3-86bb-cd34ef2a7a29,2026-04-02 15:32:51.390694+00:00,rejected,0,27.0,10,True,,True,0.0
F_entry_only_7d_threshold_0_3_6,dd5efadf-e3b7-4e46-bff1-ccd718456500,fd9b7f36-2943-4ceb-b658-83c814782ac3,2026-04-02 15:35:30.473144+00:00,approved,2,22.0,10,True,,True,0.0
F_entry_only_7d_threshold_0_3_6,48adc6a9-4e27-4a67-adef-85df32250213,fd9b7f36-2943-4ceb-b658-83c814782ac3,2026-04-02 15:42:48.130369+00:00,pending,0,22.0,11,True,,True,0.0
F_entry_only_7d_threshold_0_3_6,05e82829-9f6d-4200-9c30-570df20636ef,fd9b7f36-2943-4ceb-b658-83c814782ac3,2026-04-02 15:47:33.074740+00:00,pending,1,22.0,12,True,,True,0.0
F_entry_only_7d_threshold_0_3_6,c3da5793-18c1-4758-b50e-4ea08b468bb2,fd9b7f36-2943-4ceb-b658-83c814782ac3,2026-04-02 16:06:51.093054+00:00,pending,1,22.0,13,True,,True,0.0
F_entry_only_7d_threshold_0_3_6,94e3f04c-b673-46e5-aea5-4f14d1c1fe84,fd9b7f36-2943-4ceb-b658-83c814782ac3,2026-04-02 16:12:29.834661+00:00,pending,1,22.0,14,True,,True,0.0
F_entry_only_7d_threshold_0_3_6,6fbaac12-47f9-4d3d-8a02-d63316e1fa6e,fd9b7f36-2943-4ceb-b658-83c814782ac3,2026-04-02 19:03:34.671735+00:00,pending,1,22.0,15,True,,True,0.0
F_entry_only_7d_threshold_0_3_6,7538e10c-eca9-48d6-8bcf-329f7b9a4995,fd9b7f36-2943-4ceb-b658-83c814782ac3,2026-04-02 19:12:49.866848+00:00,pending,1,22.0,16,True,,True,0.0
F_entry_only_7d_threshold_0_3_6,ed7478e8-54dc-420e-a8f3-d00f0aae55b1,fd9b7f36-2943-4ceb-b658-83c814782ac3,2026-04-02 20:12:14.272226+00:00,pending,1,22.0,17,True,,True,0.0
F_entry_only_7d_threshold_0_3_6,fb386339-7c81-4b1f-87fa-9f0a91b4b54a,fd9b7f36-2943-4ceb-b658-83c814782ac3,2026-04-02 20:20:42.756171+00:00,approved,1,22.0,18,True,,True,0.0
F_entry_only_7d_threshold_0_3_6,ddf53381-f643-4aa7-9c18-eee143162a2c,fd9b7f36-2943-4ceb-b658-83c814782ac3,2026-04-02 20:48:51.345377+00:00,pending,1,22.0,19,True,,True,0.0
F_entry_only_7d_threshold_0_3_6,f015b413-a37d-495a-ac9c-e93dc4918523,fd9b7f36-2943-4ceb-b658-83c814782ac3,2026-04-02 21:00:21.434388+00:00,approved,3,22.0,20,True,,True,0.0
F_entry_only_7d_threshold_0_3_6,1fb4fab8-cafc-4b64-8054-a70ff66a090f,fd9b7f36-2943-4ceb-b658-83c814782ac3,2026-04-02 21:03:36.178992+00:00,approved,3,22.0,21,True,,True,0.0
F_entry_only_7d_threshold_0_3_6,96f6ff4b-d250-47c5-a608-ddd1506c6bd2,a57f0fd6-6977-43c3-86bb-cd34ef2a7a29,2026-04-02 21:04:34.221672+00:00,pending,1,27.0,11,True,,True,0.0
F_entry_only_7d_threshold_0_3_6,c66bd2a2-e61c-4abf-9cad-36ce19f2ba85,4ce403f9-c662-4caa-8576-c10e71f01c4b,2026-04-02 22:00:24.019440+00:00,approved,1,15.0,1,True,,True,0.0
F_entry_only_7d_threshold_0_3_6,bbe47b48-71fe-4f88-bfe3-e1f48818ad37,4ce403f9-c662-4caa-8576-c10e71f01c4b,2026-04-02 22:55:28.659376+00:00,pending,0,15.0,2,True,,True,0.0
F_entry_only_7d_threshold_0_3_6,0267ae46-c20c-4071-95e9-0ff88a9ece8f,4ce403f9-c662-4caa-8576-c10e71f01c4b,2026-04-02 23:01:18.725122+00:00,approved,1,15.0,3,True,,True,0.0
F_entry_only_7d_threshold_0_3_6,cc8bfadb-f186-400a-8681-7b408be370e3,4ce403f9-c662-4caa-8576-c10e71f01c4b,2026-04-02 23:38:46.870947+00:00,pending,0,15.0,4,True,,True,0.0
F_entry_only_7d_threshold_0_3_6,6e7ef973-6252-427c-9513-fe0955adce5b,4ce403f9-c662-4caa-8576-c10e71f01c4b,2026-04-02 23:49:18.605339+00:00,pending,0,15.0,5,True,,True,0.0
F_entry_only_7d_threshold_0_3_6,0f4a173d-2e06-4b22-905b-43fbb8d74d4b,4ce403f9-c662-4caa-8576-c10e71f01c4b,2026-04-02 23:52:04.661510+00:00,pending,0,15.0,6,True,,True,0.0
F_entry_only_7d_threshold_0_3_6,5596201d-6a5b-4a5e-80de-8910f05b5a10,4ce403f9-c662-4caa-8576-c10e71f01c4b,2026-04-02 23:55:06.653973+00:00,pending,0,15.0,7,True,,True,0.0
F_entry_only_7d_threshold_0_3_6,4af01bf0-135e-48e0-94d9-fe0a270a9404,4ce403f9-c662-4caa-8576-c10e71f01c4b,2026-04-02 23:57:36.854359+00:00,pending,0,15.0,8,True,,True,0.0
F_entry_only_7d_threshold_0_3_6,66b09d28-15a6-4b66-8a4b-28a7773b7953,4ce403f9-c662-4caa-8576-c10e71f01c4b,2026-04-03 00:17:21.893646+00:00,pending,2,18.0,0,True,,True,0.0
F_entry_only_7d_threshold_0_3_6,e3eea416-e0a2-4953-8977-869eafb6c355,4ce403f9-c662-4caa-8576-c10e71f01c4b,2026-04-03 06:35:04.424526+00:00,pending,0,21.0,1,True,,True,0.0
F_entry_only_7d_threshold_0_3_6,996c89f0-177b-43b1-8252-60b346c78bd6,4ce403f9-c662-4caa-8576-c10e71f01c4b,2026-04-03 06:42:21.047785+00:00,pending,0,21.0,2,True,,True,0.0
F_entry_only_7d_threshold_0_3_6,ef462d91-2d83-4acf-a6f7-8abad2744856,4ce403f9-c662-4caa-8576-c10e71f01c4b,2026-04-03 06:52:20.285591+00:00,pending,1,21.0,3,True,,True,0.0
F_entry_only_7d_threshold_0_3_6,641522c1-8f0b-4b68-a4b0-2a883cf07321,4ce403f9-c662-4caa-8576-c10e71f01c4b,2026-04-03 07:11:19.151774+00:00,approved,1,21.0,4,True,,True,0.0
F_entry_only_7d_threshold_0_3_6,d5ec5e8a-80bb-4f6d-8b69-ae3e0db13986,4ce403f9-c662-4caa-8576-c10e71f01c4b,2026-04-03 07:21:11.190958+00:00,approved,1,21.0,5,True,,True,0.0
F_entry_only_7d_threshold_0_3_6,b938d7f0-383a-4aec-8cc3-f6889cb94d2a,4ce403f9-c662-4caa-8576-c10e71f01c4b,2026-04-03 07:29:34.429285+00:00,approved,1,21.0,6,True,,True,0.0
F_entry_only_7d_threshold_0_3_6,c7c4a630-2143-467e-a791-39c5f22d4944,4ce403f9-c662-4caa-8576-c10e71f01c4b,2026-04-03 07:42:42.221449+00:00,approved,1,21.0,7,True,,True,0.0
F_entry_only_7d_threshold_0_3_6,2a76ef0b-eac8-41c7-905d-1d00ddcc76ad,4ce403f9-c662-4caa-8576-c10e71f01c4b,2026-04-03 07:50:07.155085+00:00,pending,1,21.0,8,True,,True,0.0
F_entry_only_7d_threshold_0_3_6,a4915154-ebf7-493a-98fc-98642b777d58,cdbc2977-3feb-4b78-967e-7636db3986d5,2026-04-03 12:49:56.084612+00:00,approved,1,18.0,0,True,,True,0.0
F_entry_only_7d_threshold_0_3_6,ee7c8d2f-cacb-4888-800d-3d7ad12616cc,cdbc2977-3feb-4b78-967e-7636db3986d5,2026-04-03 12:58:12.626244+00:00,approved,1,18.0,1,True,,True,0.0
F_entry_only_7d_threshold_0_3_6,d804e43e-f767-40c9-97b5-18926c81a87a,cdbc2977-3feb-4b78-967e-7636db3986d5,2026-04-03 13:13:52.696361+00:00,pending,0,18.0,2,True,,True,0.0
F_entry_only_7d_threshold_0_3_6,1500e9df-7a3b-4aa5-826a-9b84a46d112b,cdbc2977-3feb-4b78-967e-7636db3986d5,2026-04-03 13:22:13.207429+00:00,pending,0,18.0,3,True,,True,0.0
F_entry_only_7d_threshold_0_3_6,a35dba67-2364-4128-bfe9-d604fc968fd9,a57f0fd6-6977-43c3-86bb-cd34ef2a7a29,2026-04-03 13:31:09.411243+00:00,pending,1,36.0,0,True,,True,0.0
F_entry_only_7d_threshold_0_3_6,2bf0597e-eb3a-44ee-b501-ff1e007f43d5,cdbc2977-3feb-4b78-967e-7636db3986d5,2026-04-03 21:02:12.691450+00:00,pending,2,18.0,4,True,,True,0.0
F_entry_only_7d_threshold_0_3_6,d048b407-a504-4fe8-a492-2eece7147796,68094f87-01d0-4966-aae7-21eb452e918d,2026-04-03 22:34:17.329054+00:00,approved,1,7.0,0,True,,True,0.0
F_entry_only_7d_threshold_0_3_6,595e9508-6dec-41f3-81c9-16025ad09dd0,4ce403f9-c662-4caa-8576-c10e71f01c4b,2026-04-03 23:31:50.582049+00:00,approved,1,23.0,9,True,,True,0.0
F_entry_only_7d_threshold_0_3_6,6e411a74-d4bb-4d46-87a1-884a60808f5d,4ce403f9-c662-4caa-8576-c10e71f01c4b,2026-04-03 23:49:35.761407+00:00,approved,1,23.0,10,True,,True,0.0
F_entry_only_7d_threshold_0_3_6,6155bd7f-1849-4d19-9ae0-73370015b6b8,4ce403f9-c662-4caa-8576-c10e71f01c4b,2026-04-04 00:20:45.324255+00:00,pending,0,26.0,0,True,,True,0.0
F_entry_only_7d_threshold_0_3_6,80b0123a-2fb9-4483-9116-a3cdc7ec6dc4,4ce403f9-c662-4caa-8576-c10e71f01c4b,2026-04-04 00:29:04.106321+00:00,pending,0,29.0,1,True,,True,0.0
F_entry_only_7d_threshold_0_3_6,07e2310f-c1d8-4d9e-851f-6900d29df881,4ce403f9-c662-4caa-8576-c10e71f01c4b,2026-04-04 00:45:06.007223+00:00,approved,1,29.0,2,True,,True,0.0
F_entry_only_7d_threshold_0_3_6,f6d230fd-898e-41a9-9746-b3043d5deccb,4ce403f9-c662-4caa-8576-c10e71f01c4b,2026-04-04 00:57:10.913673+00:00,pending,-1,29.0,3,True,,True,0.0
F_entry_only_7d_threshold_0_3_6,54d84fa7-62f9-418b-bf56-7b00c31baa24,4ce403f9-c662-4caa-8576-c10e71f01c4b,2026-04-04 01:12:40.420062+00:00,approved,1,29.0,4,True,,True,0.0
F_entry_only_7d_threshold_0_3_6,b77390c8-efa9-4c7a-afe1-2c276252e22b,4ce403f9-c662-4caa-8576-c10e71f01c4b,2026-04-04 01:20:27.147637+00:00,pending,1,29.0,5,True,,True,0.0
F_entry_only_7d_threshold_0_3_6,f5c9980f-5ddf-4029-a3f7-1cd0493bf794,4ce403f9-c662-4caa-8576-c10e71f01c4b,2026-04-04 02:56:42.333439+00:00,approved,1,30.0,6,True,,True,0.0
F_entry_only_7d_threshold_0_3_6,8209cd5b-28e0-43d0-af19-410fadcca6db,4ce403f9-c662-4caa-8576-c10e71f01c4b,2026-04-04 03:08:35.068382+00:00,approved,1,30.0,7,True,,True,0.0
F_entry_only_7d_threshold_0_3_6,9953d1ec-7be6-425d-8b9c-57e19551a704,4ce403f9-c662-4caa-8576-c10e71f01c4b,2026-04-04 03:40:55.787998+00:00,approved,1,30.0,8,True,,True,0.0
F_entry_only_7d_threshold_0_3_6,af979dfd-1137-49f0-96a4-898c512e789f,fd9b7f36-2943-4ceb-b658-83c814782ac3,2026-04-04 05:00:15.738432+00:00,pending,1,30.0,0,True,,True,0.0
F_entry_only_7d_threshold_0_3_6,e8999221-7cf3-43bb-8d26-6c1fd19e9aed,fd9b7f36-2943-4ceb-b658-83c814782ac3,2026-04-04 05:06:45.538998+00:00,pending,1,30.0,1,True,,True,0.0
F_entry_only_7d_threshold_0_3_6,cd74add1-1863-4364-86dc-2567c80cd3d7,fd9b7f36-2943-4ceb-b658-83c814782ac3,2026-04-04 05:15:56.234550+00:00,approved,2,30.0,2,True,,True,0.0
F_entry_only_7d_threshold_0_3_6,9cb4c561-2fda-44af-9e30-1cc83ef9a9e4,fd9b7f36-2943-4ceb-b658-83c814782ac3,2026-04-04 05:24:24.333155+00:00,pending,1,30.0,3,True,,True,0.0
F_entry_only_7d_threshold_0_3_6,0cf88b99-2427-42c9-9b29-bef337f8be9d,fd9b7f36-2943-4ceb-b658-83c814782ac3,2026-04-04 05:33:02.696552+00:00,approved,2,30.0,4,True,,True,0.0
F_entry_only_7d_threshold_0_3_6,28d0f223-498b-4aeb-a392-a63b8b24dab2,fd9b7f36-2943-4ceb-b658-83c814782ac3,2026-04-04 05:39:54.861459+00:00,approved,1,30.0,5,True,,True,0.0
F_entry_only_7d_threshold_0_3_6,79f0b272-93e9-4f14-bdfc-511045f14ea7,fd9b7f36-2943-4ceb-b658-83c814782ac3,2026-04-04 05:55:45.983612+00:00,pending,1,30.0,6,True,,True,0.0
F_entry_only_7d_threshold_0_3_6,02b5e106-b701-4655-b445-3d43f7da7876,fd9b7f36-2943-4ceb-b658-83c814782ac3,2026-04-04 06:15:27.955761+00:00,approved,2,30.0,7,True,,True,0.0
F_entry_only_7d_threshold_0_3_6,1a223481-c4a6-4217-855c-6741dd0744a1,4ce403f9-c662-4caa-8576-c10e71f01c4b,2026-04-04 06:27:26.216422+00:00,approved,2,31.0,9,True,,True,0.0
F_entry_only_7d_threshold_0_3_6,d5664a8a-8b9b-4661-a5fe-5393d6b50cf4,4ce403f9-c662-4caa-8576-c10e71f01c4b,2026-04-04 06:59:51.709528+00:00,approved,3,32.0,10,True,,True,0.0
F_entry_only_7d_threshold_0_3_6,888eb6df-d596-42ab-83bb-b5d188312d3e,4ce403f9-c662-4caa-8576-c10e71f01c4b,2026-04-04 07:09:15.937044+00:00,pending,1,32.0,11,True,,True,0.0
F_entry_only_7d_threshold_0_3_6,72a5ad2a-1cd3-454e-812b-2537998c12cd,4ce403f9-c662-4caa-8576-c10e71f01c4b,2026-04-04 07:36:21.827961+00:00,approved,2,32.0,12,True,,True,0.0
F_entry_only_7d_threshold_0_3_6,1c54a2cf-d893-426e-870d-e0e5c3035b30,cdbc2977-3feb-4b78-967e-7636db3986d5,2026-04-04 13:51:29.205949+00:00,pending,0,21.0,0,True,,True,0.0
F_entry_only_7d_threshold_0_3_6,f0349c75-43c2-4673-b279-55079c79e162,cdbc2977-3feb-4b78-967e-7636db3986d5,2026-04-04 13:56:14.488072+00:00,pending,0,21.0,1,True,,True,0.0
F_entry_only_7d_threshold_0_3_6,1889f111-4475-4e41-807c-024110eec4f3,cdbc2977-3feb-4b78-967e-7636db3986d5,2026-04-04 16:19:26.735483+00:00,pending,1,21.0,2,True,,True,0.0
F_entry_only_7d_threshold_0_3_6,d0d298bf-95d8-4093-b991-f51c9f5cadb0,a57f0fd6-6977-43c3-86bb-cd34ef2a7a29,2026-04-04 16:42:27.283839+00:00,pending,0,44.0,0,True,,True,0.0
F_entry_only_7d_threshold_0_3_6,ffcdcdbf-f956-402c-888a-526d0a56bcbf,a57f0fd6-6977-43c3-86bb-cd34ef2a7a29,2026-04-04 16:47:13.564959+00:00,pending,0,44.0,1,True,,True,0.0
F_entry_only_7d_threshold_0_3_6,a6000878-affc-49e7-a29d-ec47ff8d9727,fd9b7f36-2943-4ceb-b658-83c814782ac3,2026-04-04 16:48:26.184012+00:00,pending,1,30.0,8,True,,True,0.0
F_entry_only_7d_threshold_0_3_6,aa38dbdb-517f-4a6c-8fa3-a314e1d262bf,a57f0fd6-6977-43c3-86bb-cd34ef2a7a29,2026-04-04 16:51:07.557220+00:00,pending,0,44.0,2,True,,True,0.0
F_entry_only_7d_threshold_0_3_6,ee877acd-baaf-4342-b34a-a8d5cfd19840,a57f0fd6-6977-43c3-86bb-cd34ef2a7a29,2026-04-04 16:54:55.300756+00:00,pending,0,44.0,3,True,,True,0.0
F_entry_only_7d_threshold_0_3_6,2e78c097-7b41-4c6d-85ee-087bb3b1bcb1,fd9b7f36-2943-4ceb-b658-83c814782ac3,2026-04-04 17:01:29.948654+00:00,pending,1,30.0,9,True,,True,0.0
F_entry_only_7d_threshold_0_3_6,373912d9-ffb4-4760-8853-7512c64ce1f0,fd9b7f36-2943-4ceb-b658-83c814782ac3,2026-04-04 17:39:33.018229+00:00,pending,0,30.0,10,True,,True,0.0
F_entry_only_7d_threshold_0_3_6,dffd1b1f-84bd-4285-b0a3-2a7c0e5f36ef,fd9b7f36-2943-4ceb-b658-83c814782ac3,2026-04-04 17:47:02.449508+00:00,approved,2,30.0,11,True,,True,0.0
F_entry_only_7d_threshold_0_3_6,f97ced0b-3518-4a8c-b151-8608a14a2a39,fd9b7f36-2943-4ceb-b658-83c814782ac3,2026-04-04 17:51:36.948182+00:00,approved,1,30.0,12,True,,True,0.0
F_entry_only_7d_threshold_0_3_6,ff8bc529-880a-4a01-81cf-691330b75f0b,fd9b7f36-2943-4ceb-b658-83c814782ac3,2026-04-04 18:14:04.658018+00:00,pending,1,30.0,13,True,,True,0.0
F_entry_only_7d_threshold_0_3_6,f85fdb8e-2ea5-42d1-8e73-2b1ddb8c66bf,fd9b7f36-2943-4ceb-b658-83c814782ac3,2026-04-04 18:19:21.570919+00:00,approved,1,30.0,14,True,,True,0.0
F_entry_only_7d_threshold_0_3_6,e09c5f4b-7115-4c12-a36f-92d32c498044,cdbc2977-3feb-4b78-967e-7636db3986d5,2026-04-04 19:31:59.949779+00:00,approved,1,21.0,3,True,,True,0.0
F_entry_only_7d_threshold_0_3_6,e1cdc422-3c9f-4b2e-ac9d-0200440611f1,fd9b7f36-2943-4ceb-b658-83c814782ac3,2026-04-04 22:00:53.826937+00:00,approved,1,30.0,15,True,,True,0.0
F_entry_only_7d_threshold_0_3_6,ddd5e090-5f3f-4bd3-a0a3-73b598164a51,4ce403f9-c662-4caa-8576-c10e71f01c4b,2026-04-04 23:43:56.173386+00:00,pending,0,34.0,13,True,,True,0.0
F_entry_only_7d_threshold_0_3_6,cc1649b3-8abd-46e9-858f-52aab762c79a,4ce403f9-c662-4caa-8576-c10e71f01c4b,2026-04-04 23:55:36.438001+00:00,pending,1,34.0,14,True,,True,0.0
F_entry_only_7d_threshold_0_3_6,4d3b3d1c-100f-4363-9428-3a3e6aafa430,4ce403f9-c662-4caa-8576-c10e71f01c4b,2026-04-05 01:12:10.384931+00:00,approved,3,40.0,0,True,,True,0.0
F_entry_only_7d_threshold_0_3_6,23c3000a-bcc1-43f7-b986-8307f23e765d,4ce403f9-c662-4caa-8576-c10e71f01c4b,2026-04-05 01:31:06.040245+00:00,approved,2,40.0,1,True,,True,0.0
F_entry_only_7d_threshold_0_3_6,4dc689aa-9b31-4538-bbaa-4e0a4eb698b3,4ce403f9-c662-4caa-8576-c10e71f01c4b,2026-04-05 02:19:42.240499+00:00,approved,3,40.0,2,True,,True,0.0
F_entry_only_7d_threshold_0_3_6,29d2c3b9-a751-4734-9d9b-e8edd5dd7d9e,4ce403f9-c662-4caa-8576-c10e71f01c4b,2026-04-05 02:51:26.065753+00:00,approved,2,40.0,3,True,,True,0.0
F_entry_only_7d_threshold_0_3_6,fedffe3c-5938-4ac4-9d66-4e9967beb2ad,4ce403f9-c662-4caa-8576-c10e71f01c4b,2026-04-05 03:07:45.075419+00:00,approved,1,40.0,4,True,,True,0.0
F_entry_only_7d_threshold_0_3_6,bacd3a57-72ce-4ce9-8339-27b25ed3c349,fd9b7f36-2943-4ceb-b658-83c814782ac3,2026-04-05 03:09:45.200744+00:00,approved,2,36.0,0,True,,True,0.0
F_entry_only_7d_threshold_0_3_6,34390624-f5ee-48d5-9b38-d8608aab6140,fd9b7f36-2943-4ceb-b658-83c814782ac3,2026-04-05 03:19:50.172222+00:00,approved,1,36.0,1,True,,True,0.0
F_entry_only_7d_threshold_0_3_6,155ddb56-d201-4a31-9968-faae4a2d4d7c,fd9b7f36-2943-4ceb-b658-83c814782ac3,2026-04-05 03:31:51.829993+00:00,approved,1,36.0,2,True,,True,0.0
F_entry_only_7d_threshold_0_3_6,48748549-9315-49a8-bca9-b315c6117fa0,fd9b7f36-2943-4ceb-b658-83c814782ac3,2026-04-05 03:37:34.537199+00:00,pending,-1,36.0,3,True,,True,0.0
F_entry_only_7d_threshold_0_3_6,76071fe0-82f5-44dd-b7b6-ea94fbb72928,fd9b7f36-2943-4ceb-b658-83c814782ac3,2026-04-05 03:43:53.012512+00:00,approved,2,36.0,4,True,,True,0.0
F_entry_only_7d_threshold_0_3_6,3e558a01-2a47-42bc-ab73-b75a623e6cd7,fd9b7f36-2943-4ceb-b658-83c814782ac3,2026-04-05 03:51:35.234202+00:00,approved,3,36.0,5,True,,True,0.0
F_entry_only_7d_threshold_0_3_6,5c5232c8-f4e7-41b4-96b5-5af27df07b3e,fd9b7f36-2943-4ceb-b658-83c814782ac3,2026-04-05 03:54:25.215398+00:00,approved,1,36.0,6,True,,True,0.0
F_entry_only_7d_threshold_0_3_6,6b289a9d-a9a0-4812-a2ba-e2aaeebb27fe,4ce403f9-c662-4caa-8576-c10e71f01c4b,2026-04-05 07:44:09.224050+00:00,approved,1,41.0,5,True,,True,0.0
F_entry_only_7d_threshold_0_3_6,016a545f-fea5-4d60-9324-c5db4b2891b7,4ce403f9-c662-4caa-8576-c10e71f01c4b,2026-04-05 08:01:58.515433+00:00,approved,1,41.0,6,True,,True,0.0
F_entry_only_7d_threshold_0_3_6,72a7dbe6-5890-4ffd-944a-cbfb084d4a98,4ce403f9-c662-4caa-8576-c10e71f01c4b,2026-04-05 21:09:39.687849+00:00,pending,0,41.0,7,True,,True,0.0
F_entry_only_7d_threshold_0_3_6,8579f12a-1e70-4be7-92e4-8922e5c028ab,4ce403f9-c662-4caa-8576-c10e71f01c4b,2026-04-05 21:48:44.007998+00:00,pending,1,41.0,8,True,,True,0.0
F_entry_only_7d_threshold_0_3_6,eefcaf09-f970-4b73-8542-351060a7638e,4ce403f9-c662-4caa-8576-c10e71f01c4b,2026-04-05 23:02:52.094262+00:00,approved,2,41.0,9,True,,True,0.0
F_entry_only_7d_threshold_0_3_6,858dea0b-a382-4f19-bc11-05cfae313027,69ce191d-25f7-4ae6-b5fc-26bdc90e84aa,2026-04-06 00:36:15.982864+00:00,pending,0,21.0,0,True,,True,0.0
F_entry_only_7d_threshold_0_3_6,954da555-0f8c-4414-8d61-729084046daf,fd9b7f36-2943-4ceb-b658-83c814782ac3,2026-04-06 01:57:16.735908+00:00,pending,1,42.0,0,True,,True,0.0
F_entry_only_7d_threshold_0_3_6,87d7f119-8230-463b-a400-fa3784dd8514,fd9b7f36-2943-4ceb-b658-83c814782ac3,2026-04-06 02:06:30.536738+00:00,approved,-1,42.0,1,True,,True,0.0
F_entry_only_7d_threshold_0_3_6,5c0d3d21-afa7-4fb0-b3a8-fff4c95b23ed,fd9b7f36-2943-4ceb-b658-83c814782ac3,2026-04-06 02:11:33.826601+00:00,approved,1,42.0,2,True,,True,0.0
F_entry_only_7d_threshold_0_3_6,f9ec9e33-6c22-4617-9abb-d12bd455c1bf,fd9b7f36-2943-4ceb-b658-83c814782ac3,2026-04-06 02:15:30.481751+00:00,approved,0,42.0,3,True,,True,0.0
F_entry_only_7d_threshold_0_3_6,699d29b3-84e4-4152-b569-14b7b128a820,fd9b7f36-2943-4ceb-b658-83c814782ac3,2026-04-06 02:48:24.458943+00:00,approved,1,42.0,4,True,,True,0.0
F_entry_only_7d_threshold_0_3_6,b0161d26-176e-4327-813c-6b47794da10a,fd9b7f36-2943-4ceb-b658-83c814782ac3,2026-04-06 02:51:33.230316+00:00,approved,0,42.0,5,True,,True,0.0
F_entry_only_7d_threshold_0_3_6,9e150024-14a9-4f20-a24c-4351c021100d,a57f0fd6-6977-43c3-86bb-cd34ef2a7a29,2026-04-06 03:55:16.590886+00:00,pending,0,62.0,0,True,,True,0.0
F_entry_only_7d_threshold_0_3_6,601b7e4f-aaed-454a-88a3-0a910e2e19c0,4ce403f9-c662-4caa-8576-c10e71f01c4b,2026-04-06 04:02:44.937401+00:00,approved,2,46.0,0,True,,True,0.0
F_entry_only_7d_threshold_0_3_6,cea27375-c0f5-443f-9b08-15cf622a3585,a57f0fd6-6977-43c3-86bb-cd34ef2a7a29,2026-04-06 04:09:43.778004+00:00,pending,1,66.0,1,True,,True,0.0
F_entry_only_7d_threshold_0_3_6,a47b70b5-6919-4204-8a4a-4da3071bb253,a57f0fd6-6977-43c3-86bb-cd34ef2a7a29,2026-04-06 04:22:09.972342+00:00,pending,1,66.0,2,True,,True,0.0
F_entry_only_7d_threshold_0_3_6,be645576-35df-4a80-bf66-a88b59f827d2,a57f0fd6-6977-43c3-86bb-cd34ef2a7a29,2026-04-06 04:36:35.970545+00:00,pending,0,66.0,3,True,,True,0.0
F_entry_only_7d_threshold_0_3_6,113018f5-0a2f-43c2-96ad-0d175d91e7a3,a57f0fd6-6977-43c3-86bb-cd34ef2a7a29,2026-04-06 04:47:29.576068+00:00,pending,1,66.0,4,True,,True,0.0
F_entry_only_7d_threshold_0_3_6,40b82d8e-7d2c-4e68-bebe-6d03c1b3356d,4ce403f9-c662-4caa-8576-c10e71f01c4b,2026-04-06 06:12:41.382321+00:00,pending,0,53.0,1,True,,True,0.0
F_entry_only_7d_threshold_0_3_6,6e9d11a7-8c54-46f9-9b6d-4648faf54ffc,4ce403f9-c662-4caa-8576-c10e71f01c4b,2026-04-06 06:21:17.063849+00:00,approved,2,53.0,2,True,,True,0.0
F_entry_only_7d_threshold_0_3_6,a86b8cc8-4a40-47de-9a3a-6b35a757e0bc,a57f0fd6-6977-43c3-86bb-cd34ef2a7a29,2026-04-06 11:10:00.489120+00:00,pending,0,66.0,5,True,,True,0.0
F_entry_only_7d_threshold_0_3_6,d2f9bc1a-322c-416f-8390-901f4414a2d0,a57f0fd6-6977-43c3-86bb-cd34ef2a7a29,2026-04-06 11:18:49.013117+00:00,pending,0,66.0,6,True,,True,0.0
F_entry_only_7d_threshold_0_3_6,543c8110-5c01-4de6-adce-17ab51b5e722,a57f0fd6-6977-43c3-86bb-cd34ef2a7a29,2026-04-06 11:25:01.235512+00:00,pending,0,66.0,7,True,,True,0.0
F_entry_only_7d_threshold_0_3_6,9b684f4b-85f0-4ca6-a5f1-c6d5664c7967,a57f0fd6-6977-43c3-86bb-cd34ef2a7a29,2026-04-06 12:51:59.061007+00:00,pending,1,66.0,8,True,,True,0.0
F_entry_only_7d_threshold_0_3_6,8676c547-0dc4-4415-9f2b-c673ee67d98d,fd9b7f36-2943-4ceb-b658-83c814782ac3,2026-04-06 15:14:23.379857+00:00,approved,2,42.0,6,True,,True,0.0
F_entry_only_7d_threshold_0_3_6,63c85812-22b0-47f3-ab3a-8387dc34eb14,fd9b7f36-2943-4ceb-b658-83c814782ac3,2026-04-06 15:24:30.390242+00:00,approved,4,42.0,7,True,,True,0.0
F_entry_only_7d_threshold_0_3_6,1befaada-68f1-45b2-910a-82f7194d7280,fd9b7f36-2943-4ceb-b658-83c814782ac3,2026-04-06 15:33:54.316758+00:00,approved,2,42.0,8,True,,True,0.0
F_entry_only_7d_threshold_0_3_6,785706a6-eacd-453c-9d85-723db483f64e,fd9b7f36-2943-4ceb-b658-83c814782ac3,2026-04-06 15:43:20.136528+00:00,approved,3,42.0,9,True,,True,0.0
F_entry_only_7d_threshold_0_3_6,3d580b12-f012-4fd4-a811-b9c3661b7106,60264769-e015-4dba-b2f4-6bfdffed12b3,2026-04-06 15:58:48.116866+00:00,pending,1,10.0,0,True,,True,0.0
F_entry_only_7d_threshold_0_3_6,acf06857-4004-416b-bc06-5697fe5d2d89,fd9b7f36-2943-4ceb-b658-83c814782ac3,2026-04-06 18:14:25.083161+00:00,approved,4,42.0,10,True,,True,0.0
F_entry_only_7d_threshold_0_3_6,5103ad95-4d0e-4712-bd85-cc0298497305,fd9b7f36-2943-4ceb-b658-83c814782ac3,2026-04-06 18:35:12.575385+00:00,approved,3,42.0,11,True,,True,0.0
F_entry_only_7d_threshold_0_3_6,d513157c-2d57-41ce-a9a1-4281b5b5b5d8,fd9b7f36-2943-4ceb-b658-83c814782ac3,2026-04-06 18:39:09.364658+00:00,approved,4,42.0,12,True,,True,0.0
F_entry_only_7d_threshold_0_3_6,dd2f4e62-5d07-48a9-9ae3-899a1ac4d4bb,fd9b7f36-2943-4ceb-b658-83c814782ac3,2026-04-06 18:41:34.724245+00:00,approved,3,42.0,13,True,,True,0.0
F_entry_only_7d_threshold_0_3_6,82430952-49af-4214-8aae-b6bb6d23be04,fd9b7f36-2943-4ceb-b658-83c814782ac3,2026-04-06 20:25:15.203249+00:00,approved,3,42.0,14,True,,True,0.0
F_entry_only_7d_threshold_0_3_6,ae402ff9-4610-43da-94bc-c6b1100bfb66,fd9b7f36-2943-4ceb-b658-83c814782ac3,2026-04-06 20:33:01.691251+00:00,approved,3,42.0,15,True,,True,0.0
F_entry_only_7d_threshold_0_3_6,3056fba3-8a67-4e48-b7da-67e3bd953310,fd9b7f36-2943-4ceb-b658-83c814782ac3,2026-04-06 20:44:26.502166+00:00,approved,3,42.0,16,True,,True,0.0
F_entry_only_7d_threshold_0_3_6,8cadd9ac-7f22-4a46-9d61-600c245038d7,a57f0fd6-6977-43c3-86bb-cd34ef2a7a29,2026-04-06 23:06:44.891040+00:00,pending,1,70.0,9,True,,True,0.0
F_entry_only_7d_threshold_0_3_6,57c8bba6-0f23-452f-85aa-5650e286d3cf,4ce403f9-c662-4caa-8576-c10e71f01c4b,2026-04-07 01:11:20.558374+00:00,approved,1,60.0,0,True,,True,0.0
F_entry_only_7d_threshold_0_3_6,2d84081c-6a0a-49de-8cce-59c1fa69b879,a57f0fd6-6977-43c3-86bb-cd34ef2a7a29,2026-04-07 01:35:37.067292+00:00,pending,0,75.0,0,True,,True,0.0
F_entry_only_7d_threshold_0_3_6,d9c2fc3d-5406-49a4-a12a-9572d9454856,a57f0fd6-6977-43c3-86bb-cd34ef2a7a29,2026-04-07 01:48:52.989226+00:00,pending,0,75.0,1,True,,True,0.0
F_entry_only_7d_threshold_0_3_6,457a89ac-7b3d-43c1-9323-fe1835bbb58a,4ce403f9-c662-4caa-8576-c10e71f01c4b,2026-04-07 01:55:26.805566+00:00,pending,1,60.0,1,True,,True,0.0
F_entry_only_7d_threshold_0_3_6,525c0f6b-5643-4898-badf-a01bac16c759,4ce403f9-c662-4caa-8576-c10e71f01c4b,2026-04-07 02:09:32.542401+00:00,approved,1,60.0,2,True,,True,0.0
F_entry_only_7d_threshold_0_3_6,0651c7b1-69d2-4cba-b7e2-87561cae26dc,fd9b7f36-2943-4ceb-b658-83c814782ac3,2026-04-07 02:23:24.597168+00:00,approved,3,48.0,0,True,,True,0.0
F_entry_only_7d_threshold_0_3_6,6d3d999d-b5b1-483f-ac7e-92cc41e3f5e1,fd9b7f36-2943-4ceb-b658-83c814782ac3,2026-04-07 02:28:26.231593+00:00,approved,3,48.0,1,True,,True,0.0
F_entry_only_7d_threshold_0_3_6,eefda393-00ef-4da7-b31d-9baa47742560,fd9b7f36-2943-4ceb-b658-83c814782ac3,2026-04-07 03:06:51.933913+00:00,approved,2,48.0,2,True,,True,0.0
F_entry_only_7d_threshold_0_3_6,864bdb9c-b795-452f-97c1-3420675b0324,fd9b7f36-2943-4ceb-b658-83c814782ac3,2026-04-07 03:15:33.904961+00:00,pending,2,48.0,3,True,,True,0.0
F_entry_only_7d_threshold_0_3_6,eb30ddd1-8650-4782-9694-cafed510cbc8,4ce403f9-c662-4caa-8576-c10e71f01c4b,2026-04-07 03:44:32.843208+00:00,approved,2,60.0,3,True,,True,0.0
F_entry_only_7d_threshold_0_3_6,7ada756d-274c-4da0-9347-e6ac9e89f8fd,4ce403f9-c662-4caa-8576-c10e71f01c4b,2026-04-07 06:29:32.735248+00:00,approved,1,60.0,4,True,,True,0.0
F_entry_only_7d_threshold_0_3_6,86010be0-64f0-4747-a84d-60368e7f0545,4ce403f9-c662-4caa-8576-c10e71f01c4b,2026-04-07 08:10:17.635781+00:00,approved,1,60.0,5,True,,True,0.0
F_entry_only_7d_threshold_0_3_6,56784da5-bfe8-42a6-9701-076ab932c04a,4ce403f9-c662-4caa-8576-c10e71f01c4b,2026-04-07 08:13:43.864689+00:00,approved,2,60.0,6,True,,True,0.0
F_entry_only_7d_threshold_0_3_6,ca7d29c7-9d55-4e39-8beb-3a9e5b36a06b,a57f0fd6-6977-43c3-86bb-cd34ef2a7a29,2026-04-07 13:35:44.155143+00:00,pending,0,80.0,2,True,,True,0.0
F_entry_only_7d_threshold_0_3_6,a05645ac-a209-41c0-b765-37829acbb666,a57f0fd6-6977-43c3-86bb-cd34ef2a7a29,2026-04-07 13:44:09.240293+00:00,pending,1,80.0,3,True,,True,0.0
F_entry_only_7d_threshold_0_3_6,19c7c4fb-1713-4fb1-b5e5-780378d45187,a57f0fd6-6977-43c3-86bb-cd34ef2a7a29,2026-04-07 13:54:52.583140+00:00,approved,1,80.0,4,True,,True,0.0
F_entry_only_7d_threshold_0_3_6,3dbdfdbb-b6d0-4353-b506-c5aa6d334ac3,a57f0fd6-6977-43c3-86bb-cd34ef2a7a29,2026-04-07 14:06:43.440222+00:00,pending,0,80.0,5,True,,True,0.0
F_entry_only_7d_threshold_0_3_6,d0f40557-2451-47b2-a5d3-a7af3c5fd024,4ce403f9-c662-4caa-8576-c10e71f01c4b,2026-04-07 23:00:26.902358+00:00,approved,2,60.0,7,True,,True,0.0
F_entry_only_7d_threshold_0_3_6,ffaaefa2-7d20-498d-9bec-164be6898c7c,69ce191d-25f7-4ae6-b5fc-26bdc90e84aa,2026-04-08 00:51:20.814017+00:00,approved,2,29.0,0,True,,True,0.0
F_entry_only_7d_threshold_0_3_6,3c8a5ee7-6210-474a-816d-048744f2c2a6,a57f0fd6-6977-43c3-86bb-cd34ef2a7a29,2026-04-08 02:37:05.051160+00:00,pending,1,83.0,0,True,,True,0.0
F_entry_only_7d_threshold_0_3_6,e4594fbd-16fc-4852-94c1-732a0d804a79,4ce403f9-c662-4caa-8576-c10e71f01c4b,2026-04-08 03:26:45.844376+00:00,approved,1,65.0,0,True,,True,0.0
F_entry_only_7d_threshold_0_3_6,07c810cf-302f-4a99-afb5-29f4ea344953,4ce403f9-c662-4caa-8576-c10e71f01c4b,2026-04-08 03:49:43.557289+00:00,approved,1,65.0,1,True,,True,0.0
F_entry_only_7d_threshold_0_3_6,c776d0de-f669-4c42-9204-855fb2469741,4ce403f9-c662-4caa-8576-c10e71f01c4b,2026-04-08 04:12:11.076157+00:00,approved,1,65.0,2,True,,True,0.0
F_entry_only_7d_threshold_0_3_6,14421584-a284-48e7-9bf1-e04d0f632f32,4ce403f9-c662-4caa-8576-c10e71f01c4b,2026-04-08 04:16:46.387185+00:00,approved,1,65.0,3,True,,True,0.0
F_entry_only_7d_threshold_0_3_6,8a3bf9bf-0f54-4228-8892-be752bc69470,a57f0fd6-6977-43c3-86bb-cd34ef2a7a29,2026-04-08 13:24:15.156539+00:00,pending,1,83.0,1,True,,True,0.0
F_entry_only_7d_threshold_0_3_6,2b2a5b01-96a1-4c3d-888e-0b111bf565b1,a57f0fd6-6977-43c3-86bb-cd34ef2a7a29,2026-04-09 00:24:39.198827+00:00,pending,1,78.0,0,True,,True,0.0
F_entry_only_7d_threshold_0_3_6,21ca61c7-3b6d-4ac0-b147-3e1c233777b2,4ce403f9-c662-4caa-8576-c10e71f01c4b,2026-04-09 04:16:06.034144+00:00,approved,1,71.0,0,True,,True,0.0
F_entry_only_7d_threshold_0_3_6,24a1588c-3faa-4042-aee6-5361d1c4d051,4ce403f9-c662-4caa-8576-c10e71f01c4b,2026-04-09 04:36:56.091163+00:00,approved,1,71.0,1,True,,True,0.0
F_entry_only_7d_threshold_0_3_6,5db56046-47ed-4258-862a-b6f7375eb681,4ce403f9-c662-4caa-8576-c10e71f01c4b,2026-04-09 04:39:55.540133+00:00,approved,1,71.0,2,True,,True,0.0
F_entry_only_7d_threshold_0_3_6,0af4f2a6-cf75-4961-83e1-fbc45e3a25c8,4ce403f9-c662-4caa-8576-c10e71f01c4b,2026-04-09 05:02:04.721044+00:00,approved,2,70.0,3,True,,True,0.0
F_entry_only_7d_threshold_0_3_6,ff8fdede-a5a9-401d-afdb-2145759eb240,4ce403f9-c662-4caa-8576-c10e71f01c4b,2026-04-09 05:05:39.722765+00:00,approved,1,70.0,4,True,,True,0.0
F_entry_only_7d_threshold_0_3_6,7e64475b-24e8-48af-aa17-5eeea7e66b47,4ce403f9-c662-4caa-8576-c10e71f01c4b,2026-04-09 05:51:12.640226+00:00,approved,3,68.0,5,True,,True,0.0
F_entry_only_7d_threshold_0_3_6,b6b3f509-da63-40d7-83fa-0c4d0a2feda8,4ce403f9-c662-4caa-8576-c10e71f01c4b,2026-04-09 06:36:29.712767+00:00,approved,2,68.0,6,True,,True,0.0
F_entry_only_7d_threshold_0_3_6,fe515e65-d427-4dcc-a9e5-f445eca4e6c7,4ce403f9-c662-4caa-8576-c10e71f01c4b,2026-04-09 07:05:51.541154+00:00,approved,1,68.0,7,True,,True,0.0
F_entry_only_7d_threshold_0_3_6,fb0b8ba4-c424-4365-9f9c-5f433eb27d98,4ce403f9-c662-4caa-8576-c10e71f01c4b,2026-04-09 07:24:43.026558+00:00,pending,1,68.0,8,True,,True,0.0
F_entry_only_7d_threshold_0_3_6,21bb02e3-b731-4677-bd89-c7bd7ed141f6,4ce403f9-c662-4caa-8576-c10e71f01c4b,2026-04-09 07:31:31.549178+00:00,approved,2,68.0,9,True,,True,0.0
F_entry_only_7d_threshold_0_3_6,3a0181d0-2a4c-4d63-af03-5976e81e35ba,4ce403f9-c662-4caa-8576-c10e71f01c4b,2026-04-09 07:56:37.501274+00:00,approved,2,68.0,10,True,,True,0.0
F_entry_only_7d_threshold_0_3_6,a663ded7-cdad-46dd-8a95-c8046c52cb02,a57f0fd6-6977-43c3-86bb-cd34ef2a7a29,2026-04-09 12:23:14.921493+00:00,pending,0,72.0,1,True,,True,0.0
F_entry_only_7d_threshold_0_3_6,3a3abb50-4570-4a66-a87f-1f180d28a379,a57f0fd6-6977-43c3-86bb-cd34ef2a7a29,2026-04-09 15:58:53.233546+00:00,approved,2,70.0,2,True,,True,0.0
F_entry_only_7d_threshold_0_3_6,e7c87f43-7cc5-439c-9a6e-6989bbe0a48a,a57f0fd6-6977-43c3-86bb-cd34ef2a7a29,2026-04-09 16:09:36.131759+00:00,pending,1,71.0,3,True,,True,0.0
F_entry_only_7d_threshold_0_3_6,fc22b8db-6c1c-4372-96a3-a1935aea51d3,a57f0fd6-6977-43c3-86bb-cd34ef2a7a29,2026-04-09 16:24:31.910571+00:00,pending,0,71.0,4,True,,True,0.0
F_entry_only_7d_threshold_0_3_6,828ee348-a4e7-43d5-8f87-d2a3f006ba2b,a57f0fd6-6977-43c3-86bb-cd34ef2a7a29,2026-04-09 17:37:52.206620+00:00,pending,0,71.0,5,True,,True,0.0
F_entry_only_7d_threshold_0_3_6,cf84de9c-ec8f-4ecd-b830-d336e035e729,a57f0fd6-6977-43c3-86bb-cd34ef2a7a29,2026-04-09 17:42:51.111272+00:00,pending,0,71.0,6,True,,True,0.0
F_entry_only_7d_threshold_0_3_6,9a802ff7-32a2-45da-affb-ab60886dfd0f,a57f0fd6-6977-43c3-86bb-cd34ef2a7a29,2026-04-09 17:55:19.404772+00:00,pending,1,71.0,7,True,,True,0.0
F_entry_only_7d_threshold_0_3_6,ac30f977-d588-4d3f-bc66-bfd66a47a4a2,a57f0fd6-6977-43c3-86bb-cd34ef2a7a29,2026-04-09 17:59:32.755716+00:00,approved,4,71.0,8,True,,True,0.0
F_entry_only_7d_threshold_0_3_6,85fa6f4b-0c77-41d8-8898-aedc72fe6815,a57f0fd6-6977-43c3-86bb-cd34ef2a7a29,2026-04-09 19:42:47.736403+00:00,pending,1,71.0,9,True,,True,0.0
F_entry_only_7d_threshold_0_3_6,67b2f8ac-1337-4f17-846e-7d908c4bde03,a57f0fd6-6977-43c3-86bb-cd34ef2a7a29,2026-04-09 20:04:53.312527+00:00,pending,3,71.0,10,True,,True,0.0
F_entry_only_7d_threshold_0_3_6,f9be94ae-3037-48eb-9790-9157de0f7e43,a57f0fd6-6977-43c3-86bb-cd34ef2a7a29,2026-04-09 20:09:18.067578+00:00,pending,2,71.0,11,True,,True,0.0
F_entry_only_7d_threshold_0_3_6,27669fe2-93b4-4697-88c0-90e8f24bfaa2,a57f0fd6-6977-43c3-86bb-cd34ef2a7a29,2026-04-09 20:33:31.526229+00:00,pending,2,71.0,12,True,,True,0.0
F_entry_only_7d_threshold_0_3_6,00182208-4a07-4f70-b0b0-f436f3239c5c,a57f0fd6-6977-43c3-86bb-cd34ef2a7a29,2026-04-09 20:56:26.542487+00:00,pending,0,70.0,13,True,,True,0.0
F_entry_only_7d_threshold_0_3_6,9d31be9b-abf1-4088-8c95-9b2b42075632,a57f0fd6-6977-43c3-86bb-cd34ef2a7a29,2026-04-09 21:20:49.603776+00:00,approved,1,69.0,14,True,,True,0.0
F_entry_only_7d_threshold_0_3_6,607d9f27-5748-475f-950c-16a4e0c6a0e3,a57f0fd6-6977-43c3-86bb-cd34ef2a7a29,2026-04-09 21:25:34.047724+00:00,pending,0,69.0,15,True,,True,0.0
F_entry_only_7d_threshold_0_3_6,1d6eb8c2-56e2-4ca0-8669-58900768f074,a57f0fd6-6977-43c3-86bb-cd34ef2a7a29,2026-04-09 21:28:10.585358+00:00,pending,0,69.0,16,True,,True,0.0
F_entry_only_7d_threshold_0_3_6,c4cb8fb1-b4ac-4b70-a08d-221b68d65930,a57f0fd6-6977-43c3-86bb-cd34ef2a7a29,2026-04-09 21:31:06.634936+00:00,pending,0,69.0,17,True,,True,0.0
F_entry_only_7d_threshold_0_3_6,00ed8ae9-731f-4c3c-ba26-6611d2b37ad5,a57f0fd6-6977-43c3-86bb-cd34ef2a7a29,2026-04-09 21:34:30.504583+00:00,pending,0,69.0,18,True,,True,0.0
F_entry_only_7d_threshold_0_3_6,bc70f130-e6ed-49ae-8dc6-f37897f1b73e,cdbc2977-3feb-4b78-967e-7636db3986d5,2026-04-09 23:41:21.554666+00:00,approved,1,18.0,0,True,,True,0.0
F_entry_only_7d_threshold_0_3_6,7052b73d-af8a-46ea-89af-c674dc529c2c,cdbc2977-3feb-4b78-967e-7636db3986d5,2026-04-09 23:48:29.816976+00:00,approved,1,21.0,1,True,,True,0.0
F_entry_only_7d_threshold_0_3_6,5b43c43f-52ca-443d-b144-13c12d331f24,fd9b7f36-2943-4ceb-b658-83c814782ac3,2026-04-10 01:32:11.013012+00:00,approved,1,32.0,0,True,,True,0.0
F_entry_only_7d_threshold_0_3_6,566ba7ec-492c-427c-a940-0e83aebcd359,fd9b7f36-2943-4ceb-b658-83c814782ac3,2026-04-10 01:51:22.250765+00:00,pending,0,32.0,1,True,,True,0.0
F_entry_only_7d_threshold_0_3_6,4c7c22bb-be5f-44e0-ad4d-6562a5ccad50,fd9b7f36-2943-4ceb-b658-83c814782ac3,2026-04-10 02:06:35.126171+00:00,approved,2,32.0,2,True,,True,0.0
F_entry_only_7d_threshold_0_3_6,aeeaa1a4-9097-4302-93b4-b6fa61bc6f58,fd9b7f36-2943-4ceb-b658-83c814782ac3,2026-04-10 02:17:03.008117+00:00,pending,2,32.0,3,True,,True,0.0
F_entry_only_7d_threshold_0_3_6,ab1fc48c-f98e-4da6-9946-f989ff791497,fd9b7f36-2943-4ceb-b658-83c814782ac3,2026-04-10 03:18:05.498624+00:00,approved,1,32.0,4,True,,True,0.0
F_entry_only_7d_threshold_0_3_6,13f5a19a-8702-485f-a087-d2d0e74ffdba,fd9b7f36-2943-4ceb-b658-83c814782ac3,2026-04-10 03:30:46.003307+00:00,approved,2,32.0,5,True,,True,0.0
F_entry_only_7d_threshold_0_3_6,f9e29f74-277d-4f41-9a59-ca1ea0c97607,fd9b7f36-2943-4ceb-b658-83c814782ac3,2026-04-10 03:48:00.679674+00:00,approved,1,32.0,6,True,,True,0.0
F_entry_only_7d_threshold_0_3_6,f70a07fb-c993-44bc-baf9-4e228767a187,fd9b7f36-2943-4ceb-b658-83c814782ac3,2026-04-10 04:03:30.631138+00:00,approved,2,32.0,7,True,,True,0.0
F_entry_only_7d_threshold_0_3_6,9813ea1f-39a7-44b2-a085-0e6be45a8e06,4ce403f9-c662-4caa-8576-c10e71f01c4b,2026-04-10 05:48:57.516452+00:00,pending,1,58.0,0,True,,True,0.0
F_entry_only_7d_threshold_0_3_6,2b4288f5-0f7c-4471-9e11-457bf1ffbe1b,4ce403f9-c662-4caa-8576-c10e71f01c4b,2026-04-10 05:55:45.129929+00:00,approved,1,58.0,1,True,,True,0.0
F_entry_only_7d_threshold_0_3_6,31958ede-704e-40e4-9614-27b080bebc51,4ce403f9-c662-4caa-8576-c10e71f01c4b,2026-04-10 06:48:54.096777+00:00,approved,1,58.0,2,True,,True,0.0
F_entry_only_7d_threshold_0_3_6,9331c97e-0917-46d9-9f39-7a24596292a7,4ce403f9-c662-4caa-8576-c10e71f01c4b,2026-04-10 06:53:53.013139+00:00,approved,1,58.0,3,True,,True,0.0
F_entry_only_7d_threshold_0_3_6,314c997f-adbe-4d8d-9a29-5df7489119d6,4ce403f9-c662-4caa-8576-c10e71f01c4b,2026-04-10 07:52:54.761889+00:00,approved,1,58.0,4,True,,True,0.0
F_entry_only_7d_threshold_0_3_6,89d853b9-d133-4a94-b546-aecc64d6af0d,4ce403f9-c662-4caa-8576-c10e71f01c4b,2026-04-10 08:09:20.873090+00:00,approved,1,58.0,5,True,,True,0.0
F_entry_only_7d_threshold_0_3_6,0e966df5-b6b0-44b9-b310-86f050cd0890,4ce403f9-c662-4caa-8576-c10e71f01c4b,2026-04-10 08:27:49.372098+00:00,approved,1,58.0,6,True,,True,0.0
F_entry_only_7d_threshold_0_3_6,a3977e6b-8460-46a1-b2f4-96c4b4a679e2,4ce403f9-c662-4caa-8576-c10e71f01c4b,2026-04-10 08:45:39.209368+00:00,approved,2,58.0,7,True,,True,0.0
F_entry_only_7d_threshold_0_3_6,bdae7fcc-9ea8-42b4-a79b-5d83c7a7e621,fd9b7f36-2943-4ceb-b658-83c814782ac3,2026-04-10 18:58:48.620746+00:00,pending,1,30.0,8,True,,True,0.0
F_entry_only_7d_threshold_0_3_6,98db7e0e-ab23-4847-ad9d-37b3bc52ab9a,fd9b7f36-2943-4ceb-b658-83c814782ac3,2026-04-10 19:10:25.260930+00:00,approved,2,30.0,9,True,,True,0.0
F_entry_only_7d_threshold_0_3_6,c4472511-751b-43dc-a149-48c4f3e198fa,4ce403f9-c662-4caa-8576-c10e71f01c4b,2026-04-10 19:15:17.174123+00:00,pending,1,58.0,8,True,,True,0.0
F_entry_only_7d_threshold_0_3_6,9ff2460f-20e0-46cf-af52-4965eb173f53,4ce403f9-c662-4caa-8576-c10e71f01c4b,2026-04-10 19:20:03.435847+00:00,pending,2,58.0,9,True,,True,0.0
F_entry_only_7d_threshold_0_3_6,c3df13be-b19f-4691-9d63-5b9028269aad,4ce403f9-c662-4caa-8576-c10e71f01c4b,2026-04-10 19:24:01.225780+00:00,pending,1,58.0,10,True,,True,0.0
F_entry_only_7d_threshold_0_3_6,f9f7dbaf-7a24-48b0-a9e0-3ecbccaf2b27,a57f0fd6-6977-43c3-86bb-cd34ef2a7a29,2026-04-10 20:16:55.738678+00:00,pending,0,74.0,0,True,,True,0.0
F_entry_only_7d_threshold_0_3_6,d5829b6e-4db1-4f05-8484-5069f8b6927a,4ce403f9-c662-4caa-8576-c10e71f01c4b,2026-04-10 20:36:26.401835+00:00,approved,1,58.0,11,True,,True,0.0
F_entry_only_7d_threshold_0_3_6,cf47bb54-a267-47cd-903c-e783e18b5ad6,4ce403f9-c662-4caa-8576-c10e71f01c4b,2026-04-10 20:41:54.144329+00:00,approved,1,58.0,12,True,,True,0.0
F_entry_only_7d_threshold_0_3_6,ae09bd9d-a52a-4ca9-83db-7f318e1443b3,4ce403f9-c662-4caa-8576-c10e71f01c4b,2026-04-10 20:44:30.117651+00:00,pending,2,58.0,13,True,,True,0.0
F_entry_only_7d_threshold_0_3_6,ab228ccc-24a8-49d0-a42f-aef7be7c68eb,4ce403f9-c662-4caa-8576-c10e71f01c4b,2026-04-10 20:47:42.406970+00:00,approved,2,58.0,14,True,,True,0.0
F_entry_only_7d_threshold_0_3_6,88bd0278-b66a-4836-8d0e-0887afb4853b,a57f0fd6-6977-43c3-86bb-cd34ef2a7a29,2026-04-10 21:34:41.077704+00:00,approved,1,78.0,1,True,,True,0.0
F_entry_only_7d_threshold_0_3_6,bb702e61-9d7e-46bf-a8e6-951d106134ef,a57f0fd6-6977-43c3-86bb-cd34ef2a7a29,2026-04-11 10:09:38.646854+00:00,pending,1,84.0,0,True,,True,0.0
F_entry_only_7d_threshold_0_3_6,ee785f6c-2751-467a-8e3e-6eae6ad147c6,a57f0fd6-6977-43c3-86bb-cd34ef2a7a29,2026-04-11 10:20:42.275846+00:00,approved,1,84.0,1,True,,True,0.0
F_entry_only_7d_threshold_0_3_6,8fb46c93-a45f-4ad1-8a7c-ead24433ed85,a57f0fd6-6977-43c3-86bb-cd34ef2a7a29,2026-04-11 10:56:13.935259+00:00,approved,1,84.0,2,True,,True,0.0
F_entry_only_7d_threshold_0_3_6,41fd6db1-6290-42e9-b15a-a5fe77e9bcd0,69ce191d-25f7-4ae6-b5fc-26bdc90e84aa,2026-04-11 14:06:20.728967+00:00,approved,2,30.0,0,True,,True,0.0
F_entry_only_7d_threshold_0_3_6,77274b01-ab23-45ee-bb13-ef8e009325de,69ce191d-25f7-4ae6-b5fc-26bdc90e84aa,2026-04-11 14:25:26.255782+00:00,approved,2,32.0,1,True,,True,0.0
F_entry_only_7d_threshold_0_3_6,fbbcfa44-2b40-4e67-9624-fa65db741726,a57f0fd6-6977-43c3-86bb-cd34ef2a7a29,2026-04-11 17:22:41.004636+00:00,pending,1,79.0,3,True,,True,0.0
F_entry_only_7d_threshold_0_3_6,f803d8fa-37b5-4a3e-b256-a2c29f417715,4ce403f9-c662-4caa-8576-c10e71f01c4b,2026-04-11 19:15:15.855688+00:00,approved,2,54.0,0,True,,True,0.0
F_entry_only_7d_threshold_0_3_6,2c9bcfcc-1aef-4868-992d-a0acc9eaa635,a57f0fd6-6977-43c3-86bb-cd34ef2a7a29,2026-04-12 00:44:26.001063+00:00,pending,0,82.0,0,True,,True,0.0
F_entry_only_7d_threshold_0_3_6,0377de0a-3a4f-4095-b954-1cad82a73d1f,a57f0fd6-6977-43c3-86bb-cd34ef2a7a29,2026-04-12 12:32:29.811761+00:00,pending,3,73.0,1,True,,True,0.0
F_entry_only_7d_threshold_0_3_6,fc1a7636-b194-418e-baee-e58c2f573d1e,a57f0fd6-6977-43c3-86bb-cd34ef2a7a29,2026-04-12 14:34:18.970569+00:00,pending,1,72.0,2,True,,True,0.0
F_entry_only_7d_threshold_0_3_6,2fcb5d2e-512a-4542-9702-193df73c8f35,a57f0fd6-6977-43c3-86bb-cd34ef2a7a29,2026-04-12 14:39:45.097544+00:00,pending,2,72.0,3,True,,True,0.0
F_entry_only_7d_threshold_0_3_6,3a86f5ff-b486-4b1e-9480-98e9bcd7afc8,a57f0fd6-6977-43c3-86bb-cd34ef2a7a29,2026-04-12 14:54:46.676431+00:00,pending,-1,72.0,4,True,,True,0.0
F_entry_only_7d_threshold_0_3_6,27c36138-7835-407a-aa22-cfac4cdc403b,a57f0fd6-6977-43c3-86bb-cd34ef2a7a29,2026-04-12 15:01:25.876558+00:00,pending,-1,72.0,5,True,,True,0.0
F_entry_only_7d_threshold_0_3_6,822770b0-fdf1-4f55-a0fb-9f69e75ff13a,a57f0fd6-6977-43c3-86bb-cd34ef2a7a29,2026-04-12 15:04:46.533408+00:00,pending,-1,72.0,6,True,,True,0.0
F_entry_only_7d_threshold_0_3_6,7484ac17-73b2-45d4-9ae7-3e1a8ede2905,a57f0fd6-6977-43c3-86bb-cd34ef2a7a29,2026-04-12 15:07:44.353168+00:00,approved,0,72.0,7,True,,True,0.0
F_entry_only_7d_threshold_0_3_6,70117813-54bb-45e1-a4ff-fce1cf73e19b,a57f0fd6-6977-43c3-86bb-cd34ef2a7a29,2026-04-12 18:15:30.688067+00:00,pending,0,72.0,8,True,,True,0.0
F_entry_only_7d_threshold_0_3_6,065a1cd9-345a-4ea7-b04a-9f7544a1d2f7,a57f0fd6-6977-43c3-86bb-cd34ef2a7a29,2026-04-12 18:19:55.929840+00:00,pending,0,72.0,9,True,,True,0.0
F_entry_only_7d_threshold_0_3_6,d9d7f08e-7454-41e3-834f-4cca6ffc586f,a57f0fd6-6977-43c3-86bb-cd34ef2a7a29,2026-04-12 20:05:16.261333+00:00,approved,2,72.0,10,True,,True,0.0
F_entry_only_7d_threshold_0_3_6,8b30bdb8-92de-4cbc-8e2c-cc363ecd99b2,a57f0fd6-6977-43c3-86bb-cd34ef2a7a29,2026-04-12 20:49:18.921282+00:00,pending,1,72.0,11,True,,True,0.0
F_entry_only_7d_threshold_0_3_6,874812dd-4a8e-4fd9-8060-2f842ad4ca7e,a57f0fd6-6977-43c3-86bb-cd34ef2a7a29,2026-04-12 23:04:20.444762+00:00,pending,3,72.0,12,True,,True,0.0
F_entry_only_7d_threshold_0_3_6,74c14866-c8be-44aa-9904-6ecbf0d7cac6,a57f0fd6-6977-43c3-86bb-cd34ef2a7a29,2026-04-13 13:43:04.181632+00:00,pending,1,74.0,0,True,,True,0.0
F_entry_only_7d_threshold_0_3_6,6e9e356c-b064-4c4b-aba2-662c92e3ba7b,a57f0fd6-6977-43c3-86bb-cd34ef2a7a29,2026-04-13 13:48:46.148146+00:00,pending,1,74.0,1,True,,True,0.0
F_entry_only_7d_threshold_0_3_6,6cc38f95-261d-4fe5-aeef-9ff7f05c037e,a57f0fd6-6977-43c3-86bb-cd34ef2a7a29,2026-04-13 19:02:49.386568+00:00,pending,1,72.0,2,True,,True,0.0
F_entry_only_7d_threshold_0_3_6,9a013578-2dd6-4e23-9b2a-1758c949c6df,a57f0fd6-6977-43c3-86bb-cd34ef2a7a29,2026-04-14 13:24:15.813345+00:00,pending,1,65.0,0,True,,True,0.0
F_entry_only_7d_threshold_0_3_6,4d8c4ed6-9831-4789-9436-f65e8b948e97,fd9b7f36-2943-4ceb-b658-83c814782ac3,2026-04-14 13:41:00.198037+00:00,pending,-1,12.0,0,True,,True,0.0
F_entry_only_7d_threshold_0_3_6,32e7a341-9b53-41b5-9b94-1656d9da4d7b,fd9b7f36-2943-4ceb-b658-83c814782ac3,2026-04-14 13:43:46.900546+00:00,pending,0,12.0,1,True,,True,0.0
F_entry_only_7d_threshold_0_3_6,a5d68ecb-164d-4a0b-9c39-2b0f133b83ca,fd9b7f36-2943-4ceb-b658-83c814782ac3,2026-04-14 14:12:04.608465+00:00,approved,2,12.0,2,True,,True,0.0
F_entry_only_7d_threshold_0_3_6,8db3b8a2-ec75-4486-a7fa-68799e95ce58,a57f0fd6-6977-43c3-86bb-cd34ef2a7a29,2026-04-14 14:27:59.607735+00:00,pending,1,67.0,1,True,,True,0.0
F_entry_only_7d_threshold_0_3_6,3dd9881e-c7b0-44ee-9b57-59fbc34de5b3,fd9b7f36-2943-4ceb-b658-83c814782ac3,2026-04-14 14:36:46.403901+00:00,approved,2,12.0,3,True,,True,0.0
F_entry_only_7d_threshold_0_3_6,0060495f-869a-43a3-bff1-9bb060a7f50c,fd9b7f36-2943-4ceb-b658-83c814782ac3,2026-04-14 14:40:10.974547+00:00,approved,2,12.0,4,True,,True,0.0
F_entry_only_7d_threshold_0_3_6,95e004cd-cde1-41a1-8809-aa88d60584dc,a57f0fd6-6977-43c3-86bb-cd34ef2a7a29,2026-04-14 17:48:34.919081+00:00,approved,2,69.0,2,True,,True,0.0
F_entry_only_7d_threshold_0_3_6,332ece9d-bc5e-42db-9b83-ad2a0793d7fd,a57f0fd6-6977-43c3-86bb-cd34ef2a7a29,2026-04-14 18:23:20.807033+00:00,pending,1,69.0,3,True,,True,0.0
F_entry_only_7d_threshold_0_3_6,4667e4c7-1112-4334-b255-8eb2e45b19ef,a57f0fd6-6977-43c3-86bb-cd34ef2a7a29,2026-04-14 18:27:37.725221+00:00,pending,0,69.0,4,True,,True,0.0
F_entry_only_7d_threshold_0_3_6,45543dee-e2d9-4520-b5f7-c39cbea778aa,a57f0fd6-6977-43c3-86bb-cd34ef2a7a29,2026-04-14 18:33:11.562451+00:00,pending,2,69.0,5,True,,True,0.0
F_entry_only_7d_threshold_0_3_6,fc005273-2c89-48ed-83dc-93970d76ac96,a57f0fd6-6977-43c3-86bb-cd34ef2a7a29,2026-04-14 18:42:35.535309+00:00,pending,2,69.0,6,True,,True,0.0
F_entry_only_7d_threshold_0_3_6,3642b719-da35-4af2-96f6-ea44d4724d20,a57f0fd6-6977-43c3-86bb-cd34ef2a7a29,2026-04-14 22:06:35.620329+00:00,pending,2,69.0,7,True,,True,0.0
F_entry_only_7d_threshold_0_3_6,39b4e48b-0a33-4a20-9a46-7b9572d2b453,ce6e5c8c-b2e1-4acd-89fe-b42fe49a86bc,2026-04-15 00:46:30.112719+00:00,pending,2,7.0,0,True,,True,0.0
F_entry_only_7d_threshold_0_3_6,ccdd2ba6-8ee6-49d0-9804-0a4d942a437e,a57f0fd6-6977-43c3-86bb-cd34ef2a7a29,2026-04-15 14:16:14.938967+00:00,pending,1,68.0,0,True,,True,0.0
F_entry_only_7d_threshold_0_3_6,fddd9c73-bc5e-4062-9161-d645add18aea,a57f0fd6-6977-43c3-86bb-cd34ef2a7a29,2026-04-15 15:34:33.839534+00:00,pending,1,68.0,1,True,,True,0.0
F_entry_only_7d_threshold_0_3_6,ebe500fd-27f3-4b76-b3c7-3c31a107d94a,392a03db-0ab2-42c7-bf58-3acde7de9d5d,2026-04-15 16:23:39.686499+00:00,approved,1,3.0,0,True,2.0,False,3.0
F_entry_only_7d_threshold_0_3_6,28adb370-197d-43af-9796-b17d63b7f1c2,a57f0fd6-6977-43c3-86bb-cd34ef2a7a29,2026-04-15 16:57:34.295233+00:00,pending,1,68.0,2,True,,True,0.0
F_entry_only_7d_threshold_0_3_6,797e16cb-5a7d-436e-a40c-38711e6fceab,a57f0fd6-6977-43c3-86bb-cd34ef2a7a29,2026-04-15 19:22:28.708096+00:00,pending,1,68.0,3,True,,True,0.0
F_entry_only_7d_threshold_0_3_6,f8e1029f-e86c-4e40-bb79-31e587ed3113,fd9b7f36-2943-4ceb-b658-83c814782ac3,2026-04-15 19:28:35.317005+00:00,approved,1,18.0,0,True,,True,0.0
F_entry_only_7d_threshold_0_3_6,575a9052-1a64-41e3-ab93-55ea913f9fbc,fd9b7f36-2943-4ceb-b658-83c814782ac3,2026-04-15 19:33:44.402991+00:00,approved,1,18.0,1,True,,True,0.0
F_entry_only_7d_threshold_0_3_6,8770249a-3efc-481a-8c9d-9a08194b803b,392a03db-0ab2-42c7-bf58-3acde7de9d5d,2026-04-15 20:00:33.997771+00:00,approved,1,6.0,1,True,,True,0.0
F_entry_only_7d_threshold_0_3_6,4c12dbdc-d0f0-4c38-83de-451e410e4009,392a03db-0ab2-42c7-bf58-3acde7de9d5d,2026-04-15 20:14:07.943870+00:00,approved,1,6.0,2,True,,True,0.0
F_entry_only_7d_threshold_0_3_6,70596937-62d2-44de-9293-8e44ff0a8e62,392a03db-0ab2-42c7-bf58-3acde7de9d5d,2026-04-15 20:29:02.151173+00:00,approved,1,6.0,3,True,,True,0.0
F_entry_only_7d_threshold_0_3_6,9dfdc66d-bca2-4803-ae0e-17af9366ef0d,fd9b7f36-2943-4ceb-b658-83c814782ac3,2026-04-15 20:42:54.469438+00:00,pending,0,18.0,2,True,,True,0.0
F_entry_only_7d_threshold_0_3_6,04e8ba6e-7d06-4c87-aace-d666892ce7fd,392a03db-0ab2-42c7-bf58-3acde7de9d5d,2026-04-15 21:17:09.115441+00:00,approved,1,6.0,4,True,,True,0.0
F_entry_only_7d_threshold_0_3_6,0301b1e5-9672-4e69-afbb-9b39bd02fa64,a57f0fd6-6977-43c3-86bb-cd34ef2a7a29,2026-04-15 21:31:08.880407+00:00,pending,1,69.0,4,True,,True,0.0
F_entry_only_7d_threshold_0_3_6,225887b4-3e76-4d67-8b13-086514a6413f,a57f0fd6-6977-43c3-86bb-cd34ef2a7a29,2026-04-15 21:45:08.664001+00:00,pending,1,69.0,5,True,,True,0.0
F_entry_only_7d_threshold_0_3_6,1b7bfebd-eff7-452f-9f40-1770f4768d97,392a03db-0ab2-42c7-bf58-3acde7de9d5d,2026-04-15 23:50:20.872751+00:00,approved,1,6.0,5,True,,True,0.0
F_entry_only_7d_threshold_0_3_6,e53cf49e-1029-4bee-940a-d8f0d588ea8b,392a03db-0ab2-42c7-bf58-3acde7de9d5d,2026-04-16 00:23:26.928233+00:00,approved,1,10.0,0,True,,True,0.0
F_entry_only_7d_threshold_0_3_6,859aa600-4177-41ee-b69e-382d93aaf8a0,a57f0fd6-6977-43c3-86bb-cd34ef2a7a29,2026-04-16 00:34:16.656080+00:00,pending,1,71.0,0,True,,True,0.0
F_entry_only_7d_threshold_0_3_6,f6fdb04f-0b04-46a8-a78d-75e6f2788d63,a57f0fd6-6977-43c3-86bb-cd34ef2a7a29,2026-04-16 00:40:26.877376+00:00,pending,1,71.0,1,True,,True,0.0
F_entry_only_7d_threshold_0_3_6,10c45b0d-90a2-49b3-961a-52887e77ff2a,a57f0fd6-6977-43c3-86bb-cd34ef2a7a29,2026-04-16 01:04:04.714100+00:00,pending,1,71.0,2,True,,True,0.0
F_entry_only_7d_threshold_0_3_6,66d22b00-b121-42ff-bc80-07d9a74745f9,a57f0fd6-6977-43c3-86bb-cd34ef2a7a29,2026-04-16 01:16:12.718270+00:00,pending,0,71.0,3,True,,True,0.0
F_entry_only_7d_threshold_0_3_6,5334d367-bd0a-486b-9496-794e260906b7,a57f0fd6-6977-43c3-86bb-cd34ef2a7a29,2026-04-16 01:20:39.584592+00:00,pending,0,71.0,4,True,,True,0.0
F_entry_only_7d_threshold_0_3_6,14c40b60-cfd7-40ba-a519-e965c4562806,a57f0fd6-6977-43c3-86bb-cd34ef2a7a29,2026-04-16 01:26:37.570500+00:00,pending,1,71.0,5,True,,True,0.0
F_entry_only_7d_threshold_0_3_6,a9938e2c-cfc0-4f85-af0e-23f5a7b7c9ba,a57f0fd6-6977-43c3-86bb-cd34ef2a7a29,2026-04-16 01:33:11.612212+00:00,pending,1,71.0,6,True,,True,0.0
F_entry_only_7d_threshold_0_3_6,55f59f23-8154-4b80-bb46-76bf263cff5f,a57f0fd6-6977-43c3-86bb-cd34ef2a7a29,2026-04-16 01:58:17.939640+00:00,pending,1,71.0,7,True,,True,0.0
F_entry_only_7d_threshold_0_3_6,1d8f6210-ebc1-4b1f-a17c-78a5fe7a7dac,a57f0fd6-6977-43c3-86bb-cd34ef2a7a29,2026-04-16 11:29:18.176019+00:00,approved,1,70.0,8,True,,True,0.0
F_entry_only_7d_threshold_0_3_6,aa8ecd86-9859-4ee5-921e-a60c8da5dd85,a57f0fd6-6977-43c3-86bb-cd34ef2a7a29,2026-04-16 11:33:17.473515+00:00,approved,1,70.0,9,True,,True,0.0
F_entry_only_7d_threshold_0_3_6,227f7669-2337-4aaf-b3e2-47c0527d5a87,a57f0fd6-6977-43c3-86bb-cd34ef2a7a29,2026-04-16 11:40:55.155566+00:00,pending,1,70.0,10,True,,True,0.0
F_entry_only_7d_threshold_0_3_6,72fe924a-371c-4bea-a995-ecf2ce1c5cfd,a57f0fd6-6977-43c3-86bb-cd34ef2a7a29,2026-04-16 11:53:12.069332+00:00,pending,1,70.0,11,True,,True,0.0
F_entry_only_7d_threshold_0_3_6,86c05373-b7f0-4a19-b903-306768f90722,a57f0fd6-6977-43c3-86bb-cd34ef2a7a29,2026-04-16 11:56:57.392687+00:00,approved,2,70.0,12,True,,True,0.0
F_entry_only_7d_threshold_0_3_6,456514a4-4913-4827-8d91-ad9b91b9bda3,a57f0fd6-6977-43c3-86bb-cd34ef2a7a29,2026-04-16 11:58:45.017065+00:00,approved,2,70.0,13,True,,True,0.0
F_entry_only_7d_threshold_0_3_6,cce27aa3-ca35-485a-973a-ddc13a6b0425,392a03db-0ab2-42c7-bf58-3acde7de9d5d,2026-04-16 17:35:52.155675+00:00,approved,1,15.0,1,True,,True,0.0
F_entry_only_7d_threshold_0_3_6,e34d20b4-73df-467c-a286-d4a7ce3a3ae1,a57f0fd6-6977-43c3-86bb-cd34ef2a7a29,2026-04-16 20:01:13.160825+00:00,pending,2,69.0,14,True,,True,0.0
F_entry_only_7d_threshold_0_3_6,3a63c04b-d89e-4c96-9891-12cb3fe29f91,a57f0fd6-6977-43c3-86bb-cd34ef2a7a29,2026-04-16 20:26:53.650493+00:00,pending,3,69.0,15,True,,True,0.0
F_entry_only_7d_threshold_0_3_6,83831632-5742-404e-a708-a4f410b143ea,a57f0fd6-6977-43c3-86bb-cd34ef2a7a29,2026-04-16 20:58:15.266001+00:00,pending,2,69.0,16,True,,True,0.0
F_entry_only_7d_threshold_0_3_6,cd74bac3-a1ad-4479-9dd4-e837284cbd7e,a57f0fd6-6977-43c3-86bb-cd34ef2a7a29,2026-04-16 22:15:49.985278+00:00,pending,2,69.0,17,True,,True,0.0
F_entry_only_7d_threshold_0_3_6,c0a85f66-c0d5-41f3-a717-670748d0088b,392a03db-0ab2-42c7-bf58-3acde7de9d5d,2026-04-16 22:29:09.364833+00:00,approved,2,15.0,2,True,,True,0.0
F_entry_only_7d_threshold_0_3_6,ba80fcb6-6e11-4e18-9e08-e8fd714812e0,392a03db-0ab2-42c7-bf58-3acde7de9d5d,2026-04-16 22:33:34.219091+00:00,pending,1,15.0,3,True,,True,0.0
F_entry_only_7d_threshold_0_3_6,87d03fe9-efd7-4768-b1d9-1b661eb8cc2f,392a03db-0ab2-42c7-bf58-3acde7de9d5d,2026-04-16 22:40:57.924456+00:00,pending,2,15.0,4,True,,True,0.0
F_entry_only_7d_threshold_0_3_6,f7628df8-ce1e-45fe-b469-220d3f250dd2,392a03db-0ab2-42c7-bf58-3acde7de9d5d,2026-04-16 22:47:40.614695+00:00,approved,3,15.0,5,True,,True,0.0
F_entry_only_7d_threshold_0_3_6,c8421a3d-cd85-4951-b70e-4f68f8eaa71e,392a03db-0ab2-42c7-bf58-3acde7de9d5d,2026-04-16 22:54:16.871019+00:00,approved,2,15.0,6,True,,True,0.0
F_entry_only_7d_threshold_0_3_6,74c6ae67-f75c-4cdd-b5f3-e9e76a4d426a,392a03db-0ab2-42c7-bf58-3acde7de9d5d,2026-04-16 22:58:07.424834+00:00,approved,4,15.0,7,True,,True,0.0
F_entry_only_7d_threshold_0_3_6,20f70b28-dfac-4228-9122-c615d7bb23d6,392a03db-0ab2-42c7-bf58-3acde7de9d5d,2026-04-16 23:02:16.841255+00:00,approved,2,15.0,8,True,,True,0.0
F_entry_only_7d_threshold_0_3_6,bc1c9483-ba77-435d-aed9-e1990cad7609,a57f0fd6-6977-43c3-86bb-cd34ef2a7a29,2026-04-17 13:57:05.967004+00:00,pending,1,65.0,0,True,,True,0.0
F_entry_only_7d_threshold_0_3_6,5878d3c0-204a-4701-8050-089d53d04803,a57f0fd6-6977-43c3-86bb-cd34ef2a7a29,2026-04-17 14:35:08.883040+00:00,pending,1,65.0,1,True,,True,0.0
F_entry_only_7d_threshold_0_3_6,09487269-ba97-4199-9666-f7385e0ca46f,a57f0fd6-6977-43c3-86bb-cd34ef2a7a29,2026-04-17 18:06:35.193034+00:00,pending,1,65.0,2,True,,True,0.0
F_entry_only_7d_threshold_0_3_6,f1cb12cf-484f-40c0-b762-e822cc14b952,a57f0fd6-6977-43c3-86bb-cd34ef2a7a29,2026-04-17 18:18:35.894494+00:00,pending,3,65.0,3,True,,True,0.0
F_entry_only_7d_threshold_0_3_6,38fca065-b03e-44ce-a1f0-38a28df86325,4ce403f9-c662-4caa-8576-c10e71f01c4b,2026-04-17 19:42:50.478406+00:00,pending,2,26.0,0,True,,True,0.0
F_entry_only_7d_threshold_0_3_6,838f9867-6d6d-4019-afe2-ce01d9b9432d,4ce403f9-c662-4caa-8576-c10e71f01c4b,2026-04-17 19:44:59.822102+00:00,pending,2,26.0,1,True,,True,0.0
F_entry_only_7d_threshold_0_3_6,980ccafe-c454-4903-b2cc-16ed817cd67e,a57f0fd6-6977-43c3-86bb-cd34ef2a7a29,2026-04-17 19:55:15.132300+00:00,pending,2,65.0,4,True,,True,0.0
F_entry_only_7d_threshold_0_3_6,af228821-af4a-4f94-89a7-710e28fcc49f,a57f0fd6-6977-43c3-86bb-cd34ef2a7a29,2026-04-17 20:06:54.978003+00:00,pending,2,61.0,5,True,,True,0.0
F_entry_only_7d_threshold_0_3_6,3580b235-f813-40f5-a638-10b5dc0890c0,a57f0fd6-6977-43c3-86bb-cd34ef2a7a29,2026-04-17 20:17:17.107907+00:00,pending,2,61.0,6,True,,True,0.0
F_entry_only_7d_threshold_0_3_6,1cfe8b08-dd4d-4a82-a836-c9f9a9e106cc,4ce403f9-c662-4caa-8576-c10e71f01c4b,2026-04-17 21:52:15.388621+00:00,pending,3,25.0,2,True,,True,0.0
F_entry_only_7d_threshold_0_3_6,5b955585-b85a-4cec-aaae-2ecaa11d9a9c,a57f0fd6-6977-43c3-86bb-cd34ef2a7a29,2026-04-18 00:15:24.212370+00:00,pending,2,63.0,0,True,,True,0.0
F_entry_only_7d_threshold_0_3_6,584dd41b-7c09-46c0-9c0e-f44188a707cd,a57f0fd6-6977-43c3-86bb-cd34ef2a7a29,2026-04-18 00:27:51.074083+00:00,pending,2,63.0,1,True,,True,0.0
F_entry_only_7d_threshold_0_3_6,fa632f8a-6661-408c-bd7b-b29035dce656,392a03db-0ab2-42c7-bf58-3acde7de9d5d,2026-04-18 02:01:21.134858+00:00,pending,4,18.0,0,True,,True,0.0
F_entry_only_7d_threshold_0_3_6,a0e0cb9c-ce18-4327-a6b3-1846c877281a,392a03db-0ab2-42c7-bf58-3acde7de9d5d,2026-04-18 02:13:03.746119+00:00,approved,2,21.0,1,True,,True,0.0
F_entry_only_7d_threshold_0_3_6,d129c327-56a6-4452-993f-d80b5ca8a6e7,a57f0fd6-6977-43c3-86bb-cd34ef2a7a29,2026-04-18 03:17:24.671702+00:00,pending,1,64.0,2,True,,True,0.0
F_entry_only_7d_threshold_0_3_6,fc89967e-af03-4de0-ac8b-5c81471c29d6,392a03db-0ab2-42c7-bf58-3acde7de9d5d,2026-04-18 14:41:42.285259+00:00,pending,2,22.0,2,True,,True,0.0
F_entry_only_7d_threshold_0_3_6,af6c3b42-1ffc-4188-a335-a3de5af08fae,392a03db-0ab2-42c7-bf58-3acde7de9d5d,2026-04-18 15:15:41.774206+00:00,approved,5,22.0,3,True,,True,0.0
F_entry_only_7d_threshold_0_3_6,cdbd38f6-f2f3-4d46-875a-29c4bb33d40d,392a03db-0ab2-42c7-bf58-3acde7de9d5d,2026-04-18 18:04:18.728856+00:00,approved,2,22.0,4,True,,True,0.0
F_entry_only_7d_threshold_0_3_6,1a060bef-914f-42bf-9899-f86e1ffcd699,ce6e5c8c-b2e1-4acd-89fe-b42fe49a86bc,2026-04-18 18:25:58.517742+00:00,approved,4,21.0,0,True,,True,0.0
F_entry_only_7d_threshold_0_3_6,d597dc05-4f94-4cb0-bebc-34c6effe56c9,4ce403f9-c662-4caa-8576-c10e71f01c4b,2026-04-18 20:28:31.254844+00:00,pending,2,22.0,0,True,,True,0.0
F_entry_only_7d_threshold_0_3_6,190e5cc6-d246-4bb8-9ec3-d320f1a74b11,68094f87-01d0-4966-aae7-21eb452e918d,2026-04-18 23:08:37.198011+00:00,approved,3,9.0,0,True,,True,0.0
F_entry_only_7d_threshold_0_3_6,5cd78345-dbb7-430d-b879-6f028e735930,68094f87-01d0-4966-aae7-21eb452e918d,2026-04-18 23:17:36.316891+00:00,approved,4,9.0,1,True,,True,0.0
F_entry_only_7d_threshold_0_3_6,e49fb55a-021e-4958-8e3f-82227c64b0cc,a57f0fd6-6977-43c3-86bb-cd34ef2a7a29,2026-04-18 23:56:45.621707+00:00,approved,3,54.0,3,True,,True,0.0
F_entry_only_7d_threshold_0_3_6,32191593-d0c7-4536-a046-f0f3da62c0a9,a57f0fd6-6977-43c3-86bb-cd34ef2a7a29,2026-04-19 00:12:47.551636+00:00,pending,3,60.0,0,True,,True,0.0
F_entry_only_7d_threshold_0_3_6,f2c575aa-3534-45be-9db1-498fe9686b5b,a57f0fd6-6977-43c3-86bb-cd34ef2a7a29,2026-04-19 00:21:52.666661+00:00,pending,1,60.0,1,True,,True,0.0
F_entry_only_7d_threshold_0_3_6,42c04f89-150a-4fd5-997f-fcd66b17210e,a57f0fd6-6977-43c3-86bb-cd34ef2a7a29,2026-04-19 00:38:14.828239+00:00,pending,2,57.0,2,True,,True,0.0
F_entry_only_7d_threshold_0_3_6,02b42f60-e086-474f-a6bd-6c4eadea3a4c,4ce403f9-c662-4caa-8576-c10e71f01c4b,2026-04-19 03:25:17.779442+00:00,approved,2,31.0,0,True,,True,0.0
F_entry_only_7d_threshold_0_3_6,44996974-7584-450d-b4a1-db3b522f0e9c,4ce403f9-c662-4caa-8576-c10e71f01c4b,2026-04-19 03:46:24.644515+00:00,pending,1,31.0,1,True,,True,0.0
F_entry_only_7d_threshold_0_3_6,02e8813d-1a1f-43c1-a2db-8c4507020d54,4ce403f9-c662-4caa-8576-c10e71f01c4b,2026-04-19 03:55:23.819416+00:00,pending,1,31.0,2,True,,True,0.0
F_entry_only_7d_threshold_0_3_6,b544b2cf-a659-43ec-acf3-7935c3d2fe6b,4ce403f9-c662-4caa-8576-c10e71f01c4b,2026-04-19 04:23:55.055074+00:00,pending,1,31.0,3,True,,True,0.0
F_entry_only_7d_threshold_0_3_6,f91233a0-d2f7-4f62-99c9-7811d5d8bc0c,4ce403f9-c662-4caa-8576-c10e71f01c4b,2026-04-19 04:30:53.751654+00:00,pending,1,31.0,4,True,,True,0.0
F_entry_only_7d_threshold_0_3_6,3d4a44c7-f4e5-406c-b578-43e865a5b13a,4ce403f9-c662-4caa-8576-c10e71f01c4b,2026-04-19 04:35:43.444196+00:00,pending,2,31.0,5,True,,True,0.0
F_entry_only_7d_threshold_0_3_6,c80e1419-6331-4396-857f-fbb808ac36b2,4ce403f9-c662-4caa-8576-c10e71f01c4b,2026-04-19 04:40:51.246881+00:00,pending,2,31.0,6,True,,True,0.0
F_entry_only_7d_threshold_0_3_6,b5f7a4db-c7bc-4a77-916d-9028301bf5fc,4ce403f9-c662-4caa-8576-c10e71f01c4b,2026-04-19 04:44:44.257879+00:00,approved,2,31.0,7,True,,True,0.0
F_entry_only_7d_threshold_0_3_6,9a9ade01-bd42-42dc-af47-1a9eb309d970,4ce403f9-c662-4caa-8576-c10e71f01c4b,2026-04-19 04:47:24.654038+00:00,approved,2,31.0,8,True,,True,0.0
F_entry_only_7d_threshold_0_3_6,a7ceceb8-b488-49f7-9feb-a8b5220bec57,a57f0fd6-6977-43c3-86bb-cd34ef2a7a29,2026-04-19 12:52:02.015472+00:00,pending,2,52.0,3,True,,True,0.0
F_entry_only_7d_threshold_0_3_6,68f72ef3-3228-4b12-ab9f-fb567650d7cf,a57f0fd6-6977-43c3-86bb-cd34ef2a7a29,2026-04-19 15:43:17.718537+00:00,pending,2,52.0,4,True,,True,0.0
F_entry_only_7d_threshold_0_3_6,cdcb1425-4e88-4a51-a862-003a25f4bcee,a57f0fd6-6977-43c3-86bb-cd34ef2a7a29,2026-04-19 15:47:12.994733+00:00,pending,2,52.0,5,True,,True,0.0
F_entry_only_7d_threshold_0_3_6,bd10d1fc-9736-4278-8a8c-980bb47aca68,392a03db-0ab2-42c7-bf58-3acde7de9d5d,2026-04-19 16:28:37.807544+00:00,pending,0,26.0,0,True,,True,0.0
F_entry_only_7d_threshold_0_3_6,f98aea1f-fa85-44a7-97b2-5406ac7cec09,a57f0fd6-6977-43c3-86bb-cd34ef2a7a29,2026-04-19 19:39:51.380414+00:00,pending,3,52.0,6,True,,True,0.0
F_entry_only_7d_threshold_0_3_6,5d9fbd2f-696a-4382-982a-49b151d26b2c,a57f0fd6-6977-43c3-86bb-cd34ef2a7a29,2026-04-19 23:59:57.800393+00:00,pending,2,52.0,7,True,,True,0.0
F_entry_only_7d_threshold_0_3_6,2926d25c-727a-4376-8f46-2f11706b9308,a57f0fd6-6977-43c3-86bb-cd34ef2a7a29,2026-04-20 14:56:21.637710+00:00,pending,2,46.0,0,True,,True,0.0
F_entry_only_7d_threshold_0_3_6,37fccae0-58a4-4b76-8c99-aba46a5f8d6c,392a03db-0ab2-42c7-bf58-3acde7de9d5d,2026-04-20 15:03:13.561334+00:00,pending,2,29.0,0,True,,True,0.0
F_entry_only_7d_threshold_0_3_6,5935e8aa-6452-47ad-ae59-5f38a1a53268,a57f0fd6-6977-43c3-86bb-cd34ef2a7a29,2026-04-20 17:04:44.923694+00:00,pending,2,49.0,1,True,,True,0.0
F_entry_only_7d_threshold_0_3_6,639809cf-83b5-47ba-a25c-45a0358f7797,a57f0fd6-6977-43c3-86bb-cd34ef2a7a29,2026-04-20 20:07:18.679294+00:00,pending,1,49.0,2,True,,True,0.0
F_entry_only_7d_threshold_0_3_6,89ba2262-f3c5-4742-9f1c-d270433c2dd3,a57f0fd6-6977-43c3-86bb-cd34ef2a7a29,2026-04-20 20:39:03.435082+00:00,pending,1,49.0,3,True,,True,0.0
F_entry_only_7d_threshold_0_3_6,0405fae8-11a4-478b-86e2-ed60e9a4a553,a57f0fd6-6977-43c3-86bb-cd34ef2a7a29,2026-04-20 20:47:39.666781+00:00,pending,1,49.0,4,True,,True,0.0
F_entry_only_7d_threshold_0_3_6,39dd3801-1da4-432e-ae39-58660f1eb025,fd9b7f36-2943-4ceb-b658-83c814782ac3,2026-04-20 21:03:52.061313+00:00,approved,3,18.0,0,True,,True,0.0
F_entry_only_7d_threshold_0_3_6,857572ac-0235-4ee4-9be2-343dca03d4fb,fd9b7f36-2943-4ceb-b658-83c814782ac3,2026-04-20 21:07:15.244606+00:00,approved,3,18.0,1,True,,True,0.0
F_entry_only_7d_threshold_0_3_6,fd6c2eb7-0b67-4cf0-8995-5f833db2de7c,fd9b7f36-2943-4ceb-b658-83c814782ac3,2026-04-20 21:24:46.025928+00:00,approved,2,18.0,2,True,,True,0.0
F_entry_only_7d_threshold_0_3_6,925e6ba8-9a3b-47f5-8267-819fce140b29,392a03db-0ab2-42c7-bf58-3acde7de9d5d,2026-04-20 21:56:01.354668+00:00,pending,0,31.0,1,True,,True,0.0
F_entry_only_7d_threshold_0_3_6,c1b877a0-fc59-4924-a732-d7acb60add21,a57f0fd6-6977-43c3-86bb-cd34ef2a7a29,2026-04-20 22:21:25.228603+00:00,pending,3,49.0,5,True,,True,0.0
F_entry_only_7d_threshold_0_3_6,3ce80d5a-b18d-49df-83d3-1bd8c05b29c8,392a03db-0ab2-42c7-bf58-3acde7de9d5d,2026-04-21 00:25:04.911204+00:00,pending,1,34.0,0,True,,True,0.0
F_entry_only_7d_threshold_0_3_6,bd09e29c-76e6-4948-9ef1-f449a6e32c3d,fd9b7f36-2943-4ceb-b658-83c814782ac3,2026-04-21 02:45:57.447735+00:00,approved,2,24.0,0,True,,True,0.0
F_entry_only_7d_threshold_0_3_6,f6fedc31-c141-42ac-bf7f-768eb1fba166,392a03db-0ab2-42c7-bf58-3acde7de9d5d,2026-04-21 03:26:02.023980+00:00,approved,3,37.0,1,True,,True,0.0
F_entry_only_7d_threshold_0_3_6,d69a4f94-1f5a-4041-89f0-29e5f90a67ab,392a03db-0ab2-42c7-bf58-3acde7de9d5d,2026-04-21 04:09:18.084619+00:00,approved,1,37.0,2,True,,True,0.0
F_entry_only_7d_threshold_0_3_6,c71db8b6-09cb-4491-b83c-0d396bac7a9e,392a03db-0ab2-42c7-bf58-3acde7de9d5d,2026-04-21 04:23:06.806990+00:00,approved,2,37.0,3,True,,True,0.0
F_entry_only_7d_threshold_0_3_6,10c5e7ae-0a82-411a-8935-437970326f9b,392a03db-0ab2-42c7-bf58-3acde7de9d5d,2026-04-21 16:55:45.479127+00:00,pending,1,38.0,4,True,,True,0.0
F_entry_only_7d_threshold_0_3_6,8677f3ed-2a98-478b-bcfa-bda614539b64,392a03db-0ab2-42c7-bf58-3acde7de9d5d,2026-04-21 17:01:47.864082+00:00,pending,0,38.0,5,True,,True,0.0
F_entry_only_7d_threshold_0_3_6,c373da49-ee5f-4e09-a637-f9771a79b52c,392a03db-0ab2-42c7-bf58-3acde7de9d5d,2026-04-21 17:05:26.603280+00:00,pending,0,38.0,6,True,,True,0.0
F_entry_only_7d_threshold_0_3_6,b71e2c04-bca2-4ac2-aee1-f876bf9ec139,392a03db-0ab2-42c7-bf58-3acde7de9d5d,2026-04-21 17:57:02.711606+00:00,pending,0,38.0,7,True,,True,0.0
F_entry_only_7d_threshold_0_3_6,760810ad-f67b-4907-9538-41c07686095c,392a03db-0ab2-42c7-bf58-3acde7de9d5d,2026-04-21 21:13:42.061578+00:00,pending,0,38.0,8,True,,True,0.0
F_entry_only_7d_threshold_0_3_6,5a41911b-3db6-4c2a-8b96-12db217cf850,392a03db-0ab2-42c7-bf58-3acde7de9d5d,2026-04-22 00:02:39.889179+00:00,pending,0,41.0,0,True,,True,0.0
F_entry_only_7d_threshold_0_3_6,41f30708-2e2a-486b-bda8-b990008183b4,392a03db-0ab2-42c7-bf58-3acde7de9d5d,2026-04-22 00:11:18.298241+00:00,pending,0,44.0,1,True,,True,0.0
F_entry_only_7d_threshold_0_3_6,d9b483d8-5193-4f23-99d4-c343f81bb410,392a03db-0ab2-42c7-bf58-3acde7de9d5d,2026-04-22 00:42:56.943524+00:00,pending,1,44.0,2,True,,True,0.0
F_entry_only_7d_threshold_0_3_6,5f00eb22-a793-40f7-b829-0f6b136fe951,392a03db-0ab2-42c7-bf58-3acde7de9d5d,2026-04-22 03:51:05.853886+00:00,pending,0,44.0,3,True,,True,0.0
F_entry_only_7d_threshold_0_3_6,216ce11e-a7d9-45f8-996d-3afe35e36be6,392a03db-0ab2-42c7-bf58-3acde7de9d5d,2026-04-22 15:36:51.417391+00:00,approved,1,44.0,4,True,,True,0.0
F_entry_only_7d_threshold_0_3_6,2c029705-a38a-47a2-94d6-881887522d0b,392a03db-0ab2-42c7-bf58-3acde7de9d5d,2026-04-22 15:49:32.242549+00:00,approved,1,44.0,5,True,,True,0.0
F_entry_only_7d_threshold_0_3_6,7c076b17-8360-4d23-8e52-d83f7a0473ab,a57f0fd6-6977-43c3-86bb-cd34ef2a7a29,2026-04-22 17:01:30.494248+00:00,pending,1,36.0,0,True,,True,0.0
F_entry_only_7d_threshold_0_3_6,bafa397b-8767-4d13-be64-07de8e226d07,392a03db-0ab2-42c7-bf58-3acde7de9d5d,2026-04-22 21:32:25.658050+00:00,pending,-1,41.0,6,True,,True,0.0
F_entry_only_7d_threshold_0_3_6,66b42626-3f13-473c-a9cb-e658335f6b28,392a03db-0ab2-42c7-bf58-3acde7de9d5d,2026-04-22 21:34:43.837084+00:00,approved,2,41.0,7,True,,True,0.0
F_entry_only_7d_threshold_0_3_6,3f13697b-8984-4f68-8007-b58e5c89a281,a57f0fd6-6977-43c3-86bb-cd34ef2a7a29,2026-04-22 23:32:10.106790+00:00,pending,0,38.0,1,True,,True,0.0
F_entry_only_7d_threshold_0_3_6,cefaf20a-a919-42e2-ae46-706c3cfe60c0,fd9b7f36-2943-4ceb-b658-83c814782ac3,2026-04-23 02:17:28.928469+00:00,pending,0,18.0,0,True,,True,0.0
F_entry_only_7d_threshold_0_3_6,f1bb68fb-ea55-4515-814b-5f8d16ce4876,fd9b7f36-2943-4ceb-b658-83c814782ac3,2026-04-23 02:39:02.579148+00:00,pending,1,18.0,1,True,,True,0.0
F_entry_only_7d_threshold_0_3_6,13b37226-3ad0-4175-a391-2245ed0189bd,fd9b7f36-2943-4ceb-b658-83c814782ac3,2026-04-23 02:52:55.161676+00:00,pending,0,18.0,2,True,,True,0.0
F_entry_only_7d_threshold_0_3_6,3035c992-455f-4f6e-9217-c0e883713600,fd9b7f36-2943-4ceb-b658-83c814782ac3,2026-04-23 03:23:13.893026+00:00,pending,1,18.0,3,True,,True,0.0
F_entry_only_7d_threshold_0_3_6,84faab01-303e-4e90-95c4-c1332c456999,fd9b7f36-2943-4ceb-b658-83c814782ac3,2026-04-23 03:32:33.473055+00:00,pending,0,18.0,4,True,,True,0.0
F_entry_only_7d_threshold_0_3_6,39c9b9a1-2c08-455f-bfe5-2dee5a1f2091,fd9b7f36-2943-4ceb-b658-83c814782ac3,2026-04-23 04:17:56.382850+00:00,pending,1,18.0,5,True,,True,0.0
F_entry_only_7d_threshold_0_3_6,a8f4693d-ae2c-4ede-81d6-24da37de6333,392a03db-0ab2-42c7-bf58-3acde7de9d5d,2026-04-23 04:27:46.677841+00:00,pending,0,39.0,0,True,,True,0.0
F_entry_only_7d_threshold_0_3_6,3676fab2-3ba7-40e4-9e50-4b2dda419021,fd9b7f36-2943-4ceb-b658-83c814782ac3,2026-04-23 04:29:15.032854+00:00,pending,1,18.0,6,True,,True,0.0
F_entry_only_7d_threshold_0_3_6,d675590c-30b6-4d08-93d3-c3c3287aa5af,392a03db-0ab2-42c7-bf58-3acde7de9d5d,2026-04-23 04:42:20.720666+00:00,pending,0,42.0,1,True,,True,0.0
F_entry_only_7d_threshold_0_3_6,0e9dc353-e081-4af3-b427-9374dd613f55,392a03db-0ab2-42c7-bf58-3acde7de9d5d,2026-04-23 05:04:33.850263+00:00,pending,1,43.0,2,True,,True,0.0
F_entry_only_7d_threshold_0_3_6,f2f48a46-184a-436b-96ac-68214a69ac1f,a57f0fd6-6977-43c3-86bb-cd34ef2a7a29,2026-04-23 11:03:06.729989+00:00,pending,0,35.0,0,True,,True,0.0
F_entry_only_7d_threshold_0_3_6,14dd599c-1f0f-42db-bbaa-2378626058f9,68094f87-01d0-4966-aae7-21eb452e918d,2026-04-23 12:53:28.648495+00:00,approved,1,14.0,0,True,,True,0.0
F_entry_only_7d_threshold_0_3_6,5d5ec15d-997d-4085-859a-7697821ef619,68094f87-01d0-4966-aae7-21eb452e918d,2026-04-23 12:57:12.311955+00:00,approved,1,14.0,1,True,,True,0.0
F_entry_only_7d_threshold_0_3_6,fbfa501c-b933-4ef8-a9c4-76e4e3d86f10,a57f0fd6-6977-43c3-86bb-cd34ef2a7a29,2026-04-23 13:39:04.289041+00:00,pending,1,37.0,1,True,,True,0.0
F_entry_only_7d_threshold_0_3_6,e0bdd64a-d824-499e-84ea-1beb17f68e41,a57f0fd6-6977-43c3-86bb-cd34ef2a7a29,2026-04-23 13:40:23.558036+00:00,pending,1,37.0,2,True,,True,0.0
F_entry_only_7d_threshold_0_3_6,4e679b0d-0eac-49ef-b9d0-e507c53510e1,a57f0fd6-6977-43c3-86bb-cd34ef2a7a29,2026-04-23 13:53:51.438518+00:00,pending,1,37.0,3,True,,True,0.0
F_entry_only_7d_threshold_0_3_6,11c97a8f-951c-4d17-b936-9e1f36727e03,fd9b7f36-2943-4ceb-b658-83c814782ac3,2026-04-23 14:06:40.933024+00:00,approved,1,18.0,7,True,,True,0.0
F_entry_only_7d_threshold_0_3_6,b4eae83b-1512-4989-bb17-229a33471cf0,fd9b7f36-2943-4ceb-b658-83c814782ac3,2026-04-23 14:18:38.796016+00:00,approved,1,18.0,8,True,,True,0.0
F_entry_only_7d_threshold_0_3_6,9d9f7995-fc23-4438-9343-5b7b64d30ef2,fd9b7f36-2943-4ceb-b658-83c814782ac3,2026-04-23 14:26:18.471395+00:00,pending,0,18.0,9,True,,True,0.0
F_entry_only_7d_threshold_0_3_6,6535ab26-7cc7-4e1a-bcd5-c9ccaf41a0c7,fd9b7f36-2943-4ceb-b658-83c814782ac3,2026-04-23 15:44:47.964355+00:00,approved,0,18.0,10,True,,True,0.0
F_entry_only_7d_threshold_0_3_6,0bc00399-96e9-4634-8cdf-fc6a615b8128,a57f0fd6-6977-43c3-86bb-cd34ef2a7a29,2026-04-23 20:59:27.129002+00:00,approved,1,38.0,4,True,,True,0.0
F_entry_only_7d_threshold_0_3_6,5cf1f5e8-fc0b-4014-a3ec-1290365803cb,a57f0fd6-6977-43c3-86bb-cd34ef2a7a29,2026-04-23 21:09:14.097552+00:00,approved,1,38.0,5,True,,True,0.0
F_entry_only_7d_threshold_0_3_6,b60b327e-7e64-4719-8e86-80a63f9a62e6,392a03db-0ab2-42c7-bf58-3acde7de9d5d,2026-04-23 21:48:26.062181+00:00,rejected,0,39.0,3,True,,True,0.0
F_entry_only_7d_threshold_0_3_6,e40500b1-6382-4d49-ba26-f479ad3f3c7a,392a03db-0ab2-42c7-bf58-3acde7de9d5d,2026-04-23 21:57:03.423844+00:00,pending,0,39.0,4,True,,True,0.0
F_entry_only_7d_threshold_0_3_6,7d1c5441-c973-4308-a1a9-afc452046490,69ce191d-25f7-4ae6-b5fc-26bdc90e84aa,2026-04-23 22:26:40.210131+00:00,pending,0,11.0,0,True,,True,0.0
F_entry_only_7d_threshold_0_3_6,be9840da-6763-4d04-af37-6587408eda67,392a03db-0ab2-42c7-bf58-3acde7de9d5d,2026-04-24 02:00:36.899016+00:00,pending,0,42.0,0,True,,True,0.0
F_entry_only_7d_threshold_0_3_6,d6c07639-0259-4817-a25a-b89c3f82829e,392a03db-0ab2-42c7-bf58-3acde7de9d5d,2026-04-24 02:06:33.619193+00:00,approved,1,44.0,1,True,,True,0.0
